HS Code,Item (Arabic),Duty Rate (%)
0101210000,"خيول حية، أصيلة للأنسال",5
0101290000,خيول حية (غ.م),5
0101300000,حمير حية,5
0101900000,بغال و حمير (نغل) حية (غ.م),5
0102210000,أبقار حية (أصيلة للأنسال),0
0102290000,أبقار حية (عدا الأصيلة للأنسال),0
0102310000,جاموس حي أصيلة للأنسال,0
0102390000,جاموس حي (غ.م),0
0102900000,حيوانات جاموس وأبقار (غ.م),0
0103100000,خنازير حية من فصيلة الخنازير أصيلة للأنسال,5
0103910000,حيوانات حية من فصيلة الخنازير (عدا الأصيلة للأنسال) بوزن < 50 كغ,5
0103920000,حيوانات حية من فصيلة الخنازير (عدا الأصيلة للأنسال) بوزن ≥ 50 كغ,5
0104100000,حيوانات حية من فصيلة الضأن,0
0104200000,حيوانات حية من فصيلة الماعز,0
0105000000,"دواجن من فصيلة جالوس دومستيكوس (بط، أوز، ديك رومي، دجاج)",0
0105110000,دواجن حية وأليفة بوزن ≤ 185غ,5
0105120000,دواجن حية وأليفة بوزن > 185غ,5
0105130000,بط حي وأليف بوزن > 185غ,5
0105140000,أوز حي وأليف بوزن > 185غ,5
0105150000,دجاج غينيا (غ.م) حي وأليف بوزن > 185غ,5
0105940000,دواجن حية وأليفة من فصيلة جالوس دومستيكوس بوزن > 185غ,5
0105990000,بط وأوز وديك رومي ودجاج حي وأليف بوزن > 185غ,5
0106110000,حيوانات حية رئيسية من ثدييات,5
0106120000,حيتان ودلافين وخنازير بحر وفقمات وحيوانات بحرية أخرى,5
0106130000,جمال وحمير وحيوانات أخرى من فصيلة الجمال,5
0106140000,أرانب برية وأرانب أليفة,5
0106190000,حيوانات حية أخرى من ثدييات (غ.م),5
0106200000,زواحف حية (بما فيها الثعابين والسلاحف),5
0106310010,صقور,5
0106310090,طيور جارحة حية,5
0106320000,ببغاوات حية,5
0106330000,"نعام، إيمو (دروميوس نوفايهولاندياي)",5
0106390000,طيور حية أخرى (غ.م),5
0106410000,نحل,5
0106490000,حشرات (غ.م),5
0106900000,حيوانات حية أخرى (غ.م),5
02011000000,"ذبائح كاملة وأنصاف ذبائح, من لحوم فصيلة الأبقار طازجة أو مبردة",0
02012000000,قطع آخر بعظمها من لحوم فصيلة الأبقار طازجة أو مبردة,0
02013010000,اللحوم المفرومة المهيأة بشكل قطع للاستخدام في السندويشات من فصيلة الأبقار طازجة أو مبردة,15
02013090000,"لحوم دون عظام من فصيلة الأبقار, طازجة أو مبردة (غ. م.ك)",0
02021000000,ذبائح كاملة وأنصاف ذبائح من لحوم فصيلة الأبقار مجمدة,0
02022000000,قطع أخر بعظمها من لحوم فصيلة الأبقار مجمدة,0
02023010000,اللحوم المفرومة المهيأة بشكل قطع للاستخدام في السندويشات من فصيلة الأبقار مجمدة,15
02023090000,لحوم دون عظام من فصيلة الأبقار مجمدة (غ. م.ك),0
02031100000,ذبائح كاملة وأنصاف ذبائح من لحوم فصيلة الخنازير طازجة أو مبردة,5
02031200000,أفخاذ وأكتاف وقطعها بعظمها من لحوم فصيلة الخنازير طازجة أو مبردة,5
02031900000,لحوم من فصيلة الخنازير (غ. م.ك) طازجة أو مبردة,5
02032100000,ذبائح كاملة وأنصاف ذبائح من لحوم فصيلة الخنازير مجمدة,5
02032200000,أفخاذ وأكتاف وقطعها بعظمها من لحوم فصيلة الخنازير مجمدة,5
02032900000,لحوم من فصيلة الخنازير (غ. م.ك) مجمدة,5
02041000000,"ذبائح كاملة وأنصاف ذبائح من حملان, طازجة أو مبردة",0
02042100000,"ذبائح كاملة وأنصاف ذبائح من لحوم فصيلة ضأن أخر ( عدا الحملان), طازجة أو مبردة",0
02042200000,قطع آخر بعظمها من لحوم فصيلة الضأن طازجة أو مبردة,0
02042310000,اللحوم المفرومة المهيأة بشكل قطع للاستخدام في السندويشات من فصيلة الضان طازجة أو مبردة,15
02042390000,لحوم دون عظام من فصيلة الضان طازجة أو مبردة (غ.م.ك),5
02043000000,ذبائح كاملة وأنصاف ذبائح من حملان مجمدة,0
02044100000,ذبائح كاملة وأنصاف ذبائح من لحوم فصيلة ضأن أخر (عدا الحملان) مجمدة,0
02044200000,"قطع آخر بعظمها من لحوم فصيلة ضأن أخر (غ.م.ك), مجمدة",0
02044310000,اللحوم المفرومة المهيأة بشكل قطع للاستخدام في السندويشات من فصيلة الضان مجمدة,15
02044390000,"لحوم دون عظام من فصيلة الضان, مجمدة (غ. م.ك)",5
02045000000,لحوم من فصيلة الماعز طازجة أو مبردة أو مجمدة,0
02050000100,لحوم فصائل الخيول و .... طازجة أو مبردة,5
02050000900,لحوم فصائل الخيول والحمير والبغال ... (غ. م.ك),5
02061000000,أحشاء وأطراف صالحة للأكل من فصيلة الأبقار طازجة أو مبردة,5
02062100000,السنة صالحة للأكل من فصيلة الأبقار مجمدة,5
02062200000,أكباد صالحة للأكل من فصيلة الأبقار مجمدة,5
02062910000,أحشاء وأطراف صالحة للأكل.. من فصيلة الأبقار مجمدة المستوردة .. المصانع كمدخلات انتاج,0
02062990000,أحشاء وأطراف صالحة للأكل ( عدا الألسنة و الأكباد من فصيلة الأبقار مجمدة (غ. م.ك),5
02063000000,"أحشاء وأطراف صالحة للأكل من فصيلة الخنازير, طازجة أو مبردة",5
02064100000,أكباد صالحة للأكل من فصيلة الخنازير مجمدة,5
02064900000,أحشاء وأطراف صالحة للأكل ( عدا الأكباد من فصيلة الخنازير مجمدة,5
02068000100,أمعاء غنم صالحة للأكل طازجة أو مبردة,5
02068000900,"أحشاء وأطراف صالحة للأكل, عدا أمعاء غنم من فصيلة الضأن والماعز طازجة أو مبردة",5
02069000100,أمعاء غنم صالحة للأكل مجمدة,5
02069000900,"أحشاء وأطراف صالحة للأكل, عدا أمعاء غنم من فصيلة الضأن والماعز مجمدة",5
02071100000,لحوم غير مقطعة صالحة للأكل من ديوك ودجاجات أليفة طازجة أو مبردة,25
02071200000,لحوم غير مقطعة صالحة للأكل من ديوك ودجاجات أليفة مجمدة,25
02071300000,"لحوم وأحشاء وأطراف, مقطعة صالحة للأكل من ديوك ودجاجات أليفة طازجة أو مبردة",25
02071430000,لحوم و.. مقطعة صالحة للأكل من ديوك .. أليفة مجمدة مستورد.. مصانع كمدخل انتاج بعبوات لا تقل عن كغم7.5,0
02071490000,"لحوم وأحشاء وأطراف, مقطعة صالحة للأكل من ديوك ودجاجات أليفة مجمدة (غ. م.ك)",25
02072400000,"لحوم غير مقطعة صالحة للأكل من حبش, طازجة أو مبردة",5
02072500000,لحوم غير مقطعة صالحة للأكل من حبش مجمدة,5
02072610000,"لحوم وأحشاء وأطراف, مقطعة صالحة للأكل من حبش, طازجة أو مبردة بدون عظم مستورد.. محضرات اللحوم",0
02072690000,"لحوم وأحشاء وأطراف, مقطعة صالحة للأكل من حبش, طازجة أو مبردة (غ. م.ك)",5
02072710000,"لحوم وأحشاء وأطراف, مقطعة صالحة للأكل من حبش, مجمدة بدون عظم مستورد.. محضرات اللحوم",0
02072790000,"لحوم وأحشاء وأطراف, مقطعة صالحة للأكل من حبش, مجمدة (غ. م.ك)",5
02074100000,"لحوم وأحشاء وأطراف غير مقطعة صالحة للأكل من بط, طازجة أو مبردة",5
2074200000,"لحوم وأحشاء وأطراف غير مقطعة صالحة للأكل من بط, مجمدة",5
02074300000,أكباد دسمة صالحة للأكل من بط طازجة أو مبردة,5
02074400000,"لحوم وأحشاء وأطراف, مقطعة صالحة للأكل من بط (غ.م.ك), طازجة أو مبردة",5
02074500000,"لحوم وأحشاء وأطراف, مقطعة صالحة للأكل من بط, مجمدة",5
02075100000,لحوم وأحشاء وأطراف غير مقطعة صالحة للأكل من اوز طازجة أو مبردة,5
02075200000,لحوم وأحشاء وأطراف غير مقطعة صالحة للأكل من اوز مجمدة,5
02075300000,أكباد دسمة صالحة للأكل من اوز طازجة أو مبردة,5
02075400000,"لحوم وأحشاء وأطراف, مقطعة صالحة للأكل من اوز (غ.م.ك), طازجة أو مبردة",5
02075500000,"لحوم وأحشاء وأطراف, مقطعة صالحة للأكل من اوز مجمدة",5
02076010000,لحوم وأحشاء وأطراف غير مقطعة صالحة للأكل من دجاج غينيا ( غرغر) طازجة أو مبردة,5
02076020000,"لحوم وأحشاء وأطراف غير مقطعة صالحة للأكل, من دجاج غينيا ( غرغر) مجمدة",5
02076030000,لحوم وأحشاء وأطراف غير مقطعة صالحة للأكل من دجاج غينيا (غرغر) مجمدة,5
02076040000,"لحوم وأحشاء وأطراف, مقطعة صالحة للأكل من دجاج غينيا (غرغر) مجمدة",5
02081000000,"لحوم وأحشاء وأطراف, صالحة للأكل من أرانب أليفة أو برية طازجة أو مبردة أو مجمدة",5
02083000000,لحوم واحشاء واطراف اخر صالحة للاكل طازجة او مبردة او مجمدة من حيوانات رئيسة,5
02084000000,لحوم واحشاء واطراف اخر صالحة للاكل طازجة او... مجمدة من حيتان.. بحر خراف بحر واطومات عجول.. بحر,5
02085000000,لحوم واحشاء واطراف اخر صالحة للاكل طازجة او مبردة او مجمدة من زواحف,5
02086000000,لحوم واحشاء طازجة او مبردة او مجمدة من جمال و حيوانات اخر من فصيلة الجمال,5
02089000100,لحوم وأحشاء وأطراف أخر صالحة للأكل طازجة أو مبردة أو مجمدة من ....,5
02089000900,لحوم وأحشاء وأطراف أخر صالحة للأكل طازجة أو مبردة أو مجمدة (غ. م.ك),5
02091000000,شحم و دهن خنزير صرف غير مستخلص طازجا أو مبردا أو مجمدا أو مملحا أو في ماء مملح أو مجففا أو مدخنا,5
02099000000,"شحم و دهن طيور دواجن غير مستخلص, طازجا أو مبردا أو مجمدا أو مملحا أو في ماء مملح أو مجففا أو مدخنا",5
02101100000,"أفخاذ وأكتاف خنازير وقطعها بعظمها صالحة للأكل, مملحة أو في ماء مملح, مجففة أو مدخنة",5
02101200000,"صدور خنازير يتخللها شحم وقطعها صالحة للأكل مملحة أو في ماء مملح, مجففة أو مدخنة",5
02101900000,لحوم خنازير صالحة للأكل (غ. م.ك) مملحة أو في ماء مملح مجففة أو مدخنة,5
02102000000,"لحوم من فصيلة الأبقار صالحة للأكل مملحة أو في ماء مملح, مجففة أو مدخنة",5
02109100000,"لحوم وأحشاء وأطراف مملحة .. من حيوانات رئيسية صالحة للأكل, مجففة مدخنة ، دقيق او مساحيق (غ. م.ك)",5
02109200000,"لحوم وأحشاء و .. صالحة للأكل, مملحة أو في ماء مملح من حيتان... خرفان بحرواطومات: عجول بحر وفقمات...",5
02109300000,"لحوم وأحشاء وأطراف (غ. م.ك), صالحة للأكل مجففة از مدخنة او مساحيق اودقيق من زواحف",5
02109900000,"لحوم وأحشاء وأطراف (غ. م.ك) صالحة للأكل, مجففة او مدخنة و دقيق او مساحيق (غ.م.ك)",0
03011100000,أسماك حية نهرية للزينة,5
03011900000,أسماك حية للزينة (غ. م.ك),5
03019100000,أسماك تروتا ( سالموتروتا) حية,0
03019200000,أسماك الأنقليس من نوع أنجويلا الحي,0
03019300000,سمك الشبوط (Cyprinus spp. etc),0
03019400000,تونة الاطلنطي والمحيط الهادي زعانف زرقاء حية,5
03019500000,تونة حمراء ذات زعانف زرقاء جنوبية حية,5
03019900000,أسماك حية أخر (عدا الزينة والتروتة والأنقليس),0
03021100000,أسماك تروتا طازجة أو مبردة,5
03021300000,سلمون محيط هادي طازجة او مبردة,5
03021400000,سلمون الأطلنطي وسلمون الدانوب طازجة أو مبردة,5
03021900000,سلمون آخر طازج أو مبرد,5
03022100000,أسماك قفندر طازجة أو مبردة,0
03022200000,أسماك هو شع طازجة أو مبردة,0
03022300000,أسماك موسى طازجة أو مبردة,0
03022400000,أسماك تربوت طازجة أو مبردة,0
03022900000,أسماك مفلطحة أخر طازجة أو مبردة,0
03023000000,سمك تونة من جنس ثونوس (باستثناء الأحشاء),0
03023100000,أسماك تونه بيضاء طازجة أو مبردة,0
03023200000,أسماك تونه ذات زعانف صفراء طازجة أو مبردة,0
03023300000,سمك تونه وثابه طازجة أو مبردة,0
03023400000,تونة بيج اي طازجة او مبردة,0
03023500000,تونة الاطلنطي والمحيط الهادي زعانف زرقاء طازجة,0
03023600000,تونة بلوفن الجنوبية طازجة او مبردة,0
03023900000,أسماك تونه آخر (غ.م.ك) طازجة أو مبردة,0
03024100000,اسماك الرنجة طازجة او مبردة,0
03024200000,اسماك الانشوفة طازجة او مبردة,0
03024300000,اسماك السردين طازجة او مبردة,0
03024400000,"أسماك الأسقمرى ""ماكريل"" طازجة أو مبردة",0
03024500000,سمك ماكريل صغير وسمك التن طازجة أو مبردة,0
03024600000,أسماك كوبيا طازجة أو مبردة,0
03024700000,اسماك ابو سيف طازجة أو مبردة,0
03024900000,غيرها (طازجة أو مبردة),0
03025100000,أسماك القد طازجة أو مبردة,0
03025200000,أسماك الحدوق طازجة أو مبردة,0
03025300000,سمك أسود طازج أو مبرد,0
03025400000,سمك نازلي طازج أو مبرد,0
03025500000,سمك ألاسكا بولوك طازج أو مبرد,0
03025600000,أسماك القد الازرق طازجة أو مبردة,0
03025900000,أسماك آخر من عائلة برجما سيروتيدا طازجة,0
03027100000,أسماك بلطي طازجة أو مبردة,0
03027200000,أسماك سلور طازجة أو مبردة,0
03027300000,سمك الشبوط طازجة أو مبردة,0
03027400000,سمك الأنقليس من نوع انجويلا طازج أو مبرد,0
03027900000,أسماك من عائلة سمك نهر النيل طازجة أو مبردة,0
03028100000,سمك كلاب البحر والقرش طازجة أو مبردة,0
03028200000,سمك الشفنين البحري طازجة أو مبردة,0
03028300000,اسماك ابو سن طازجة أو مبردة,0
03028400000,اسماك قاروس طازجة او مبردة,0
03028500000,سمك اسبور طازجة او مبردة,0
03028900000,أسماك آخر (باستثناء الأكباد والبيض) طازجة,0
03029100000,أكباد وبيض وغدد تذكير,5
03029200000,زعانف أسماك قرش,5
03029900000,أكباد وبيض وزعانف ورؤوس وذيول (أحشاء),5
03031100000,سلمون سوكي (أحمر) مجمدة,5
03031200000,سلمون محيط هادي مجمدة,5
03031300000,سلمون الأطلنطي وسلمون الدانوب مجمدة,5
03031400000,أسماك تروتا مجمدة,5
03031900000,اسماك فصيلة سلمون المحيط الهادي مجمدة,5
03032300000,أسماك بلطي مجمدة,0
03032400000,أسماك سلور مجمدة,0
03032500000,سمك الشبوط مجمدة,0
03032600000,سمك الأنقليس مجمدة,0
03032900000,أسماك من عائلة سمك نهر النيل مجمدة,0
03033100000,سمك القفندر مجمد,0
03033200000,سمك هو شع مجمد,0
03033300000,أسماك موسى مجمدة,0
03033400000,"أسماك الترس ""تربوت""",0
03033900000,أسماك مفلطحة أخر مجمدة,0
03034100000,سمك تونه بيضاء مجمد,0
03034200000,سمك تونه ذات زعانف صفراء مجمدة,0
03034300000,سمك تونة وثابة مجمد,0
03034400000,تونة بيج اي مجمدة,0
03034500000,تونة الاطلنطي والمحيط الهادي زعانف زرقاء مجمدة,0
03034600000,تونة بلوفن الجنوبية مجمدة,0
03034900000,أسماك تونة آخر مجمدة,0
03035100000,اسماك الرنجة مجمدة,0
03035300000,اسماك السردين مجمدة,0
03035400000,"أسماك الأسقمرى ""ماكريل"" مجمدة",0
03035500000,سمك ماكريل صغير وسمك التن مجمدة,0
03035600000,أسماك كوبيا مجمدة,0
03035700000,اسماك ابو سيف مجمدة,0
03035900000,سمك الانشوجة والسردين مجمد,0
03036300000,أسماك القد مجمدة,0
03036400000,أسماك الحدوق مجمدة,0
03036500000,اسماك سوداء مجمدة,0
03036600000,سمك نازلي مجمدة,0
03036700000,سمك ألاسكا بولوك مجمدة,0
03036800000,أسماك القد الازرق مجمدة,0
03036900000,أسماك أخر من عائلة برجما سيروتيدا مجمدة,0
03038100000,كلاب البحر وغيرها من أسماك القرش مجمدة,0
03038200000,سمك الشفنين البحري مجمدة,0
03038300000,اسماك ابو سن مجمدة,0
03038400000,سمك قاروس مجمدة,0
03038900000,اسماك اخر (غ. م.ك) مجمدة,0
03039100000,أكباد وبيض وغدد تذكير,5
03039200000,زعانف أسماك قرش,5
03039900000,أحشاء الأسماك الصالحة للأكل,5
03043100000,شرائح من أسماك بلطي طازجة أو مبردة,5
03043200000,شرائح أسماك سلور طازجة أو مبردة,5
03043300000,شرائح من أسماك نهر النيل طازجة أو مبردة,5
03043900000,شرائح من سمك الشبوط والأنقليس طازجة أو مبردة,5
03044100000,سلمون اطلنطي ودانوب طازجة او مبردة,5
03044200000,شرائح سمك تروتا طازجة او مبردة,5
03044300000,شرائح سمك مفلطح طازجة او مبردة,5
03044400000,شرائح مفرومة سمك عائلة برجما سيروتيدا طازجة,5
03044500000,شرائح اسماك ابو سيف مفرومة طازجة أو مبردة,5
03044600000,شرائح اسماك ابو سن مفرومة طازجة أو مبردة,5
03044700000,كلب البحر واسماك قرش أخر,5
03044800000,سمك السفنين وسمك السفن,5
03044900000,شرائح غيرها من الأسماك مفرومة طازجة أو مبردة,5
03045100000,سمك سلور وبلطي طازجة او مبردة (غ.م),0
03045200000,لحوم فصيلة السلمون مفرومة طازجة او مبردة,5
03045300000,لحوم سمك عائلة برجما سيروتيدا طازجة,5
03045400000,لحوم اسماك ابو سيف مفرومة طازجة أو مبردة,5
03045500000,لحوم اسماك ابو سن مفرومة طازجة أو مبردة,5
03045600000,كلب البحر وأسماك قرش أخر,5
03045700000,سمك الشفنين وسمك السفن,5
03045900000,لحوم اسماك اخر مفرومة طازجة أو مبردة,5
03046100000,شرائح من أسماك بلطي مجمدة,0
03046200000,شرائح أسماك سلور مجمدة,0
03046300000,شرائح من أسماك نهر النيل مجمدة,0
03046900000,شرائح من سمك الشبوط والأنقليس مجمدة,0
03047100000,شرائح أسماك القد مجمدة,0
03047200000,شرائح أسماك الحدوق مجمدة,0
03047300000,شرائح اسماك اسود مجمدة,0
03047400000,شرائح سمك نازلي مجمدة,0
03047500000,سمك ألاسكا بولاك مجمدة,0
03047900000,شرائح أسماك عائلة برجما سيروتيدا مجمدة,0
03048100000,شرائح سلمون محيط هادي واطلنطي مجمدة,0
03048200000,شرائح سمك تروتا مجمدة,0
03048300000,شرائح سمك مفلطح مجمدة,0
03048400000,شرائح اسماك ابو سيف مفرومة مجمدة,0
03048500000,شرائح اسماك ابو سن مفرومة مجمدة,0
03048600000,شرائح اسماك الرنجة مجمدة,0
03048700000,سمك تونة من جنس ثونوس مجمدة,0
03048800000,كلب البحر والقرش والشفنين,0
03048900000,شرائح اسماك اخر مفرومة مجمدة,0
03049100000,لحوم أسماك ابو سيف مفرومة مجمدة,0
03049200000,لحوم أسماك ابو سن مفرومة مجمدة,0
03049300000,سمك سلور وبلطي وسبوط مجمدة,0
03049400000,سمك ألاسكا بولوك مجمدة,0
03049500000,أسماك من عائلات برجما سيروتيدا وآخرين,0
03049600000,كلب البحر وأسماك قرش أخر,0
03049700000,سمك الشفنين والاسفن,0
03049900000,لحوم اسماك اخر مفرومة مجمدة,0
03052000000,أكباد وبيض وغدد تذكير مجففة أو مملحة,5
03053100000,سمك بلطي وسلور مجففة او مملحة,5
03053200000,شرائح سمك عائلة برجما سيروتيدا مجففة,5
03053900000,شرائح اسماك مجففة او مملحة غير مدخنة,5
03054100000,سلمون محيط هادي واطلنطي مدخنة,5
03054200000,سمك رنجة مدخنة,5
03054300000,اسماك وشرائح تروتا مدخنة,5
03054400000,سمك بلطي وسلور مدخنة,5
03054900000,أسماك مدخنة أخر,5
03055100000,سمك القد مجفف وغير مدخن,5
03055200000,سمك بلطي وسلور (مجفف),5
03055300000,أسماك من عائلات برجما سيروتيدا (مجفف),5
03055400000,سمك رنجة وأنشوجة (مجفف),5
03055900000,أسماك أخر مجففة وغير مدخنة,5
03056100000,سمك رنجة مملح,5
03056200000,سمك القد مملح,5
03056300000,سمك الأنشوجة مملح,5
03056400000,سمك بلطي وسلور وسبوط مملحة,5
03056900000,أسماك أخر مملحة أو في ماء مملح,5
03057100000,زعانف سمك القرش (مجفف/مملح),5
03057200000,رؤوس و ذيول وفكوك اسماك,5
03057900000,زعانف وغيرها من احشاء السمك,5
03061100000,جراد البحر وأشباهه مجمد,5
03061200000,عقارب البحر (لوبستر) مجمدة,5
03061400000,سرطانات ( سلطعون ) مجمدة,5
03061500000,جراد بحر النرويج مجمدة,5
03061600000,ربيان مياه باردة مجمدة,5
03061700000,ربيان ( قريدس أو جمبري ) مجمدة,5
03061900000,قشريات أخر صالحة للاستهلاك مجمدة,5
03063100000,جراد بحر صخري وغيرها,5
03063200000,عقارب بحر أم الربيان,5
03063300100,سرطانات سلطعون او قبقب مجمدة,5
03063300900,سرطانات سلطعون او قبقب (غ. م.ك),5
03063400000,جراد بحر النرويج (Nephrops),5
03063500000,ربيان مياه باردة,5
03063600100,ربيان أخر مجمد,5
03063600900,ربيان أخر (غ.م.ك),5
03063900000,غيرها (قشريات) صالحة للاستهلاك,5
03066400000,جراد بحر النرويج,5
03069100000,جراد بحر (Palinurus etc),5
03069200000,عقارب بحر أم الربيان,5
03069300100,سرطانات سلطعون او قبقب مجمدة,5
03069300900,سرطانات سلطعون او قبقب (غ. م.ك),5
03069400000,جراد بحر النرويج,5
03069500100,ربيان أخر مجمد,5
03069500900,ربيان أخر (غ.م.ك),5
03069900000,غيرها (قشريات مدخنة/مجففة),5
03071100000,محار حي أو طازج أو مبرد,5
03071200000,محار مجمد,5
03071900000,محار مجفف أو مملح,5
03072100000,محار مروحي الشكل حي أو طازج,5
03072200000,محار مروحي الشكل مجمد,5
03072900000,محار مروحي الشكل مجفف أو مملح,5
03073100000,بلح البحر حي أو طازج أو مبرد,5
03073200000,بلح البحر مجمد,5
03073900000,بلح البحر مجفف أو مملح,5
03074200000,حبار وسبيدج حي أو طازج,5
03074300000,حبار وسبيدج مجمد,5
03074900000,حبار و سيبدج مجفف أو مملح,5
03075100000,أخطبوط حي أو طازج أو مبرد,5
03075200000,أخطبوط مجمد,5
03075900000,أخطبوط مجفف أو مملح,5
03076000000,حلزون حي أو طازج أو مبرد,5
03077100000,بطلينوس وكوكل حي أو طازج,5
03077200000,بطلينوس و كوكل مجمدة,5
03077900000,بطلينوس وكوكل أخر,5
03078100000,"اذن البحر ""ابلون"" حي أو طازج",5
03078200000,محار مقاتل حي أو طازج,5
03078300000,"أذن البحر ""ابالون"" مجمدة",5
03078400000,محار مقاتل مجمدة,5
03078700000,"أذن البحر ""ابالون"" أخر",5
03078800000,محار مقاتل أخر,5
03079100000,لا فقريات مائية حية أو طازجة,5
03079200000,لا فقريات مائية مجمدة,5
03079900000,رخويات مائية صالحة للاستهلاك,5
03081100000,خيار البحر حي او طازج أو مبرد,5
03081200000,خيار البحر مجمدة,5
03081900000,خيار البحر أخر,5
03082100000,قنفذ البحر حي او طازج أو مبرد,5
03082200000,قنفذ البحر مجمدة,5
03082900000,قنفذ البحر أخر,5
03083000000,قنديل البحر,5
03089000100,لا فقريات مائية حية طازجة مبردة,5
03089000200,لا فقريات مائية مجمدة,5
03089000900,لا فقريات مائية أخر صالحة للاستهلاك,5
03091000000,دقيق و سميد وكريات من أسماك,5
03099000000,دقیق و سميد وكريات من قشريات ورخويات,5
04011000100,لبن سائل محفوظ غير مركز وغير محلى يحتوي على دسم بنسبة < = 1% وزنا معبأ بعبوات لا تزيد عن 5 كغم,5
04011000200,لبن سائل محفوظ غير مركز وغير محلى يحتوي على دسم بنسبة < = 1% وزنا معباً بعبوات تزيد عن 5 كغم,5
04011000300,ألبان (عدا اللبن السائل المحفوظ غير مركزة وغير محلاة تحتوي على دسم بنسبة % 1وزنا ومعبأة بعبوات لا تزيد عن 5 كغم,5
04011000400,ألبان (عدا اللبن السائل المحفوظ غير مركزة وغير محلاة تحتوي على دسم بنسبة % 1وزنا ومعبأة بعبوات تزيد عن 5 كغم,5
04011000990,"قشدة, غير مركزة وغير محلاة تحتوي على دسم بنسبة لا تزيد عن 1% وزنا",5
04012000100,لبن سائل محفوظ غير مركز وغير محلى يحتوي على دسم بنسبة تزيد عن 1% ولا تتجاوز % 6وزنا معباً بعبوات لا تزيد عن 5 كغم,5
04012000200,لبن سائل محفوظ غير مركز وغير محلى يحتوي على دسم بنسبة تزيد عن %1% ولا تتجاوز % 6وزنا معباً بعبوات تزيد عن 5 كغم,5
04012000300,ألبان (عدا اللبن السائل المحفوظ غير مركزة وغير محلاة تحتوي على دسم بنسبة تزيد عن 1% ولا تتجاوز % 6وزنا معبأة بعبوات لا تزيد عن 5 كغم,5
04012000400,ألبان (عدا اللبن السائل المحفوظ غير مركزة وغير محلاة تحتوي على دسم بنسبة تزيد عن 1% ولا تتجاوز %% 6وزنا معبأة بعبوات تزيد عن 5 كغم,5
04012000990,"قشدة, غير مركزة وغير محلاة تحتوي على دسم بنسبة تزيد عن %1% ولا تتجاوز % 6وزنا",5
04014000100,لبن سائل محفوظ غير مركز وغير محلى يحتوي على دسم بنسبة تزيد عن %% 6ولا تتجاوز % 10وزنا معبأ بعبوات لا تزيد عن 5 كغم,5
04014000200,لبن سائل محفوظ غير مركز وغير محلى يحتوي على دسم بنسبة تزيد عن % 6ولا تتجاوز 10% وزنا معبأ بعبوات تزيد عن 5 كغم,5
04014000300,ألبان (عدا اللبن السائل المحفوظ غير مركزة وغير محلاة تحتوي على دسم بنسبة تزيد عن % 6ولا تتجاوز % 10وزنا معبأة بعبوات لا تزيد عن 5 كغم,5
04014000400,ألبان (عدا اللبن السائل المحفوظ غير مركزة وغير محلاة تحتوي على دسم بنسبة تزيد عن % 6ولا تتجاوز 10% وزنا معبأة بعبوات تزيد عن 5 كغم,5
04014000990,"قشدة, غير مركزة وغير محلاة تحتوي على دسم بنسبة تزيد عن % 6ولا تتجاوز 10% وزنا",5
04015000100,لبن سائل محفوظ غير مركز وغير محلى يحتوي على دسم بنسبة تتجاوز 10% وزنا معبأ بعبوات لا تزيد عن 5 كغم,5
04015000200,لبن سائل محفوظ غير مركز وغير محلى يحتوي على دسم بنسبة تتجاوز 10% وزنا معباً بعبوات تزيد عن 5 كغم,5
04015000300,ألبان (عدا اللبن السائل المحفوظ غير مركزة وغير محلاة تحتوي على دسم بنسبة تتجاوز % 10وزنا معبأة بعبوات لا تزيد عن 5 كغم,5
04015000400,ألبان (عدا اللبن السائل المحفوظ غير مركزة وغير محلاة تحتوي على دسم بنسبة تتجاوز % 10وزنا معبأة بعبوات تزيد عن 5 كغم,5
04015000990,"قشدة, غير مركزة وغير محلاة تحتوي على دسم بنسبة تتجاوز %10",5
04021020000,حليب مسحوق محلى أو غير محلى بنسبة دسم 1.5% وزنا وبعبوات محكمة الغلق بسعة 3 كغ,0
04021090100,حليب مسحوق محتوي على نسبة دسم لا تزيد عن 1.5% وزناً معباً بعبوات تزيد عن 3 كغم ولا تتجاوز كغم5,0
04021090200,حليب مسحوق محتوي على نسبة دسم لا تزيد عن 1.5% وزناً معبأ بعبوات تزيد عن 5 كغم,0
04021090900,ألبان وقشدة مركزة أو محلاة بشكل مسحوق أو حبيبات أو أشكال صلبة أخر (غ. م.ك) وبنسبة دسم 1.5% وزنا,0
04022120100,"ألبان مركزة لا تحتوي على... بشكل مسحوق أو ... 1.5% وزنادسم, في عبوات.. لا تزيد عن (3) كيلو غرام",0
04022120900,"قشدة مركزة لا تحتوي على... بشكل مسحوق أو ..1.5% وزنادسم, في.. عبوات لا تزيد عن (3) كيلو غرام",0
04022190100,حليب مسحوق محتوي على نسبة دسم تزيد عن 1.5% وزناً لا يحتوي على سكر مضاف معبأ بعبوات تزيد عن 3 كغم ولا تتجاوز 5 كغم,0
04022190200,حليب مسحوق محتوي على نسبة دسم تزيد عن 1.5% وزناً لا يحتوي على سكر مضاف معبأ بعبوات تزيد عن 5 كغم,0
04022190900,قشدة مركزة لا تحتوي على مواد تحلية بشكل مسحوق أو .. تحتوي > 1.5% وزنا دسم ( غ م ك ),0
04022920100,ألبان مركزة بشكل مسحوق .. تحتوي على دسم تزيد عن 1.5% وزنا (غ. م.ك) في عبوات.. لا تزيد عن (3) كيلو,0
04022920900,قشدة مركزة بشكل مسحوق .. تحتوي دسم تزيد عن 1.5% وزنا (غ. م.ك) في عبوات.. لا تزيد عن (3) كيلو,0
04022990100,حليب مسحوق محتوي على نسبة دسم تزيد عن 1.5% وزناً يحتوي سكر مضاف معبأ بعبوات تزيد عن 3 كغم ولا تتجاوز 5 كغم,0
04022990200,حليب مسحوق محتوي على نسبة دسم تزيد عن 1.5% وزناً يحتوي سكر مضاف معبأ بعبوات تزيد عن 5 كغم,0
04022990900,قشدة مركزة بشكل مسحوق .. تحتوي على نسبة من الدسم تزيد عن 1.5% وزنا (غ. م.ك)),0
04029100100,حليب مسحوق (غ. م.ك) لا يحتوي على سكر مضاف معبأ بعبوات تزيد عن 3 كغم ولا تتجاوز 5 كغم,5
04029100200,حليب مسحوق (غ. م.ك) لا يحتوي على سكر مضاف معبأ بعبوات تزيد عن 5 كغم,5
04029100900,قشدة مركزة (غ. م.ك) لا تحتوي على سكر مضاف أو أي مواد تحلية أخر,5
04029900100,حليب مسحوق (غ. م.ك) يحتوي على سكر مضاف معباً بعبوات تزيد عن 3 كغم ولا تتجاوز 5 كغم,5
04029900200,حليب مسحوق (غ.م.ك) يحتوي على سكر مضاف معبأ بعبوات تزيد عن 5 كغم,5
04029900900,قشدة مركزة (غ.م.ك) تحتوي على سكر مضاف أو أي مواد تحلية أخر,5
04032000100,لبن رائب (زبادي) محتوي على فواكه أو منكة بالفواكه,25
04032000900,لبن رائب (زبادي) (غ.م.ك),25
04039010000,جميد,15
04039090000,مخيض وألبان وقشدة ( عدا اللبن الرايب والجميد مخثرة أو مخمرة أو محمضة,25
04041000000,مصل اللبن و مصل اللبن المعدل وإن كان مركزا أو محتويا على سكر مضاف او على مواد تحلية آخر,0
04049000000,منتجات مكونة من عناصر حليب طبيعية وإن كانت محلاة (غ. م.ك),0
04051000000,زبد,0
04052000000,ألبان قابلة للدهن,0
04059000000,"مواد دسمة آخر مشتقة من الحليب, عدا الزبدة والألبان القابلة للدهن)",5
04061000000,جبن طازج (مخثر أو غير مخمر,0
04062000000,أجبان مبشورة أو بشكل مسحوق من جميع الأنواع,0
04063000000,أجبان معالجة غير مبشورة ولا بشكل مسحوق,0
04064000000,أجبان ذات عروق زرقاء واجبان اخر محتوية على عروق منتجة بواسطة بنسيليوم روكيفورتي,0
04069010000,جبنة الشيدر المستوردة بعبوات غير مهيأة للبيع بالتجزئة المستودة .. المصانع المرخصة لإنتاج الأجبان,0
04069090000,أجبان أخر (غ. م.ك),0
04071100000,بيض طيور بقشرة طازج او محفوظ ملقح للتفريخ من دجاج نوع جالوس دومستيكوس,5
04071900000,بيض طيور بقشرة طازج او محفوظ ملقح للتفريخ من دجاج اخر (غ. م.ك),5
04072110000,بيض طيور بقشرة طازج اخر من دجاج نوع جالوس دومستيكوس لصناعة اللقاحات البيطرية,0
04072190000,بيض طيور بقشرة طازج اخر من دجاج نوع جالوس دومستيكوس (غ.م.ك),15
04072910000,بيض طيور بقشرة طازج من دجاج اخر لصناعة اللقاحات البيطرية (غ.م.ك),0
04072990000,بيض طيور بقشرة طازج من دجاج اخر (غ. م.ك),5
04079010000,بيض طيور بقشرة طازج او محفوظ او مطبوخ من دجاج اخر لصناعة اللقاحات البيطرية (غ. م.ك),0
04079090000,بيض طيور بقشرة طازج او محفوظ او مطبوخ من دجاج اخر (غ.م.ك),5
04081100000,صفار بيض (مح) مجفف,0
04081900000,صفار بيض (مح) طازج أو مجمد او مسلوق بالماء أو مطبوخ,5
04089100000,بيض طيور بدون قشره مجفف,0
04089900000,بيض طيور أخر بدون قشره طازج أو مجمد,5
04090040000,"عسل طبيعي، المستورد من قبل المصانع كمدخلات انتاج",0
04090090000,"عسل طبيعي, (غ. م.ك)",5
04100000000,منتجات صالحة للأكل من أصل حيواني (غ. م.ك),5
04101010000,حشرات صالحة للأكل طازجة او مبردة أو مجمدة,5
04101020000,"حشرات صالحة للاكل مملحة او في ماء مملح ، أو مجففة او مدخنة ؛ دقيق وسميد",5
04101090000,حشرات صالحة للأكل غير تلك الطازجة او مبردة او مجمدة,5
04109000000,منتجات أخر صالحة للأكل من أصل حيواني ( عدا الحشرات),5
04091000000,"دقيق و سميد وكريات مكتلة من أسماك ، صالحة للاستهلاك البشري",5
04099000000,دقیق و سميد وكريات مكتلة من قشريات ورخويات,5
05010000000,شعر بشري خام وفضلات الشعر البشري,5
05021000000,شعر خنزير وشعر خنزير بري وفضلاته,5
05029000000,وبر غرير وغيره من أوبار أصناف الفراجين (الفرش) وفضلاتها,5
05040000000,مصارين ومثانات ومعد حيوانات (عدا الأسماك) كاملة أو قطع طازجة او مبردة او مجمدة أو مملحة أو مدخنة,0
05051000000,"ريش طيور من الأنواع المستخدمة في الحشو زغب، خام أو لم يجر حفظها",0
05059000000,جلود طيور وأجزاء أخر من طيور (غ. م.ك) خام أو لم يجر حفظها؛ نفايات ريش أو أجزاء ريش,5
05061000000,عظمين (بروتين عظام أو عظام معالجة بحمض),5
05069000000,"عظام وأروم قرون، خام أو منزوع الدهن أو الهلام؛ نفايات ومساحيق هذه المنتجات",5
05071000000,عاج ومساحيقة ونفاياته,5
05079000000,ذبل سلحفاة وصفيحات فك الحوت أو ثديات بحرية وقرون ومناقير أخر خام او محضرة أو مساحيقها,5
05080000000,"مرجان، أصداف رخويات أو قشريات أو قنفديات بحرية (عدا الفارغة) وعظام حبار خام أو مساحيقها وفضلاتها",5
05100000000,عنبر أشهب طيب القندس زباد ومسك ذراريح صفراء غدد ومنتج حيواني آخر طازجة أو مبردة أو مجمدة,5
05111000000,مني ذكور الابقار,5
05119110000,بيض الأسماك الملقح المعد للتفريخ,5
05119120000,نفايات أسماك,5
05119190000,منتجات أسماك أو رخويات أو قشريات أو لافقاريات مائية أخر؛ حيوانات ميتة من الفصل 3 (غ.م.ك),5
05119910000,بيض دودة الحرير (القز),5
05119920000,دودة القرمز والقرمز الحيواني,5
05119930000,أجنة عجول,5
05119940000,مسحوق دم دواجن,5
05119950000,شعر خيل وفضلاته وإن كانت بشكل طبقات على حامل أو بدونه,5
05119960000,اسفنج طبيعي من أصل حيواني,0
05119990000,"منتجات حيوانية أخر (غ. م.ك)، حيوانات ميتة من الفصل (1) أو (3) غير صالحة للاستهلاك البشري",5
06011000000,بصيلات وبصلات ودرنات وجذور درنية وبصلية وسيقان أرضية جذامير أو ريزومات راقدة,5
06012010000,نباتات وجذور الهندباء (شيكوريا),5
06012090000,بصيلات وبصلات ودرنات وجذور درنية وبصلية وسيقان أرضية (جذامير أو ريزومات) منبتة أو مزهرة,5
06021000000,فسائل وعقل غير مجذرة,5
06022000000,"أشجار وجنبات وشجيرات فواكه وثمار صالحة للاكل، مطعمة أم لا",5
06023020000,"أشتال أزهار القطف لغايات الاكثار من جنبات وردية وصحراوية، مطعمة أم لا",5
06023030000,نباتات زينة أخر (غ. م.ك) من جنبات وردية أو صحراوية مطعمة أم لا,5
06023090000,"جنبات وردية وصحراوية أخر، مطعمة أم لا",5
06024010000,"أشتال أزهار القطف لغايات الإكثار من ورود، مطعمة أم لا",5
06024090000,ورود مطعمة أم لا (عدا أشتال الأزهار لغايات الإكثار),5
06029020000,أشتال أزهار القطف لغايات الإكثار من نباتات حية أخر (غ.م.ك),5
06029030000,نباتات زينة آخر (غ. م.ك),5
06029040000,بياض الفطر,0
06029090000,نباتات حية أخر (غ. م.ك) (بما فيها جذورها),5
06031100000,"ورود، للباقات أو للتزيين، نضرة",5
06031200000,"قرنفل، للباقات أو للتزيين، نضرة",5
06031300000,"اوركيدا (سحلبية)، للباقات أو للتزيين، نضرة",5
06031400000,"اقحوان، للباقات أو للتزيين، نضرة",5
06031500000,"زنبق (ليليوم) للباقات أو للتزيين، نضرة",5
06031900000,"أزهار وبراعم أزهار للباقات أو للتزيين، نضرة، (غ.م.ك)",5
06039000000,"أزهار وبراعم أزهار للباقات أو للتزيين، يابسة أو مبيضة أو مصبوغة أو محضرة بطريقة أخرى",5
06042000000,أغصان وارقة وأوراق وأفنان وأجزاء نباتات أخر دون براعم أو أزهار للباقات أو للزينة نضرة,5
06049000000,أغصان وارقة وأوراق وأفنان وأجزاء نباتات أخر للباقات أو للزينة (غ. م.ك),5
07011000000,تقاوي بطاطا للزرع,5
07019011000,"بطاطا أخر, طازجة أو مبردة للفترة من 31/11/11 ، البطاطا التصنيعية المستوردة من قبل مصانع تصنيع الشيبس كمدخل إنتاج",0
07019019000,"بطاطا أخر, طازجة أو مبردة للفترة من /11--3111/، (غ.م.ك)",15
07019091000,"بطاطا أخر, طازجة أو مبردة (غ.م.ك)، البطاطا التصنيعية المستوردة من قبل مصانع تصنيع الشيبس كمدخل إنتاج",0
07019099000,"بطاطا أخر, طازجة أو مبردة (غ.م.ك)",25
07020000000,"بندورة (طماطم)، طازجة أو مبردة",25
07031020000,تقاوي بصل (قنار) للزرع,5
07031030000,بصل اخر طازج او مبرد,25
07031090000,"عسقلان, طازج أو مبرد",5
07032000100,تقاوي الثوم,25
07032000900,غيرها (ثوم),25
07039000000,كرات وخضار ثومية أخر (غ. م.ك) طازجة أو مبردة,5
07041000000,قرنبيط وقرنبيط بروكلي صالح للأكل طازج أو مبرد,15
07042000000,كرنب بروكسل صالح للأكل طازج أو مبرد,25
07049000100,ملفوف صالح للأكل طازج أو مبرد,25
07049000900,كرنب وملفوف وقرنبيط أخر وخضر مماثلة صالحة للأكل من جنس براسيكا طازجة أو مبردة,25
07051100000,خس مكبب طازج أو مبرد,25
07051900000,خس أخر طازج أو مبرد ( عدا الخس المكبب),25
07052100000,هندباء (شيكوري) وتلوف طازجة أو مبردة,25
07052900000,"هندباء (شيكوري) ( عدا هندباء وتلوف), طازجة أو مبردة",25
07061000100,"جزر, طازج أو مبرد",15
07061000900,لفت بقلي طازج أو مبرد,15
07069000100,فجل صالح للاكل طازج أو مبرد,25
07069000200,شوندر (بنجر) للسلطة صالح للاكل طازج أو مبرد,25
07069000300,كرفس لفتي صالح للاكل طازج أو مبرد,25
07069000900,جذور مماثلة صالحة للأكل طازجة أو مبردة (غ.م.ك),25
07070000000,"خیار و قثاء و خيار صغير محبب، طازجة أو مبردة",25
07081000000,بازلاء (بيسوم ساتيفوم) طازجة أو مبردة,25
07082000100,"لوبياء (فيجينا, فاسولوس), طازجة أو مبردة",25
07082000900,"فاصولياء (فيجينا فاسولوس), طازجة أو مبردة",25
07089000100,فول طازجة أو مبردة,25
07089000200,باميا طازجة أو مبردة,25
07089000900,بقول قرنية أخر (غ. م.ك) طازجة أو مبردة,25
07092000000,هليون طازج أو مبرد,15
07093000000,"باذنجان, طازج أو مبرد",25
07094000000,"كرفس ( عدا الكرفس اللفتي), طازج أو مبرد",25
07095100000,"فطور من جنس اجاريكوس, طازجة أو مبردة",15
07095200000,فطور من جنس بوليتوس,15
07095300000,فطور من جنس كنثار يلوس,15
07095400000,شيتاكي (النتينوس إيدودس),15
07095500000,ماتسوتاكي (تريكولوما ماتسوتيك...),15
07095600000,كمأة (من نوع تيوبر),25
07095910000,كمأة طازجة أو مبردة (أخرى),25
07095990000,"فطور (غ. م.ك), طازجة أو مبردة",15
07096000000,فليفلة أو فلفل ثمار من جنس كابسيكوم أو من جنس بيمنتا طازجة أو مبردة,25
07097000000,"سبانخ و سبانخ نيوزيلاندي, وسبانخ كبيرة الورق (سبانخ الحدائق), طازجة أو مبردة",25
07099100000,ارضي شوكي (خرشوف) طازجة أو مبردة,15
07099200000,زيتون طازجة أو مبردة,15
07099300000,"يقطين وقرع (كيوكربيتا), طازجة أو مبردة",15
07099900000,"خضروات أخر (غ.م.ك), طازجة أو مبردة",15
07101000100,بطاطا غير مطبوخة أو غير مسلوقة مجمدة,5
07101000900,بطاطا مطبوخة أو مسلوقة مجمدة,5
07102100100,بازلاء ( بيسوم ساتيفوم) غير مطبوخة أو غير مسلوقة مجمدة,15
07102100900,بازلاء ( بيسوم ساتيفوم) مطبوخة أو مسلوقة مجمدة,15
07102200100,"لوبياء وفاصولياء (فيجينا, فاسولوس) غير مطبوخة أو غير مسلوقة مجمدة",5
07102200900,لوبياء وفاصولياء (فيجينا فاسولوس) مطبوخة أو مسلوقة مجمدة,5
07102900110,حمص غير مطبوخة أو غير مسلوقة مجمدة,5
07102900190,بقول قرنية أخر (غ. م.ك) غير مطبوخة أو غير مسلوقة مجمدة,5
07102900910,حمص أخر (غ. م.ك) مطبوخة أو مسلوقة مجمدة,5
07102900990,بقول قرنية أخر (غ. م. ك ) مطبوخة أو مسلوقة مجمدة,5
07103000100,"سبانخ... غير مطبوخة أو مسلوقة, مجمدة",25
07103000900,سبانخ... مطبوخة أو مسلوقة مجمدة,25
07104010000,ذرة حلوة غير الجاهزة للبيع بالتجزئة (20 كغم فأكثر للمصانع),0
07104090100,ذرة حلوة غير مطبوخة أو غير مسلوقة مجمدة,15
07104090900,ذرة حلوة مطبوخة أو مسلوقة مجمدة,15
07108000110,فطور وكمأة وبصل وكرات ثومية... غير مطبوخة أو غير مسلوقة مجمدة,5
07108000120,ورق عنب غير مطبوخ أو غير مسلوق (مجمدة),5
07108000190,خضر أخر (غ. م.ك) غير مطبوخة أو غير مسلوقة مجمدة,5
07108000900,خضر آخر (غ. م.ك) مطبوخة أو مسلوقة مجمدة,5
07109000100,خليط من خضر غير مطبوخ أو غير مسلوق مجمد,5
07109000900,خليط من خضر مطبوخ أو مسلوق مجمد,5
07112000000,زيتون محفوظ مؤقتا غير صالح للإستهلاك المباشر,25
07114000000,خيار وقثاء وخيار صغير محبب محفوظ مؤقتا غير صالح للإستهلاك المباشر,25
07115100000,فطور من جنس أجاريكوس (محفوظ مؤقتاً),0
07115900000,"غيرها، عدا فطور من جنس اجاريكوس (محفوظ مؤقتاً)",0
07119010000,بطاطا (محفوظة مؤقتاً),5
07119020000,بصل محفوظة مؤقتا ...... غير صالحة بحالتها هذه للإستهلاك المباشر,0
07119090000,غيرها (خضر محفوظة مؤقتاً),0
07122000000,"بصل ( مجففة، كاملة أو مقطعة ... ولكن غير محضرة بطريقة أخرى)",0
07123100000,فطور من جنس أجاريكوس (مجففة),0
07123200000,فطور من جنس اوريكولاريا (مجففة),0
07123300000,فطور هلامية من جنس تيرميلا (مجففة),0
07123400000,شيتاكي (النتينوس إيدودس) (مجففة),5
07123900000,غيرها (فطور مجففة),0
07129010000,ذرة مجففة كاملة أو مقطعة... ولكن غير محضرة بطريقة أخرى,5
07129090000,خضر أخر (غ. م. ك ) وخليط خضار مجففة ...,0
07131020000,"بازلاء (بيسوم ساتيفوم يابسة, مقشورة, للبذار)",0
07131090100,بازلاء يابسة ومقشورة (سائبة),0
07131090200,بازلاء يابسة ومقشورة (عبوات <= 50 كغم),0
07131090900,بازلاء (غ.م.ك),0
07132020000,حمص يابس ( جار بانزوز ) للبذار,0
07132090100,حمص يابس (سائبة),0
07132090200,حمص يابس (عبوات <= 50 كغم),0
07132090900,حمص يابس (غ. م.ك),0
07133100100,لوبيا او فاصوليا من نوع ( فيجنا مانجو هيبر... يابسة ومقشرة),0
07133100200,لوبيا او فاصوليا ... (عبوات <= 50 كغم),0
07133100900,لوبيا او فاصوليا ... (غ.م.ك),0
07133200100,لوبيا أو فاصوليا حمراء صغيرة (أدزوكي)... (سائبة),0
07133200200,لوبيا أو فاصوليا حمراء صغيرة (أدزوكي)... (عبوات <= 50 كغم),0
07133200900,لوبيا أو فاصوليا حمراء صغيرة (أدزوكي)... (غ.م.ك),0
07133300100,لوبياء وفاصولياء عادية ( فاسوليوس فولجاريس)... (سائبة),0
07133300200,لوبياء وفاصولياء عادية... (عبوات <= 50 كغم),0
07133300900,لوبيا أو فاصوليا عادية... (غ. م.ك),0
07133400100,لوبياء او فاصوليا بامبارا... (سائبة),0
07133400200,لوبياء او فاصوليا بامبارا... (عبوات <= 50 كغم),0
07133400900,لوبياء او فاصوليا بامبارا... (غ.م.ك),0
07133500100,لوبيا (فيجنا أنجويكيولاتا)... (سائبة),0
07133500200,لوبيا (فيجنا انجويكيولاتا)... (عبوات <= 50 كغم),0
07133500900,لوبيا (فيجنا انجويكيولاتا)... (غ. م.ك),0
07133900100,لوبياء وفاصولياء يابسة ومقشورة (أخرى - سائبة),0
07133900200,لوبياء وفاصولياء يابسة ومقشورة (أخرى - عبوات <= 50 كغم),0
07133900900,لوبياء وفاصولياء يابسة ومقشورة (أخرى - غ. م.ك),0
07134020000,عدس يابس ومقشور للبذار,0
07134090100,عدس يابس ومقشور (سائبة),0
07134090200,عدس يابس ومقشور (عبوات <= 50 كغم),0
07134090900,عدس يابس ومقشور (غ. م.ك),0
07135000100,فول عريض وفول صغير يابس ومقشور (سائب),0
07135000200,فول عريض وفول صغير يابس ومقشور (عبوات <= 50 كغم),0
07135000900,فول عريض وفول صغير يابس ومقشور (غ.م.ك),0
07136020000,بازلاء هندية (كاجانوس كاجان) يابسة ومقشورة للبذار,0
07136090100,بازلاء هندية ... (سائبة),0
07136090200,بازلاء هندية ... (عبوات <= 50 كغم),0
07136090900,بازلاء هندية ... (غ.م.ك),0
07139020000,بقول قرنية (غ. م.ك) يابسة ومقشورة للبذار,0
07139090100,بقول قرنية يابسة ومقشورة (سائبة),0
07139090200,بقول قرنية يابسة ومقشورة (عبوات <= 50 كغم),0
07139090900,بقول قرنية يابسة ومقشورة (غ.م.ك),0
07141000100,جذور المنيهوط الطازجة أو المبردة,5
07141000900,"جذور المنيهوط, مجمدة أو مجففة, كاملة أو مقطعة أو بشكل مكتلات",5
07142000100,بطاطا حلوة بشكل مكتلات,25
07142000910,بطاطا حلوة طازجة أو مبردة كاملة أو مقطعة عدا المكتلات,25
07142000990,بطاطا حلوة مجففة او مجمدة كاملة أو مقطعة عدا المكتلات,25
07143000100,يام (ديسكوريا) طازجة أو مبردة...,5
07143000900,"یام (ديسكوريا), مجففة أو مجمدة...",5
07144000100,"قلقاس (كولكاسيا), طازجة أو مبردة...",25
07144000900,"قلقاس (كولكاسيا), مجففة أو مجمدة...",25
07145000100,"يوتيتا (زنثوسوما), طازجة أو مبردة...",5
07145000900,"يوتيتا (زنثوسوما), مجففة أو مجمدة...",5
07149000100,"جذور ودرنات غزيرة النشاء أو الاينولين (غ. م.ك), بشكل مكتلات",5
07149000910,"جذور و درنات أخر ... طازجة, كاملة أو مقطعة (لب النخل الهندي)",5
07149000990,جذور ودرنات أخر ... مجففة كاملة أو مقطعة (لب النخل الهندي),5
08011100000,جوز الهند (نارجيل) مجفف,0
08011200000,"جوز الهند (نارجيل) بقشرته الداخلية (اندوكارب), طازج",5
08011900000,جوز الهند (نارجيل) طازج,5
08012100100,جوز البرازيل بقشره طازج,0
08012100900,جوز البرازيل بقشره مجفف,0
08012200100,"جوز البرازيل الطازج, مقشر",0
08012200900,"جوز البرازيل المجفف, مقشر",0
08013100000,جوز الكاجو بقشره,0
08013200100,جوز الكاشو لوز هندي طازج مقشر,0
08013200900,جوز الكاشو لوز هندي) مقشر (غ. م.ك),0
08021100100,"لوز طازج, بقشره",0
08021100900,"لوز, بقشره (غ.م.ك)",0
08021200100,لوز مقشر طازج,0
08021200900,لوز مقشر (غ. م.ك),0
08022100100,بندق بقشره من نوع كوريلوس طازج,0
08022100900,بندق بقشره من نوع كوريلوس) (غ.م.ك),0
08022200100,بندق مقشر من نوع كوريلوس طازج,0
08022200900,بندق مقشر من نوع كوريلوس) (غ.م.ك),0
08023100100,جوز عادي ( جوز القلب بقشره طازج,0
08023100900,جوز عادي (جوز القلب) بقشره (غ.م.ك),0
08023200100,جوز عادي مقشر طازج,0
08023200900,جوز عادي مقشر (غ.م.ك),0
08024100100,كستناء (كاستانيا) طازجة بقشره,5
08024100900,"كستناء (كاستانيا), مجففة بقشره",5
08024200100,"كستناء (كاستانيا), طازجة, مقشر",5
08024200900,"كستناء (كاستانيا), مجففة, مقشر",5
08025100100,"فستق حلبي) طازج, بقشره",0
08025100900,فستق حلبي) مجفف بقشره,0
08025200100,"فستق حلبي) طازج, مقشر",0
08025200900,"فستق حلبي) مجفف, مقشر",0
08026100100,"جوز ماكاديما, طازج, بقشره",0
08026100900,"جوز ماكاديما, مجفف, بقشره",0
08026200100,"جوز ماكاديما, طازج, مقشر",0
08026200900,"جوز ماكاديما, مجفف, مقشر",0
08027000100,"جوز الكولا (كولا), طازج بقشره او بدون",0
08027000900,"جوز الكولا (كولا), مجفف بقشره او بدون",0
08028000100,"جوز اريكا, طازج بقشره او بدون",0
08028000900,"جوز اريكا, مجفف بقشره او بدون",0
08029100100,صنوبر بقشره طازج,5
08029100900,صنوبر بقشره (غ.م.ك),5
08029200000,صنوبر مقشر,5
08029900100,"أثمار قشرية أخر (غ.م.ك)، طازجة",5
08029900900,"أثمار قشرية أخر (غ.م.ك)، مجففة",5
08031010000,"موز ""البلانتان"" طازج",25
08031090000,"موز ""البلانتان"" مجفف",15
08039010000,موز اخر طازج (غ.م.ك),25
08039090000,"موز اخر, مجفف (غ. م.ك)",15
08041010100,تمر مجهول,5
08041010900,غيرها (تمر),5
08041030100,تمر مطحون في أغلفة لا يزيد وزنها عن كيلو غرام واحد,5
08041030901,تمر مجهول جفف في أغلفة لا يزيد وزنها عن كيلو غرام واحد,5
08041030909,تمر مجفف في أغلفة لا يزيد وزنها عن كيلو غرام واحد (غ. م.ك),5
08041090100,تمر مطحون في أغلفة يزيد وزنها عن كيلو غرام واحد,5
08041090901,تمر مجهول مجفف في أغلفة يزيد وزنها عن كيلو غرام واحد,5
08041090909,تمر مجفف في أغلفة يزيد وزنها عن كيلو غرام واحد (غ.م.ك),5
08042000100,تين طازج,5
08042000900,تين مجفف,5
08043000100,أناناس طازج,5
08043000900,أناناس مجفف,5
08044000100,أفوكادو (كمثرى أمريكي طازج,5
08044000900,أفوكادو (كمثرى أمريكي) مجفف,5
08045000110,جوافة طازجة,5
08045000190,مانجة ومانجوستين طازجة,5
08045000910,جوافة مجففة,5
08045000990,مانجة ومانجوستين مجففة,5
08051010110,برتقال طازج للفترة (1/5) وحتى نهاية 31/5,25
08051010120,برتقال طازج للفترة (1/6) وحتى ) )30/9,25
08051010130,برتقال طازج للفترة (1/10) وحتى نهاية شهر ()2,25
08051010910,برتقال للفترة من 1/5 وحتى ) 31/5مجفف,25
08051010920,"برتقال للفترة من 1/6 وحتى )30/9, مجفف",25
08051010930,"برتقال للفترة من 1/10 وحتى نهاية شهر ()2, مجفف",25
08051090100,برتقال طازج (غ.م.ك),25
08051090900,برتقال مجفف (غ. م.ك),25
08052100100,يوسفي مهجنة طازجة,15
08052100200,ماندرينه مهجنة طازجة,15
08052100900,يوسفي أو ماندرينه بما فيها التانجارين والساتسوما مهجنة مجففة,15
08052200100,كلمنتينا مهجنة طازجة,15
08052200900,كلمنتينا مهجنة مجففة,15
08052900100,غيرها مهجنة طازجة,15
08052900900,غيرها مهجنة مجففة,15
08054000100,"ليمون هندي جريب فروت وبوملي، طازج، (غ. م.ك)",25
08054000900,"ليمون هندي جريب فروت وبوملي، جاف، (غ. م.ك)",25
08055000110,ليمون حامض... طازج من 1/6 لغاية 30/9,25
08055000119,ليمون حامض... طازج (غ. م.ك),25
08055000910,ليمون حامض... جاف من 1/6 لغاية 30/9,25
08055000990,ليمون حامض... جاف (غ. م.ك,25
08059000100,حمضيات (غ. م.ك) طازجة,25
08059000900,حمضيات (غ. م.ك) مجففة,25
08061010000,عنب طازج للفترة من 1/5 الى 31/10,25
08061090000,"عنب طازج, (ع.م.ك)",25
08062000000,عنب مجفف,5
08071100100,بطيخ احمر (دلع) طازج من 1/11 ولغاية 15/4,25
08071100900,بطيخ احمر (دلع) طازج (غ. م.ك),25
08071900100,شمام طازج من 1/11 ولغاية 15/4,15
08071900900,شمام طازج (غ.م.ك),15
08072000100,بابايا (باباز) طازج من 1/11 ولغاية 15/4,15
08072000900,"بابايا (باباز) طازج, (غ. م.ك)",15
08081010100,تفاح طازج للفترة من ( 1/6 الى ) 31/10من (أمريكا),25
08081010900,تفاح طازج للفترة من ( 1/6 الى ) 31/10(غ.م.ك),25
08081090100,تفاح طازج (غ.م.ك) من ( 1/12 الى نهاية شهر شباط,15
08081090900,تفاح طازج (غ.م.ك),15
08083000000,كمثرى (اجاص) طازج,15
08084000000,"سفرجل, طازج",15
08091000000,مشمش طازج,25
08092100000,كرز حامض برونوس سيراسوس طازج,25
08092900000,کرز اخر طازج (غ. م.ك),25
08093000000,"الدراق ( الخوخ) بما فيه الدراق الأملس (نكتارين), طازج",15
08094000000,"برقوق وبرقوق السياج, طازج",15
08101000000,"فراولة (فريز), طازج",15
08102000000,توت عليق وتوت عادي طازج,25
08103000000,مشمش اسود او ابيض او احمر وعنب الثعلب طازج,15
08104000000,عنيبات وفواكه اخر من نوع فاكسينيوم طازج,25
08105000000,"ثمار الكيوي, طازج",15
08106000000,فاكهة الدورانياء طازجة,15
08107000000,برسيمون (كاكا) طازج,15
08109000000,"فواكه اخر, طازجة (غ.م.ك)",15
08111000000,"فراولة ( فريز) مطبوخة .. ، او غير مطبوخة .. مجمدة",15
08112000000,"توت عليق وعادي ومشمش أبيض .. وعنب الثعلب مطبوخة ... ، او غير مطبوخة .. مجمدة",25
08119000000,فواكة وأثمار قشرية (غ. م.ك) مطبوخة ... او غير مطبوخة .. مجمدة,15
08121000000,کرز محفوظ مؤقتا غير صالح للاستهلاك المباشر,25
08129000000,فواكه وأثمار قشرية (غ. م.ك) محفوظة مؤقتا غير صالحة للاستهلاك المباشر,25
08131000000,مشمش مجفف,5
08132000000,برقوق مجفف,5
08133000000,تفاح مجفف,25
08134000000,فواكه أخر (غ. م.ك) مجففة,25
08135000000,خليط من أثمار قشرية أو فواكه مجففة من الأنواع المذكورة في هذا الفصل,25
08140000000,قشور حمضيات وقشور بطيخ طازجة .. او محفوظة مؤقتا في ماء مملح,5
9011100000,"بن, غير محمص و غير منزوع منها الكافيين",0
9011200000,"بن, غير محمص منزوع منها الكافيين",0
9012100100,"بن,محمص وغيرمنزوع منةالكافيين,فىعبوات مفرغةمن الهواءبشكل حصص للاستعمال في ماكينات القهوه",25
9012100900,"بن , محمص و غير منزوع منه الكافيين ,(غ.م.ك)",25
9012200100,"بن,محمص منزوع منه الكافيين,فىعبوات مفرغةمن الهواءبشكل حصص للاستعمال في ماكينات القهوه",5
9012200900,"بن , محمص منزوع منه الكافيين ,(غ.م.ك)",5
9019000000,"قشور وغلالات,من بن ؛أبدال بن محتوية على بن بأية نسبة كانت",5
9021000000,شاي أخضر( غير مخمر )في عبوات جاهزة للتداول الفوري بوزن<=3 كغ,0
9022000000,"	شاي أخضر( غير مخمر )في عبوات أخر",0
9023000000,"شاي أسود(مخمر)وشاي مخمرجزئيا,في عبوات جاهزة بوزن <=3 كغ",0
9024000000,"شاي أسود(مخمر)وشاي مخمرجزئيا,في عبوات أخر",0
9030000000,متـة(ماتية),5
9041100100,بذور فلفل معدة للبذار (من جنس بيبر),0
9041100900,"فلفل مجفف(من جنس بيبر),غير مجروش ولا مسحوق (غ.م.ك)",0
9041200000,"فلفل مجفف(من جنس بيبر),مجروش او مسحوقة ,(غ.م.ك)",5
9042100100,بذور فلفل معدة للبذار من نوع كابسيكوم أو من نوع بيمنتا,0
9042100900,فليفلة من نوع كابسيكوم أو فلفل من نوع بيمنتا مجففة غير مجروشة ولا مسحوقة (غ.م.ك),0
9042200000,فليفلة من نوع كابسيكوم أو فلفل من نوع بيمنتا مجففة مجروشة او مسحوقة,5
9051000000,فانيلا غير مجروشة ولا مسحوقة,5
9052000000,فانيلا مجروشة او مسحوقة,5
9061100000,"قرفة (سيناموم زيلانيكوم بلوم),غير مجروشة ولامسحوقة",0
9061900000,"قرفة وأزهار شجرة القرفة (غ.م.ك) ,غير مجروشة ولامسحوقة",0
9062000000,"قرفة وأزهار شجرة القرفة , مجروشة او مسحوقة",5
9071000000,قرنفل (كبوش وسيقان وثمار) غير مجروشة ولا مسحوقة,0
9072000000,قرنفل (كبوش وسيقان وثمار) مجروشة او مسحوقة,5
9081100000,جوز الطيب غير مجروشة ولا مسحوقة,0
9081200000,جوز الطيب مجروشة او مسحوقة,5
9082100000,بسباسة جوز الطيب غير مجروشة ولا مسحوقة,5
9082200000,بسباسة جوز الطيب مجروشة او مسحوقة,5
9083100000,حب الهال غير مجروش ولا مسحوق,0
9083200000,حب الهال مجروش او مسحوق,5
9092100000,بذور كزبرة غير مجروشة ولا مسحوقة,0
9092200000,بذور كزبرة مجروشة او مسحوقة,5
9093100000,بذور كمون غير مجروشة ولا مسحوقة,0
9093200000,بذور كمون مجروشة او مسحوقة,5
9092100100,"بذور يانسون , غير مجروشة ولا مسحوقة",0
9096190000,"بذور يانسون صيني اونجمي(جاذبة),بذور كراويةاو شمر ;حبات عرعر غير مجروشة ولا مسحوقة",0
9096210000,"بذور يانسون , مجروشة او مسحوقة",5
9096290000,"بذور يانسون صيني اونجمي(جاذبة),بذور كراويةاو شمر ;حبات عرعر مجروشة او مسحوقة",5
9101100100,زنجبيل طازج غير مجروش ولا مسحوق,0
9101100900,زنجبيل غير مجروش ولا مسحوق عدا الطازج,0
9101200000,زنجبيل مجروش او مسحوق,5
9102000000,زعفران,0
9103000000,كركم,0
9109110100,"مخاليط بهارات(توابل)مذكورةفىالملاحظة1(ب)من هذاالفصل,المستوردمن قبل المصانع كمدخلات انتاج",0
9109110900,"مخاليط بهارات(توابل)مذكورةفىالملاحظة1(ب)من هذاالفصل,المستوردمن قبل المصانع كمدخلات انتاج",0
9109190000,مخاليط بهارات(توابل) مذكوره في الملاحظة1(ب) من هذا الفصل(غ.م.ك),25
9109910100,المستورد من قبل المصانع كمدخلات انتاج,0
9109910900,المستورد من قبل المصانع كمدخلات انتاج,0
9109990100,زعتر,5
9109990900,بهارات (توابل) أخر (غ.م.ك),5
10011100000,حنطة ( قمح ) قاسية تقاوي للبذار,0
10011900100,"حنطة ( قمح ( قاسية ، غير معبئة بعبوات (سائبة)",0
10011900200,"حنطة ( قمح ( قاسية ، معبأة بعبوات او شوالات او اكياس بأوزان 50 كغم او اقل",0
10011900900,حنطة ( قمح ) قاسية (غ. م.ك),0
10019100000,حنطة (قمح) وخليط حنطة مع شيلم تقاوي للبذار (غ. م.ك),0
10019900100,"حنطة (قمح) وخليط حنطة مع شيلم ، غير معبئة بعبوات (سائبة)",0
10019900200,"حنطة (قمح) وخليط حنطة مع شيلم ، معبأة بعبوات او شوالات او اكياس بأوزان 50 كغم او اقل",0
10019900900,حنطة (قمح) وخليط حنطة مع شيلم (غ.م.ك),0
10021000000,شيلم ( جاودار ) تقاوي للبذار,5
10029000000,شيلم ( جاودار ) (غ. م.ك),5
10031000000,شعير تقاوي للبذار,0
10039000100,شعير للاستخدام البشري,0
10039000900,شعير (غ.م.ك),0
10041000000,شوفان تقاوى للبذار,5
10049000100,شوفان للاستخدام البشري,5
10049000900,شوفان (غ.م.ك),5
10051000000,تقاوي ذرة للبذار,0
10059000000,ذرة ( عدا التقاوي المعدة للبذار),0
10061000000,أرز غير مقشور ( أرز بغلافه الزهري),0
10062000000,أرز مقشور (أرز أسمر),0
10063000000,أرز مضروب كليا أو جزئيا,0
10064000000,كسارة الأرز,0
10071000000,حبوب السرغوم تقاوى للبذار,5
10079000000,حبوب السرغوم (غ.م.ك),5
10081000000,حنطة سوداء,5
10082100000,دخن تقاوى للبذار,5
10082900000,دخن (غ.م.ك),5
10083000000,حبوب العصافير,5
10084000000,فونيو (ديجيتاريا),5
10085000000,كوينو,5
10086000000,تريتيكيل,5
10089000100,حبوب أخر للاستخدام البشري,5
10089000900,حبوب آخر (غ.م.ك),5
11010000000,دقيق حنطة (قمح) أو دقيق خليط حنطة مع شيلم,0
11022000000,دقيق ذرة,0
11029000000,دقيق حبوب أخر (غ. م.ك),0
11031100100,جريش وسميد من حنطة (قمح) للاستخدام البشري,0
11031100900,جريش وسميد من حنطة (قمح) (غ.م.ك),0
11031300000,جريش وسميد من ذرة,0
11031900100,جريش وسميد من حبوب أخر للاستخدام البشري,0
11031900900,جريش وسميد من حبوب أخر (غ. م.ك),0
11032000000,كريات مكتلة من حبوب اخر,0
11041200000,حبوب مفلطحة أو بشكل رقائق من شوفان,5
11041910000,حبوب مفلطحة أو بشكل رقائق من حبوب أخر من شعير,5
11041990000,حبوب مفلطحة أو بشكل رقائق من حبوب أخر (غ. م.ك),0
11042200000,"حبوب مشغولة ( مقشورة أو مدورة أو مقطعة أو مكسرة) من شوفان, (غ.م.ك)",5
11042300000,حبوب مشغولة ( مقشورة أو مدورة أو مقطعة أو مكسرة) من ذرة (غ. م.ك),5
11042900000,حبوب أخر مشغولة ( مقشورة أو مدورة أو مقطعة أو مكسرة). (غ.م.ك),5
11043000000,"نبت الحبوب, كامل مفلطح أو بشكل رقائق أو مطحون",5
11051000000,دقيق وسميد ومسحوق من بطاطا,0
11052000000,رقائق و حبيبات و كريات مكتلة من بطاطا,0
11061000000,من البقول القرنية اليابسة الداخلة في البند 07.13,0
11062000000,دقيق وسميد ومسحوق من الساجو أو من الجذور او الدرنات الداخلة في البند ()0714,5
11063000000,من المنتجات المذكورة في الفصل :8,0
11071000000,"شعیر ناشط (مالت), غير محمص",0
11072000000,شعیر ناشط (مالت) محمص,0
11081100000,) من حنطة (قمح,0
11081200000,من ذرة,0
11081300000,نشاء من بطاطا,0
11081400000,نشاء من منيهوط ()MANIOC,0
11081900000,أنواع نشاء آخر,0
11082000000,أينولين,0
11090000000,"جلوتين الحنطة (القمح), وأن كان مجففا",0
12011000000,"فول الصويا, وإن كان مكسرا تقاوى للبذار",0
12019000100,بذور حبوب الصويا المستوردة من قبل المصانع لانتاج أعلاف الدجاج,0
12019000900,"فول الصويا, وإن كان مكسرا (غ. م.ك)",0
12023000000,تقاوي للبذار,0
12024100000,بقشره,0
12024200000,"مقشورا ، وإن كان مكسرا",0
12030000000,لب نارجيل (كوبرا),5
12040000100,"بذر كتان، وإن كان مكسراً للاستخدام البشري",5
12040000900,"بذر كتان، وإن كان مكسراً (غ. م.ك)",5
12051000000,بذور اللفت والسلجم ذات حمض الايروسيك المنخفض وان كان مكسرا,5
12059000000,بذور اللفت والسلجم وان كان مكسرا (غ. م.ك),5
12060000100,"بذر عباد الشمس, وإن كان مكسرا للاستخدام البشري",0
12060000900,"بذر عباد الشمس, وإن كان مكسرا (غ. م.ك)",0
12071000000,ثمار ونوى النخيل وان كانت مكسرة,0
12072100000,"بذور قطن, وإن كان مكسرا تقاوى للبذار",0
12072900000,"بذور قطن, وإن كان مكسرا (غ. م.ك)",0
12073000000,"بذور زيت الخروع, وإن كان مكسرا",0
12074000100,"بذور سمسم, وإن كان مكسرا، للإستخدام البشري",0
12074000900,"بذور سمسم, وإن كان مكسرا، (غ. م.ك)",0
12075000000,بذور الخردل,0
12076000000,بذور عصفر (قرطم) (كارثاموس تنكتوريوس) وإن كان مكسرا,5
12077010000,بذور بطيخ او شمام وان كانت مكسرة,0
12077090000,غيرها من بذور بطيخ أو شمام وان كانت مكسرة,0
12079100000,"بذور خشخاش, وإن كان مكسرا",5
12079900000,"ثمار وبذور زيتية أخر, وإن كانت مكسرة (غ. م.ك)",0
12081000000,دقيق وسميد من فول الصويا,0
12089010000,دقيق وسميد من بذور القطن أو الكتان أو بذور الخروع أو السمسم أو القنب,0
12089040000,"دقيق وسميد, من بذور السلجم",0
12089090000,"دقيق وسميد من بذور وثمار زيتية أخر (غ. م.ك), عدا دقيق وسميد الخردل",5
12091000000,بذور بنجر (شوندر السكر معدة للبذار,5
12092100000,"بذور برسيم من نوع الفالفا (فصة), معدة للبذار",5
12092200000,"بذور برسيم من نوع تريفوليام (نفل), معدة للبذار",5
12092300000,بذور عكرش معدة للبذار,5
12092400000,بذور كنتكي الزرقاء معدة للبذار,5
12092500000,بذور زوان (جاودار) (لوليام ملتيفلورام ولوليام بيريني (ل) معدة للبذار,5
12092910100,بذور ترمس معدة للبذار,5
12092910900,غيرها من بذور الترمس,5
12092990000,بذور نباتات علفية (غ. م.ك) معدة للبذار,5
12093000000,بذور نباتات عشبية تزرع أساسا من أجل أزهارها,5
12099100000,بذور خضر معدة للبذار,0
12099900000,بذور وثمار ونوى (غ. م.ك) معدة للبذار,0
12101000000,ثمار حشيشة الدينار غير مجروشة أو غير مسحوقة ولا بشكل كريات مكتلة طازجة أو مجففة,5
12102000000,ثمار حشيشة الدينار مجروشة أو مسحوقة أو بشكل كريات مكتلة : غبار حشيش الدينار,0
12112000000,"جذور جنسنج, المستعملة أساسافي صناعة العطور أو في الصيدلة ... طازجة.. مكسرة او مسحوقة",5
12113000000,"اوراق الكاكا, المستعملة أساسافي صناعة العطور أو في الصيدلة... مسحوقة",5
12114000000,قش الخشخاش المستعملة أساسافي صناعة العطور أو في الصيدلة... مسحوقة,5
12115000000,ايفيدرا,5
12116000000,(Prunus Africana) لحاء الكرز الإفريقي,5
12119010000,"جذور سوس(عرقسوس), المستعملة أساسافي صناعة العطور أو في الصيدلة... طازجة.. وان كانت مكسرة",0
12119090100,بابونج ناشف غير مسحوق,5
12119090200,ميرمية طازجة,5
12119090900,نباتات (غ. م.ك) وأجزاؤها المستعملة أساسافي صناعة العطور أو في ... طازجة.. وان كانت مقطعة,5
12122100000,أعشاب بحرية وغيرها من الطحالب المائية طازجة أو مبردة ... وان كانت مطحونة صالحة للاستهلاك البشري,5
12122900000,أعشاب بحرية وغيرها من الطحالب المائية طازجة أو مبردة أو مجمدة أو مجففة وان كانت مطحونة (غ.م.ك),5
12129100000,"شوندر السكر طازج أو مبرد أو مجمد أو مجفف, وان كانت مطحونة",5
12129200100,"قرون خرنوب بما في ذلك بذوره, طازجة أو مبردة",0
12129200900,"قرون خرنوب بما في ذلك بذوره مجمدة أو مجففة, وان كانت مطحونة (غ.م.ك)",0
12129300100,قصب سكر طازجة أو مبردة,5
12129300900,قصب سكر مجمدة أو مجففة وان كانت مطحونة (غ.م.ك),5
12129400000,"جذور الهندباء البرية طازجة أو مبردة أو مجمدة أو مجففة, وان كانت مطحونة",5
12129910000,نوبولب (قلب) المشمش والخوخ وبرقوق .. صالحة لاستهلاك بشري...,0
12129920000,بذور القرع واليقطين وكوسا للإستهلاك البشري غير المعد للبذار,0
12129990000,نوى ولب فواكه ومنتجات نباتية أخر للاستهلاك البشري (غ. م.ك) طازجة أو مبردة أو مجمدة أو مجففة,5
12130000000,"قش و عصافات ( قشور ) حبوب خام, وإن كانت مهشمة (تبن) مطحونة أو مضغوطة أو بشكل كريات مكتلة",0
12141000000,مسحوق وكريات مكتلة من برسيم (فصة أو الفافا),0
12149000100,ترمس علفی,0
12149000200,"كرسنة وبيقية وجلبان, علفية",0
12149000300,ملفوف لفتي علفي وشوندر (بنجر),0
12149000900,منتجات علفية: جذور وكلاً وكرنب وبرسيم ونفل وأصناف مماثلة (غ. م.ك),0
13012000000,صمغ عربي,0
13019000000,غيرها,0
13021100000,أفيون,5
13021200000,من جذور السوس (من عرق السوس),0
13021300000,عصارت وخلاصات من حشيشة الدينار,5
13021400000,من ايفيدرا,5
13021900000,غيرها,0
13022000000,"مواد بكتينية, بكتينات وبكتات",0
13023100000,أجار - أجار,0
13023200000,مواد مخاطية ومكثفات مشتقة من الخرنوب أو من بذوره أو من بذور الجوار,0
13023900000,"مواد مخاطية ومكثفات مشتقة من منتجات نباتية, (غ.م.ك)",0
14011000000,مواد نباتية مستعملة بصفة رئيسية في صناعة الحصر والسلال من بوص هندي (بامبو),5
14012000000,مواد نباتية مستعملة بصفة رئيسية في صناعة الحصر والسلال من خيزران,5
14019000000,مواد نباتية (غ. م.ك) مستعملة بصفة رئيسية في صناعة الحصر والسلال,5
14042000000,زغب بذور القطن,0
14049020000,"مواد نباتية مستعملة بصفة رئيسية كحشو الكابوك او الشعر نباتي او بحري, وان كان بشكل طبقات على..",5
14049030000,مواد نباتية مستعملة بصفة رئيسية في صناعة المكانس أو الفراجين (مثل ذرة المكانس .....,0
14049050000,"--- مواد نباتية مستعملة بصورة رئيسية كتربة زراعية ، الكوكوبيت",0
14049090000,منتجات نباتية أخر (غ. م.ك),0
15011000000,"دهن خنزیر عدا الداخلة في البنود ()15.03,02.09",5
15012000000,"شحم خنزير اخر (غ. م.ك), ( عدا الداخلة في البنود (02.09, )15.03",5
15019000000,"شحم و دهون طيور الدواجن ( عدا الداخلة في البنود (02.09, 15.03)",5
15021000000,شحوم امعاء فصائل البقر أو الضأن أو الماعز ( عدا الداخلة في البند 15.03 ),0
15029000000,شحوم ودهون (غ.م.ك) من فصائل البقر أو الضأن أو الماعز ( عدا الداخلة في البند 15.03 ),0
15030000100,ستيارين دهن وشحم الخنزير وزيت دهن الخنزير غير مستحلبة ولا مخلوطة ولا محضرة بأي طرق أخرى,5
15030000200,مرجرين زيتي أخر غير مستحلبة ولا مخلوطة ولا محضرة بأي طرق أخرى,5
15030000300,ستيارين زيتي أخر غير مستحلبة ولا مخلوطة ولا محضرة بأي طرق أخرى,5
15030000900,زيت دهن وشحم (غ. م. ك) غير مستحلبة ولا مخلوطة ولا بأي طرق أخرى,5
15041000000,زيوت وجزيئاتها من كبد الأسماك غير معدلة كيماويا,0
15042000000,"دهون وزيوت وجزيئاتها من أسماك عدا زيت الكبد, غير معدلة كيماويا",0
15043000000,دهون وزيوت و جزيئاتها من ثدييات بحرية غير معدلة كيماويا,0
15050000000,دهن الصوف ومواد دهنية مشتقة منه (بما في ذلك اللانولين),0
15060000000,"شحوم ودهون وزيوت حيوانية أخر وجزيئاتها ، وإن كانت مكررة ولكن غير معدلة كيماوياً",0
15071000000,زيت فول الصويا خام غير معدل كيماويا,0
15079010000,- - - بعبوات تزيد سعتها عن 16 كغم,0
15079090000,زيت فول الصويا ( عدا الخام وجزيئاتها غير معدلة كيماويا (غ.م.ك),15
15081000000,"زيت فول سوداني خام, غير معدل كيماويا",0
15089000000,زيت فول سوداني ( عدا الخام وجزيئاته غير معدل كيماويا,25
15092000000,زيت زيتون بكر العصرة الأولي إكسترا,25
15093000000,زيت زيتون بكر (العصرة الأولى),25
15094000000,غيرها من زيوت زيتون البكر,25
15099000000,زيت زيتون ( عدا العصرة (الأولى) وجزيئاتة غير معدلة كيماويا,25
15101000000,زيت تقل الزيتون الخام,25
15109000000,غيرها من زيوت اخر ( عدا زيت تقل الزيتون )),25
15111000000,"زيت نخيل خام, غير معدل كيماويا",0
15119030000,زيت نخيل ( عدا الخام ( و جزيئاته غير معدل كيماويا ضمن عبوات لا تقل عن 16 كغم,0
15119090000,زيت النخيل ( عدا الخام وجزئياته غير معدل كيماويا ( غ م ك ),15
15121100000,زيت بذور عباد شمس أو قرطم ( عدا الخام) وجزيئاتة غير معدل كيماويا خام,0
15121910000,زيت بذور عباد شمس أو قرطم ( عدا الخام) وجزيئاتة غير معدل كيماويا بعبوات تزيد عن 16 كغم,0
15121990000,"زيت بذور عباد شمس أو قرطم ( عدا الخام) وجزيئاتة, غير معدل كيماويا (غ. م.ك)",15
15122100000,"زيت بذرة القطن خام وإن نزع منه الجوسيبول, غير معدل كيماويا",5
15122900000,زيت بذرة القطن ( عدا الخام) و جزيئاته غير معدل كيماويا,5
15131100000,"زيت جوز الهند (كوبرا) خام, غير معدل كيماويا",0
15131900000,"غيرها ، زيت جوز الهند (كوبرا) وجزيئاته عدا الخام",0
15132100000,"زيت نوى وزيت النخل البرازيل (الباباسو) الخام, غير معدل كيماويا",0
15132900000,"غيرها ، زيت نوى وزيت النخل البرازيل (الباباسو) (عدا الخام وجزيئاته غير معدل كيماويا (غ. م.ك)",0
15141100000,زيوت لفت أو سلجم خام وغير معدلة كيماويا بمحتوى حمض اروسيك منخفض,0
15141900000,"غيرها ، زيوت لفت أو سلجم عدا الخام وغير معدلة كيماويا بمحتوى حمض اروسيك منخفض (غ.م.ك)",0
15149100000,زيوت لفت او سلجم او الخردل وجزيئاتها خام غير معدلة كيماويا (غ. م.ك),0
15149900000,"غيرها ، زيوت لفت أو سلجم او الخردل خام و غير معدلة كيماويا (غ. م.ك)",0
15151100100,"زيت بذر الكتان خام غير معدل كيماويا، للإستخدام البشري",0
15151100900,"زيت بذر الكتان خام غير معدل كيماويا، (غ. م.ك)",0
15151900000,"غيرها ، زيت بذر الكتان وجزيئاته عدا الخام",0
15152100000,زيت ذرة خام غير معدل كيماويا,0
15152920000,زيت ذرة ( عدا الخام وجزيئاته غير معدل كيماويا بعبوات تزيد عن 16 كغم,0
15152990000,زيت ذرة ( عدا الخام وجزيئاته غير معدل كيماويا ( ع م ك ),25
15153000000,زيت خروع وجزيئاته غير معدل كيماويا (ع) م ك ),0
15155000000,زيت سمسم وجزيئاته غير معدل كيماويا,5
15156000100,زيوت ميكروبية وجزيئاتها,5
15156000900,غيرها,5
15159000100,زيوت نباتية,25
15159000900,غيرها,25
15161000100,زيوت حيوانية وجزيئاتها,5
15161000900,غيرها,5
15162020000,"زيت بذر القطن, مهدرج, معدلة الأسترة أو معاد أسترتها .. أو المحولة بطريقة (الأيلزة)",5
15162060000,"زيوت نباتية مهدرجة جزئيا او كليا, بعبوات تزيد عن 16 كغم",0
15162090100,زيوت نباتية وجزيئاتها,5
15162090900,غيرها,5
15163000100,زيوت ميكروبية وجزيئاتها,5
15163000900,غيرها,5
15171010000,"مرجرين ( عدا السائل) صالح للأكل, عدا الداخل بالبند 1516 بعبوات تزيد عن 16 كغم",0
15171090000,"مرجرين ( عدا السائل ) صالح للأكل, عدا الداخل بالبند 1516 ,(غ.م.ك)",5
15179020000,السمنة النباتية المصنوعة من زيت النخيل المهدرج,15
15179030100,مخاليط من زيوت نباتية,0
15179030200,مخاليط من زيوت حيوانية أو ميكروبية ؛ سمن,0
15179030900,غيرها,0
15179090100,مخاليط من زيوت نباتية,5
15179090200,سمن نباتي,5
15179090300,مخاليط من زيوت حيوانية أو ميكروبية,5
15179090400,محضرات من دهون وشحوم حيوانية أو ميكروبية,5
15179090900,غيرها,5
15180000000,دهون وشحوم حيوانية أو نباتية مغلية أو مؤكسدة .. معدلة كيماويا .. ؛ مخاليط او محضرات غير صالحة للاكل من الشحوم,0
15200000000,جليسيرول خام مياه وقلويات جليسرينية,0
15211000000,شموع نباتية ( الجليسيريدات الثلاثية,0
15219010000,شمع النحل وشموع حشرات أخر,0
15219090000,بياض الحوت ( سبيرماسيتي ),5
15220000000,"ديجرا, بقايا ناتجة عن معالجة المواد الدهنية أو الشموع الحيوانية أو النباتية",0
16010000100,سجق و منتجات مماثلة من دم حيواني؛ محضرات أغذية أساسها من دم حيواني,15
16010000200,محضرات غذائية أساسها لحوم (مرتديلا),15
16010000900,سجق ومنتجات مماثلة من لحم (غ. م.ك) أو .. وأطراف أو من لحوم أو من أحشاء وأطراف ؛ محضرات أغذية أساسها هذه المنتجات,15
16021010000,مهيأة للبيع بالتجزئة كأغذية صالحة للرضع أو صغار الأطفال,0
16021090100,محضرات معلبة من لحوم بقرية متجانسة,25
16021090900,محضرات متجانسة من لحوم أو أحشاء أو أطراف أو دم حيواني (غ.م.ك),25
16022000000,محضرات وأصناف محفوظة أخر من أكباد الحيوانات,15
16023100100,مرتديلا من حبش,25
16023100900,"محضرات وأصناف محفوظة أخر من حبش ( ديوك ودجاجات رومية), عدا المرتديلا",25
16023210000,"محضرات وأصناف .. أخر من ديوك و .. نوع جالوس دومستيكاس, مستورد من.. المصانع كمدخلات انتاج",0
16023290000,"محضرات وأصناف محفوظة أخر من دواجن من نوع جالوس دومستيكاس, (غ.م.ك)",25
16023900100,مرتديلا من بط أو من أوز أو من غرغر (دجاج غينيا),15
16023900900,"محضرات وأصناف محفوظة أخر من بط أو من أوز أو من غرغر (دجاج غينيا), عدا المرتديلا",15
16024100000,محضرات وأصناف محفوظة أخر من فخذ الخنزير وقطعه,25
16024200000,محضرات وأصناف محفوظة أخر من كتف الخنزير وقطعه,15
16024900000,"محضرات وأصناف محفوظة أخر (غ.م.ك) من فصيلة الخنازير, ومخاليطها",15
16025000100,مرتديلا من فصيلة الابقار,15
16025000200,"محضرات معلبة من لحوم فصيلة الأبقار, (غ.م.ك)",15
16025000900,محضرات وأصناف محفوظة أخر من لحوم فصيلة الأبقار (غ.م.ك),15
16029000100,مرتديلا من لحوم أو من أحشاء وأطراف (غ.م.ك),15
16029000200,محضرات وأصناف محفوظة أخر من دم حيواني,15
16029000900,محضرات وأصناف محفوظة أخر من لحوم أو من أحشاء وأطراف (غ. م.ك),15
16030000100,خلاصات وعصارات لحم أو أسماك,5
16030000900,خلاصات وعصارات قشريات أو رخويات أولا فقريات مائية أخر,5
16041100000,أسماك سلمون غير مفرومة محضرة أو محفوظة,5
16041200000,أسماك رنجة غير مفرومة محضرة أو محفوظة,5
16041300100,أسماك سردين غير مفرومة محضرة أو محفوظة معلب,0
16041300900,أسماك سردين (عدا المعلب) وساردينيلا ورنجة صغيرة وإسبرط غير مفرومة محضرة أو محفوظة,0
16041400000,"تونة وتونة وثابة (سكبيجاك) وبونيتو (ساردا) ، غير مفرومة ، محضرة أو محفوظة",0
16041500000,"أسماك إسقمري ( ماكريل), غير مفرومة, محضرة أو محفوظة",5
16041600000,أسماك أنشوجة غير مفرومة محضرة أو محفوظة,5
16041700000,أسماك الانقليس محضرة أو محفوظة كاملة او مقطعة ولكن غير مفرومة,5
16041800000,زعانف سمك القرش,5
16041900000,"أسماك (غ. م.ك), غير مفرومة محضرة أو محفوظة",5
16042011000,صالحة للرضع أو لصغار الأطفال,0
16042019000,غيرها,5
16042020000,تونة وتونة وثابة (سكبيجاك) وبونيتو (ساردا) مفرومة,0
16042090000,أسماك محضرة أو محفوظة أخر بما فيها المفرومة (غ. م.ك),5
16043100000,خبياري (كافيار) المحضرة من بيض الأسماك,5
16043200000,أبدال خبياري (كافيار) المحضرة من بيض الأسماك,5
16051000000,سرطانات بحرية ( سلطعون) محضرة أو محفوظة,5
16052100000,"روبيان ( جمبري) غير مقدمة في اوعية محكمة السد, محضرة أو محفوظة",5
16052900000,"روبیان (جمبري) (غ. م.ك), محضرة أو محفوظة",5
16053000000,عقارب البحر محضرة أو محفوظة,5
16054000000,قشريات أخر (غ. م.ك) محضرة أو محفوظة,5
16055100000,"محار من رخويات, محضرة أو محفوظة",5
16055200000,"محار مروحي (اسقلوب) ومحار الملكة من رخويات, محضرة أو محفوظة",5
16055300000,"بلح البحر من رخويات, محضرة أو محفوظة",5
16055400000,"حبار و سبيدج من رخويات, محضرة أو محفوظة",5
16055500000,"اخطبوط من رخويات, محضرة أو محفوظة",5
16055600000,"بطلينوس وكوكل وام الحلول من رخويات, محضرة أو محفوظة",5
16055700000,"ابالون (دردار) (من رخويات, محضرة أو محفوظة",5
16055800000,"حلزون, عدا حلزون البحر من رخويات, محضرة أو محفوظة",5
16055900000,رخويات أخر (غ.م.ك) محضرة أو محفوظة,5
16056100000,"خيار البحر من لا فقريات مائية, محضرة أو محفوظة",5
16056200000,"قنفذ البحر (من لا فقريات مائية, محضرة أو محفوظة",5
16056300000,"قنديل البحر من لا فقريات مائية, محضرة أو محفوظة",5
16056900000,"لا فقريات مائية اخر (غ. م.ك), محضرة أو محفوظة",5
17011200000,سكر شوندر (بنجر) خام بحالته الصلبة لا يحتوي على منكهات أو مواد تلوين مضافة,0
17011300000,"سكر قصب خام محدد بالملاحظة () 2من... بحالة صلبة, لا يحتوي على منكهات أو مواد تلوين مضافة.",0
17011400000,"انواع اخر من سكر (غ. م.ك), قصب خام بحالة صلبة, لا يحتوي على منكهات أو مواد تلوين مضافة",0
17019100000,سكر قصب أو سكر شوندر بحالته الصلبة يحتوي على منكهات أو مواد تلوين مضافة,5
17019910000,سكر قصب أو سكر شوندر مكرر بحالته الصلبة,0
17019990000,"سكر قصب أو سكر شوندر بحالته الصلبة (غ. م.ك), وسكروز نقي كيماويا بحالته الصلبة",5
17021100000,لاكتوزى وشراب لاكتوز محتوي على % 99وزنا او اكثر من لاكتوز معبر عنه بلاكتوز لامائي محسوبة بالحالة الجافة,0
17021900000,لاكتوزى و شراب لاكتوز (غ. م.ك),0
17022000000,سكر القيقب و شراب القيقب بحالته الصلبة,5
17023000000,جلوكوز وشراب جلوكوز لا يحتوي فركتوز او يحتوي على اقل من % 20وزنا فركتوز محسوبا على الحالة الجافة,0
17024000000,"جلوكوز و شراب جلوكوز بحالته الصلبة, محتوي 20% وزنا ولكن % 50وزنا فركتوز محسوبة بالحالة الجافة عدا السكر المنعكس",0
17025000000,"فركتوز نقي كيماويا, بحالته الصلبة",0
17026000000,أنواع أخر من فركتوز او شراب فركتوز بحالتها الصلبة محتوية على اكثر من % 50وزنا فركتوز محسوبة بحالة جافة عدا السكر المنعكس,0
17029010000,المالتوز النقى كيماويا بحالته الصلبة,5
17029090000,أنواع اخر من سكر .. ؛ مخاليط .. ؛ سوائل سكرية اخر .. ؛ عسل صناعي..؛ عسل اسود.. محتوية % 50وزنا فركتوز محسوبة بالحالة الجافة (غ. م.ك),0
17031000000,عسل أسود (دبس سكر من قصب السكر,0
17039000000,"غيرها ، عسل أسود (دبس سكر من أنواع سكر أخر, (عدا القصب) (غ. م.ك)",0
17041000000,لبان المضغ (علك وان كان مكسوا بالسكر لا تحتوي على الكاكاو,15
17049010000,مصنوعات سكرية المستورد من قبل المصانع كمدخلات إنتاج,0
17049090100,"حلاوة الطحينة بالسكر, لا تحتوي على كاكاو",15
17049090200,المن والسلوى,15
17049090300,مصنوعات سكرية تحتوي على العاب,15
17049090900,"مصنوعات سكرية أخر (بما فيها الشوكولاتة البيضاء, لا تحتوي على الكاكاو (غ. م.ك)",15
18010000000,حبوب كاكاو وكساراتها وان كانت محمصة,5
18020000000,قشور وعصافات و غلالات ونفايات كاكاو آخر,5
18031000000,"غيرها ، عجينة كاكاو بدسمها (بدهنها) (غ.م.ك)",0
18032000000,عجينة كاكاو منزوع دسمها (دهنها) كليا أو جزئيا,0
18040000000,"زبدة كاكاو, دهنه وزيته",0
18050010000,"مسحوق كاكاو, لا يحتوي على سكر مضاف أو على مواد تحلية أخر المستورد من قبل المصانع كمدخلات انتاج",0
18050090000,"مسحوق كاكاو, لا يحتوي على سكر مضاف أو على مواد تحلية أخر (غ. م.ك)",5
18061000000,مسحوق كاكاو يحتوي على سكر مضاف أو مواد تحلية أخر,5
18062010000,"شوكولاتة ومحضرات غذائية أخر تحتوي على كاكاو, مهيأة بشكل كتل... بوزن كغ 2 مستورد.. كمدخلات انتاج",0
18062090000,"شوكولاتة ومحضرات غذائية أخر, تحتوي على كاكاو, مهيأة بشكل كتل أو ألواح ... بوزن كغ 2 (غ. م.ك)",15
18063100000,"شوكولاتة ومحضرات غذائية أخر, تحتوي على كاكاو, مهيأة بشكل كتل أو ألواح أو أصابع, محشوة",15
18063200000,"شوكولاتة ومحضرات غذائية أخر تحتوي على كاكاو, بشكل كتل أو ألواح أو أصابع, غير محشوة",15
18069000100,مصنوعات من شوكولاته تحتوي على العاب,15
18069000900,"شوكولاتة ومحضرات غذائية أخر تحتوي على كاكاو, (غ.م.ك)",15
19011030000,تحتوي على % 50أو أكثر من الحليب ؛ أغذية لحالات مرضية خاصة,0
19011090000,"محضرات صالحة لتغذية الرضع أو صغار الأطفال ، مهيأة للبيع بالتجزئة من دقيق او سميد أو نشاء أو خلاصة شعير ناشط أو حليب (م. ل. ت) (م.ع.ك)",5
19012000100,عجينة السمبوسة,15
19012000900,مخاليط وعجائن من دقيق أو سميد أو .. الخ. لتحضير منتجات المخابز التابعة للبند 1905 (غ.م.ك),15
19019010000,خلاصات الشعير الناشط (مالت),0
19019030000,أغذية من دقيق أو سميد أو نشاء أو شعير ناشط أو حليب الحالات مرضية خاصة (غ. م.ك),0
19019060100,أغذية أطفال محضرة من دقيق أو سميد أو نشاء أو شعير ناشط أو حليب (غ. م.ك) المستورد من قبل المصانع كمدخلات انتاج,0
19019060200,اجبان محضره من حليب (غ. م.ك) (غ. م. ك) المستورد من قبل المصانع كمدخلات انتاج,0
19019060300,قشده محضره من حليب (غ.م.ك) المستورد من قبل المصانع كمدخلات انتاج,0
19019060900,محضرات غذائية أخر من دقيق أو سميد أونشاء أو شعير ناشط أو حليب (غ. م.ك) المستورد من قبل المصانع كمدخلات انتاج,0
19019090100,أغذية أطفال محضرة من دقيق أو سميد أو نشاء أو شعير ناشط أو حليب (غ.م.ك),15
19019090200,اجبان محضره من حليب (غ. م.ك),15
19019090300,قشده محضره من حليب (غ.م.ك),15
19019090400,حليب بودرة محتوي على دهون نباتية,15
19019090900,محضرات غذائية أخر من دقيق أو سميد أو نشاء أو شعير ناشط أو حليب (غ.م.ك),15
19021100110,"شعيرية تحتوي على بيض, غير مطبوخة ولا محشوة ولا محضرة بطريقة أخرى",25
19021100190,"معكرونة تحتوي على بيض, غير مطبوخة ولا محشوة ولا محضرة بطريقة أخرى",25
19021100900,"عجائن غذائية تحتوي على بيض, غير مطبوخة و لا محشوة ولا محضرة بطريقة أخرى ( عدا المعكرونة والشعيرية",25
19021900100,"شعيرية لا تحتوي على بيض, غير مطبوخة ولا محشوة ولا محضرة بطريقة أخرى",0
19021900200,"معكرونة لا تحتوي على بيض, غير مطبوخة ولا محشوة ولا محضرة بطريقة أخرى",0
19021900900,"عجائن غذائية لا تحتوي علىبيض, غير مطبوخة و لا محشوة ولا محضرة بطريقة أخرى (غ. م.ك)",0
19022000000,عجائن غذائية محشوة,25
19023000100,"instant noodles,عجائن غذائية أخر",0
19023000910,شعيرية آخر (غ.م.ك),0
19023000990,عجائن غذائية أخر (غ.م.ك),0
19024000000,كسكس,25
19030000000,تابيوكا وأبدالها محضرة من النشاء بشكل رقائق أو حبيبات أو حبوب مدورة أو نخالات أو بأشكال مماثلة,0
19041000100,أغذية محضرة من حبوب ومنتجات حبوب متحصل عليها بالتنفيش أو التحميص خاصة بالاطفال والمعاقي,15
19041000900,أغذية اخر محضرة من الحبوب ومنتجات الحبوب متحصل عليها بالتنفيش أو التحميص,15
19042000100,أغذية محضرة من رقائق حبوب غير محمصة ورقائق حبوب محمصة أو حبوب منفوشة خاصة بالاطفال والمعاقين,25
19042000900,"أغذية اخر محضرة من رقائق حبوب أو خلائط رقائق حبوب غير محمصة, ورقائق حبوب محمصة أو حبوب منفوشة",25
19043000000,البرغل,0
19049010100,فريكه معده للاطفال,0
19049010200,فريكه خاصه بالمعوقين,0
19049010900,فريكه (غ. م.ك),0
19049090100,محضرات حبوب بشكل حب ( عدا الذرة خاصة بالأطفال,25
19049090200,محضرات حبوب بشكل حب ( عدا الذرة خاصة بالمعاقين,25
19049090900,محضرات حبوب بشكل حب (عدا الذرة) (غ.م.ك),25
19051000000,خبز هش مقرمش معروف باسم (كتاكبروت),25
19052000000,خبز الزنجبيل وما شابهه,25
19053110000,بسكويت محلى المعد إعدادا خاصا لتغذية الأطفال,15
19053190100,بسكويت محلى غير مبكت معبأ بعبوات لا تقل سعتها عن 10 كغم,25
19053190200,"بسكويت حلو ، سعر البيع للمستهلك النهائي لا يتجاوز 100 فلس للقطعة الواحدة",25
19053190900,بسكويت محلى (غ.م.ك),25
19053200100,فطائر ذات ترابيع مجوفة ( وافل او جوفر ),25
19053200910,"رقائق منضدة هشة ( ويفر) ، سعر البيع للمستهلك النهائي لا يتجاوز 100 فلس للقطعة الواحدة",25
19053200990,رقائق منضدة هشة (ويفر) او جوفريت (غ.م.ك),25
19054010000,قرشلة مجروشة مستوردة من قبل المصانع كمدخلات انتاج,0
19054090100,خبز محمص,25
19054090200,خبز توست,25
19054090900,بقسماط ومنتجات محمصة مماثلة (غ. م.ك),25
19059010000,البراشيم الفارغة من النوع المستخدم للإستعمال الصيدلي,15
19059030000,(خبز غ.م.ك),15
19059040100,"فطائر, معجنات, كعك يحتوي وزنا اقل من % 50مسحوق كاكاو او محضرات غذائية اخر ) معدة خصيصا التغذية الاطفال",15
19059040900,"بسكويت, كعك (غ. م.ك) رقائق ويفر مبصومة وورق ارز و منتجات مماثلة معدة خصيصا التغذية الاطفال",15
19059090110,"كيك، سعر البيع للمستهلك النهائي لا يتجاوز 100 فلس للقطعة الواحدة",25
19059090120,"كيك، سعر البيع للمستهلك النهائي يتجاوز 100 فلس للقطعة الواحدة",25
19059090190,"فطائر, معجنات, كعك يحتوي وزنا اقل من % 50من مسحوق الكاكاو او محضرات غذائية اخر)",25
19059090200,فطائر البيتزا,25
19059090300,"كيك رول، سعر البيع للمستهلك النهائي لا يتجاوز 100 فلس للقطعة الواحدة",25
19059090400,"كيك رول، سعر البيع للمستهلك النهائي يتجاوز 100 فلس للقطعة الواحدة",25
19059090500,كرواسان سادة أو محشي نكهات,25
19059090600,شيبس أساسة دقيق البطاطا (السافوري) بعبوات تزيد عن 250 غرام,25
19059090910,"بسكويت، سعر البيع للمستهلك النهائي لا يتجاوز 100 فلس للقطعة الواحدة",25
19059090990,"بسكويت, كعك (غ. م. ك) رقائق الويفر المبصومة و ورق الأرز ومنتجات مماثلة",25
20011000000,خيار وخيار صغير محبب محضر أو محفوظ بالخل أو بحمض الخليك,25
20019010100,ورق العنب المحضرة أو المحفوظة بالخل بعبوات تزيد عن 25 كغم,0
20019010200,زيتون جاهز للاستهلاك محضر أو محفوظ بالخل بعبوات يزيد وزنها عن 25 كغم,0
20019010900,خضر وفواكة .. قشرية وأجزاء أخر صالحة للأكل من نبات محضر أو .. بالخل بعبوات تزيد عن 25 كغم,0
20019090100,بندورة محفوظ بالخل أو بحمض الخليك,25
20019090200,فواكه محفوظ بالخل أو بحمض الخليك,25
20019090300,زيتون محضر أو محفوظ بالخل أو بحمض الخليك جاهز للاستهلاك بعبوات يزيد وزنها عن 20 كغم ولا يتجاوز 25 كغم,25
20019090400,ورق العنب المحضرة أو المحفوظة بالخل,25
20019090500,زيتون محضر أو محفوظ بالخل أو بحمض الخليك جاهز للاستهلاك بعبوات يقل وزنها عن 20 كغم,25
20019090900,"خضر وفواكه وأثمار قشرية وأجزاء أخر (غ. م.ك) صالحة للأكل من نباتات, محضرة أو محفوظة بالخل",25
20021000000,بندورة كاملة أو مقطعة محضرة أو محفوظة بغير الخل أو حمض الخليك,15
20029010100,رب البندورة ( معجون البندورة) ضمن عبوات مهيأة للبيع بالتجزئة لا يزيد وزنها الصافي عن 3 كغم,15
20029010900,بندورة محضرة أو .. أو حمض الخليك ضمن عبوات مهيأة للبيع بالتجزئة لا يزيد وزنها الصافي عن كغم3,15
20029020000,مركزات البندورة بعبوات لا تقل عن 200 كغم وبتركيز لا يقل عن 36 بركس,0
20029090100,رب البندورة (معجون البندورة) (غ. م.ك),15
20029090900,بندورة ( عدا الكاملة أو المقطعة محضرة أو محفوظة بغير الخل أو حمض الخليك (عدا رب البندورة) (غ.م.ك),15
20031000000,فطور من جنس اجاريكوس محضرة أو محفوظة بغير الخل أو حمض الخليك,25
20039000000,فطور وكمأة محضرة او محفوظة بغير الخل أو حمض الخليك (ع.م.ك),25
20041000000,"بطاطا محضرة أو محفوظة بغير الخل أو حمض الخليك أو السكر, مجمدة",15
20049000100,ورق العنب المحضرة أو المحفوظة بغير الخل أو حمض الخليك أو السكر (مجمدة),25
20049000900,"خضر أخر وخليط خضر, محضرة أو محفوظة بغير الخل أو حمض الخليك أو السكر, مجمدة (غ.م.ك)",25
20051000000,"خضر أخر متجانسة محضرة أو محفوظة بغير الخل أو حمض الخليك أو السكر, غير مجمدة",25
20052010100,شيبس بطاطا بعبوات تزيد عن 250 غرام مستورد من قبل المصانع كمدخلات انتاج,0
20052010900,(غير محدد في المصدر),0
20052090100,محضرات من بطاطا طازجة (غير المصنعة من دقيق او مسحوق البطاطا على شكل رقائق او عيدان او غيرها من الاشكال (شيبس),25
20052090200,شيبس بطاطا بعبوات تزيد عن 250 غرام,25
20052090900,غيرها,25
20054000000,بازلاء ( بيسوم ساتيفيوم) محضرة أو محفوظة بغير الخل أو حمض الخليك أو السكر,25
20055100000,"لوبياء وفاصولياء, مقشورة محضرة أو محفوظة بغير الخل أو حمض الخليك أو السكر, غير مجمدة عدا المنتجات الداخلة في البند 2006",5
20055900000,"لوبياء وفاصولياء (غ. م.ك. محضرة أو محفوظة بغير الخل أو حمض الخليك أو السكر, غير مجمدة",25
20056000000,"هليون محضر أو محفوظ بغير الخل أو حمض الخليك أو السكر, غير مجمد",25
20057000100,زيتون جاهز للاستهلاك محفوظ بغير الخل غير مجمد بعبوات يزيد وزنها عن 20 كغم,25
20057000900,"زيتون محضر أو محفوظ بغير الخل أو حمض الخليك أو السكر, غير محمد (غ.م.ك)",25
20058000000,"ذرة حلوة (زياميس, ساكاراتا) محضرة أو محفوظة بغير الخل أو حمض الخليك أو السكر, غير مجمدة",15
20059100000,براعم بامبو (بوص هندي),25
20059910100,بقوليات أخر و.... محضرة أو محفوظة بغير الخل أو ... غير مجمدة المستورد من قبل المصانع كمدخلات انتاج,0
20059910900,"خضر أخر و خليط خضر, محضرة أو محفوظة بغير الخل أو ... غير مجمدة المستورد من قبل المصانع كمدخلات انتاج",0
20059990100,فول معلب محضر أو محفوظ بغير الخل أو حمض الخليك أو السكر,25
20059990200,حمص معلب محضر أو محفوظ بغير الخل أو حمض الخليك أو السكر,25
20059990300,عدس سائل معلب محضر او محفوظ بغير الخل او حامض الخليك او السكر,25
20059990400,ورق العنب المحضرة أو المحفوظة بغير الخل أو حمض الخليك أو السكر غير مجمدة),25
20059990500,ارضي شوكي محضر او محفوظ بغير الخل أو حمض الخليك.,25
20059990900,"خضر أخر وخليط خضر محضرة أو محفوظة بغير الخل أو حمض الخليك أو السكر, غير مجمدة (غ.م.ك)",25
20060000000,خضر وفواكه وأثمار قشرية وقشور فواكه وأجزاء أخر من نباتات محفوظة بالسكر,25
20071000000,مربى فواكة وهلام و خبيص (مرملاد) أو هريس أو عجن فواكة أو أثمار قشرية مطبوخة متجانسة,15
20079100000,مربى حمضيات وهلام وخبيص (مرملاد) أو هريس أو عجن حمضيات مطبوخة,25
20079900100,دبس العنب,15
20079900200,قمر الدين,15
20079900400,مربى وهلام فواكة بعبوات تزيد عن 25 كغم مستوردة من قبل المصانع كمدخلات إنتاج,15
20079900900,"غيرها من مربى وهلام فواكة ، خبيص (مرملاد) أو هريس أو عجن فواكة أو أثمار قشرية مطبوخة وإن اضيف اليها سكر أو مواد تحليه أخر",15
20081110000,زبدة الفول السوداني المستورد من قبل المصانع كمدخلات انتاج,0
20081190100,الفول السوداني المحمص,25
20081190900,الفول سوداني و زبدة الفول سوداني المحضر أو المحفوظ ( ع م ك ),25
20081911000,عجينة البندق او عجينة الفستق بعبوات لا يقل وزنها عن 20 كغم,0
20081919101,جوز الكاجو المحمص,15
20081919102,لوز محمص,15
20081919103,بندق محمص,15
20081919104,فستق حلبي محمص,15
20081919105,جوز الماكديميا المحمص,15
20081919106,جوز عادي محمص,15
20081919107,جوز برازيلي محمص,15
20081919900,"أثمار قشرية محمصة من الفصل () 8، بما فيها المخاليط ، محضرة أو محفوظة بطريقة أخرى (غ.م.ك)",15
20081921000,عجينة البندق او عجينة الفستق بعبوات لا يقل وزنها عن 20 كغم,0
20081929000,غيرها من ثمار قشرية من الفصل (8),15
20081990100,"الطحينة ( عصارة السمسم ), (غ.م.ك)",15
20081990200,بذور الكوسا المحمصة,15
20081990300,بذور القرع المحمصة,15
20081990400,بذور البطيخ المحمصة,15
20081990900,"أثمار قشرية وبذور أخر محمصة من اصناف فصل (07) و (12) بما فيها مخاليط, محضرة أو محفوظة بطريقة أخرى (غ.م.ك)",15
20082010000,حبيبات أو هريس أو عجن مستوردة من قبل المصانع كمدخلات انتاج (أناناس),0
20082090000,"أناناس محضر أو محفوظ بطريقة أخرى, (غ.م.ك)",25
20083010000,حبيبات أو هريس أو عجن مستوردة من قبل المصانع كمدخلات انتاج (حمضيات),0
20083090000,"حمضيات محضرة أو محفوظة بطريقة أخرى, (غ.م.ك)",25
20084000000,"كمثرى (أجاص) محضر أو محفوظ بطريقة أخرى, (غ.م.ك)",15
20085010000,مشمش محضر أو محفوظ بطريقة أخرى ضمن عبوات من كغم 25 فما فوق,0
20085090000,"مشمش محضر أو محفوظ بطريقة أخرى, (غ. م.ك)",25
20086000000,"کرز محضر أو محفوظ بطريقة أخرى, (غ. م.ك)",25
20087010000,خوخ (دراق) بمافيها النكترين محضر أو محفوظ بطريقة أخرى ضمن عبوات من 25 كغم فما فوق,0
20087090000,"خوخ (دراق بمافيها النكترين محضر أو محفوظ بطريقة أخرى, (غ. م.ك)",15
20088010000,فراولة (فريز) محضرة أو محفوظة بطريقة أخرى ضمن عبوات من 25 كغم فما فوق,0
20088090000,فراولة (فريز) محضرة أو محفوظة بطريقة أخرى (غ. م.ك),25
20089100000,"قلب النخيل محضر أو محفوظ بطريقة أخرى, (غ. م.ك)",15
20089310000,هريس.. توت برى فاكسينيوم ماكروكربون.. محضر أو محفوظ بطريقة .. مستورد من قبل مصانع كمدخل انتاج,0
20089390000,"توت برى فاكسينيوم ماكروكربون, فاكسينيوم اوكسيكوكس... محضر أو محفوظ بطريقة أخرى (غ. م.ك)",15
20089700000,مخاليط فواكه وأثمار قشرية وأجزاء أخر من نباتات محضرة أو محفوظة بطريقة أخرى (غ.م.ك),15
20089920000,هريس او عجن فواكة المستورد من قبل المصانع كمدخلات انتاج (غ. م.ك),0
20089990000,"فواكه وأثمار قشرية وأجزاء أخر من نباتات, صالحة للاكل محضرة أو محفوظة بطريقة أخرى, (غ.م.ك)",15
20091110000,"مركزات عصير برتقال طبيعي غير مختمر ولا مضاف إلية كحول, وان .... مجمد بعبوات 25 كغ",0
20091190000,"عصير برتقال غير مختمر ولا مضاف إليه كحول مجمد, عدا مركزات العصير الطبيعي)",15
20091210000,"مركزات عصير برتقال طبيعي غير مختمر ولا مضاف إلية كحول غير مجمد, قيمة بركس 20 بعبوات 25 كغم>=",0
20091290000,"مركزات عصير برتقال غير مختمر ولا مضاف إلية كحول غير مجمد, قيمة بركس 20 (.م.ك)",15
20091910000,"مركز عصير برتقال طبيعي غير مختمر ولا مضاف إلية كحول, مجمد و غير مجمد (غ. م.ك) بعبوة 25 كغ",0
20091990000,عصير ومركز برتقال غير مختمر ولا مضاف إليه كحول غير مجمد يزيد قيمة البركس عن .20,15
20092110000,مركز عصير ليمون هندي جريب فروت طبيعي غير مختمر ولا مضاف إلية كحول قيمة بركس 20 بعبوات =>كغم25,0
20092190000,"مركزات وعصير ليمون هندي جريب فروت غير مختمر ولا مضاف إلية كحول قيمة بركس , 20(غ.م.ك)",25
20092910000,مركز عصير ليمون هندي جريب فروت طبيعي غير مختمر ولا مضاف إلية كحول (غ. م.ك) بعبوات => كغم 25,0
20092990000,مركزات و عصير ليمون هندي جريب فروت غير مختمر ولا مضاف إلية كحول (غ. م.ك),25
20093110000,"مركزات عصير حمضيات اخر طبيعي, غير مختمر ولا مضاف إلية كحول (غ. م.ك) قيمة بركس 20 بعبوات =>كغم25",0
20093190000,"مركزات وعصير حمضيات اخر غير مختمر ولا مضاف إلية كحول, قيمة بركس 20 (.م.ك)",15
20093910000,مركزات و عصير حمضيات اخر غير مختمر ولا مضاف إلية كحول (غ. م.ك) بعبوات =>كغم25,0
20093990000,مركزات و عصير حمضيات اخر غير مختمر ولا مضاف إلية كحول (غ.م.ك),15
20094110000,مركزات عصير اناناس طبیعی غیر مختمر ولا مضاف إلية كحول قيمة بركس 20 بعبوات =>كغم25,0
20094190000,مركزات و عصير اناناس غير مختمر ولا مضاف إلية كحول قيمة بركس 20 غ. م.ك),25
20094910000,مركزات عصير اناناس طبيعي غير مختمر ولا مضاف إلية كحول (غ.م.ك) بعبوات كغم25,0
20094990000,مركزات و عصير اناناس غير مختمر ولا مضاف إلية كحول (غ. م.ك),15
20095000000,مركزات عصير بندورة طبيعيه غير مختمر ولا مضاف إليه كحول وان اضيف اليه سكر او مواد تحلية آخر,15
20096110000,مركز عصير عنب بمافيه سلافة عنب طبيعي غير مختمر ولا مضاف إلية كحول قيمة بركس 20 بعبوات =>كغم25,0
20096190000,"مركزات وعصير عنب بما فيه سلافة العنب غير مختمر ولا مضاف إلية كحول قيمة بركس , 20(غ. م.ك)",15
20096910000,"مركزات عصير عنب بمافيه سلافة العنب ) طبيعي, غير مختمر ولا مضاف إلية كحول, (غ. م. ك) بعبوات > كغم25",0
20096990000,مركزات وعصير عنب بمافيه سلافة العنب غير مختمر ولا مضاف إلية كحول (غ. م.ك),15
20097110000,"مركزات عصير تفاح طبيعي, غير مختمر ولا مضاف إلية كحول قيمة بركس فيه 20 بعبوات 25 كغم =",0
20097190000,مرکزات و عصير تفاح غير مختمر و لا مضاف إلية كحول قيمة بركس فيه 20م..ك),15
20097910000,"مركزات عصير تفاح طبيعي, غير مختمر و لا مضاف إلية كحول (غ. م.ك) بعبوات > كغم25",0
20097990000,"مركزات و عصير تفاح, غير مختمر ولا مضاف إلية كحول (غ. م.ك)",15
20098110000,مرکز عصير توت برى طبيعي ( فاكسينيوم ماكروكربون.. غير مختمر ولا مضاف .. مشروب روحي.. بعبوات 25 كغم =,0
20098190000,"عصير توت برى فاكسينيوم ماكروكربون, فاكسينيوم اوكسيكوكس.. غير مختمر ولا مضاف .. مشروب روحي... . .غم",15
20098910000,مركز عصير طبيعي من فواكة .. غير مختمر ولا مضاف اليه مشروبات روحية وان اضيف .. بعبوات .25(كغم غ.م>=,0
20098920000,دبس التمر بدون إضافة سكر غير مختمر ولا مضاف إليه كحول,0
20098990000,"عصير من نوع اخر من الفواكة او الخضر, غير مختمر ولا مضاف اليه مشروبات روحية وان اضيف... ). غم.ك(",15
20099020000,"مركزات مخاليط عصير طبيعي، من فواكه او خض, غير مختمر ولا مضاف إليها كحول (غ. م.ك) بعبوات 25 كغم",0
20099090000,مخاليط عصير فواكه او خضار غير مختمرة ولا مضاف إليها كحول (غ. م.ك),15
21011110000,خلاصات وأرواح ومركزات بن المستورد من قبل المصانع كمدخلات انتاج,0
21011190000,خلاصات وأرواح ومركزات بن (غ.م.ك),5
21011200100,محضرات أساسها البن,5
21011200900,محضرات أساسها خلاصات أو أرواح أو مركزات البن (غ.م.ك),5
21012010000,خلاصات وأرواح ومركزات شاي هذه الأصناف أو أساسها الشاي أو المته المستورد من قبل المصانع كمدخلات انتاج على ان لا تكون مهيأة للبيع بالتجزئة,0
21012090000,خلاصات وأرواح ومركزات شاي أو متة ومحضرات أساسها هذه الأصناف أو أساسها الشاي أو المته (غ.م.ك),25
21013000000,هندباء (شكوريا) محمصة وغيرها من أبدال البن المحمصة وخلاصاتها وأرواحها ومركزاتها,5
21021000000,خمائر حية فعالة,5
21022000100,خمائر ميتة غير فعالة,5
21022000900,كائنات مجهرية دقيقة وحيدة الخلية ميتة (غ. م.ك),5
21023000000,مساحيق محضرة للتخمير,5
21031000000,صلصة الصويا,5
21032000000,"صلصة بندورة مسماة كتش أب ، صلصات بندورة اخر",25
21033000000,دقيق ومساحيق خردل و خردل محضر,5
21039010000,صلصات اخر و محضرات للصلصات (غ. م.ك) ; توابل مخلوطة المستورد من قبل المصانع كمدخلات انتاج,0
21039090000,صلصات اخر و محضرات للصلصات (غ.م.ك) توابل مخلوطة (غ.م.ك),5
21041000000,حساء ومرق ومحضراتها,5
21042010000,محضرات غذائية مركبة متجانسة المستورد من قبل المصانع كمدخلات انتاج,0
21042090000,محضرات غذائية مركبة متجانسة (غ.م.ك),25
21050000000,بوظة (ICE CREAM) ومثلجات أخر صالحة للأكل,5
21061000100,مركزات بروتين ومواد بروتينية معدلة خصائصها الفيزيائية للاستخدام البشري,0
21061000900,مركزات بروتين ومواد بروتينية معدلة خصائصها (غ. م.ك),0
21069020000,محضرات كحولية مركبة من الأنواع المستعملة في صناعة المشروبات,5
21069030000,المحضرات الغذائية (غ. م.ك) المعدة فقط كأغذية للحالات المرضية الخاصة,0
21069040000,منتجات من لبن مستبدل عنصر أو أكثر من عناصره الطبيعية بمادة أخرى المعدة لتغذية الأطفال,0
21069050000,مسحوق الشراب (غ.م.ك),5
21069080000,محضرات غذائية (غ. م.ك) المستوردة من قبل المصانع كمدخلات انتاج,0
21069091000,المتممات الغذائية المهيأة للبيع على شكل مستحضرات صيدلانية بغرض الحفاظ على الصحة,5
21069099100,المحضرات الغذائية المعدة إعدادا خاصا لتغذية الأطفال,15
21069099200,محضرات غذائية تحتوي على عسل,15
21069099300,شيبس يتكون من مخاليط ومن ضمنها البطاطا بعبوات تزيد عن 250 غرام,15
21069099900,محضرات غذائية أخر (غ.م.ك),15
22011010100,"مياه معدنية معبأة في عبوات اقل من 5 لتر غير محلاة وغير منكهة ، عدا المحتوية على غاز",25
22011010200,مياه معدنية محتوية على غاز معبأة في عبوات اقل من 5 لتر غير محلاة وغير منكهة,25
22011010300,"مياه معدنية محتوية على غاز معبأة في عبوات اكثر من 5 لتر, غير محلاة وغير منكهة",25
22011010900,"مياه معدنية معبأة في عبوات اكثر من 5 لتر, غير محلاة وغير منكهة ، عدا المحتوية على غاز",25
22011090000,"مياه غازية, غير محلاة وغير منكهة",25
22019000100,مياه طبيعية غير محلاة وغير منكهة,5
22019000900,مياه اخر عدا المعدنية والغازية والطبيعية غير محلاة أو منكهة جليد وثلج,5
22021000100,مياه غازية محلاة أو منكهة جاهزة للاستهلاك المباشر في عبوات مستردة,15
22021000200,مياه غازية محلاة أو منكهة جاهزة للاستهلاك المباشر في عبوات غير مستردة,15
22021000300,مياه معدنية محلاة أو منكهة,15
22021000400,مياه طبيعية محلاة أو منكهة,15
22021000500,"مشروبات غازية أخر غير كحولية, عدا عصائر الفواكة أو الخضر الداخلة في البند ()2009",15
22021000600,مشروبات الطاقة الغازية,15
22021000900,مياه أخر عدا المعدنية والغازية والطبيعية محلاة أو منكهة,15
22029100000,جعة ( بيرة) من غير كحول,25
22029910000,أغذية متكاملة على شكل مشروبات جاهزة للاستخدام لحالات مرضية خاصة,0
22029990100,"مشروبات غير كحولية غازية, اساسها عصائر الفواكة أو الخضر الداخلة في البند ()2009",25
22029990200,"مشروبات غير كحولية, اساسها عصائر الفواكة أو الخضر الداخلة في البند ()2009",25
22029990300,شراب شعير غير كحولي,25
22029990400,حليب منكه,25
22029990500,"مشروبات أخر غير كحولية غازية ، عدا عصائر الفواكه أو الخضر الداخلة في البند () 2009(غ.م .ك )",25
22029990900,"مشروبات أخر غير كحولية ، عدا عصائر الفواكة أو الخضر الداخلة في البند () 2009(غ. م.ك)",25
22030000000,جعة ( بيرة ) مصنوعة من الشعير الناشط,0
22041010000,بقيمة لا تزيد عن 4 دنانير / لتر,0
22041020000,بقيمة تزيد عن 4 دنانير / لتر ولا تتجاوز 16 دينار / لتر,0
22041090000,بقيمة تزيد عن 16 دنانير / لتر,0
22042110000,بقيمة لا تزيد عن 4 دنانير / لتر,0
22042120000,بقيمة تزيد عن 4 دنانير / لتر ولا تتجاوز 16 دينار لتر,0
22042190000,بقيمة تزيد عن 16 دنانير / لتر,0
22042210000,بقيمة لا تزيد عن 4 دنانير / لتر,0
22042220000,بقيمة تزيد عن 4 دنانير / لتر ولا تتجاوز 16 دينار / لتر,0
22042290000,بقيمة تزيد عن 16 دنانير / لتر,0
22042910000,بقيمة لا تزيد عن 4 دنانير / لتر,0
22042920000,بقيمة تزيد عن 4 دنانير / لتر ولا تتجاوز 16 دينار لتر,0
22042990000,بقيمة تزيد عن 16 دنانير / لتر,0
22043010000,بقيمة لا تزيد عن 4 دنانير / لتر,0
22043020000,بقيمة تزيد عن 4 دنانير / لتر ولا تتجاوز 16 دينار / لتر,0
22043090000,بقيمة تزيد عن 16 دنانير / لتر,0
22051010000,بقيمة لا تزيد عن 4 دنانير / لتر,0
22051090000,بقيمة تزيد عن 4 دنانير / لتر,0
22059010000,بقيمة لا تزيد عن 4 دنانير / لتر,0
22059090000,بقيمة تزيد عن 4 دنانير / لتر,0
22060000000,"مشروبات مخمرة أخر ) مثل شراب تفاح أو كمثرى أو محلول العسل أو أرز ""ساكيه"" ) ؛ مخاليط من مشروبات مخمرة ومخاليط من مشروبات مخمرة مع",0
22071000000,كحول إيثيل غير معطل (غير محول عياره الكحولي الحجمي % 80أو أكثر حجماً,0
22072000000,كحول إيثيل معطل وغيره من أرواح الكحولات الإثيلية المعطلة من أي عيار كان,0
22082010000,بقيمة لا تزيد عن 4 دنانير / لتر,0
22082090000,بقيمة تزيد عن 4 دنانير / لتر,0
22083010000,بقيمة لا تزيد عن 4 دنانير / لتر,0
22083020000,بقيمة تزيد عن 4 دنانير / لتر ولا تتجاوز 16 دينار / لتر,0
22083090000,بقيمة تزيد عن 16 دنانير / لتر,0
22084010000,بقيمة لا تزيد عن 4 دنانير / لتر,0
22084090000,بقيمة تزيد عن 4 دنانير / لتر,0
22085010000,بقيمة لا تزيد عن 4 دنانير / لتر,0
22085090000,بقيمة تزيد عن 4 دنانير / لتر,0
22086010000,بقيمة لا تزيد عن 4 دنانير / لتر,0
22086090000,بقيمة تزيد عن 4 دنانير / لتر,0
22087010000,بقيمة لا تزيد عن 4 دنانير / لتر,0
22087090000,بقيمة تزيد عن 4 دنانير / لتر,0
22089050000,كحول إيثيل غير محول يقل عيار .. المستورد من قبل المصانع كمدخلات إنتاج أو للاستخدام الطبي,5
22089091000,بقيمة لا تزيد عن دينار 4 لتر,0
22089099000,بقيمة تزيد عن 4 د/لتر,0
22090010000,خل صالح للاكل وابدال خل صالحة للاكل متحصل عليها من حامض الخليك مستورد.. مصانع كمدخل انتاج,0
22090090000,خل صالح للاكل وابدال خل صالحة للاكل متحصل عليها من حامض الخليك (غ) م ك ),15
23011000000,"دقيق وكسب وكتل (بيليت) من لحوم أو من أحشاء وأطراف، مساحيق قشور (جرو) أسماك ، غير صالحة للاستهلاك البشري",5
23012000000,دقيق وكسب وكتل (بيليت) من أسماك أو قشريات أو رخويات أو من لا فقريات مائية أخر,5
23021000000,نخالة وسفالة ومعالجات أخر من ذرة,0
23023000000,نخالة وسفالة ومعالجات أخر من قمح,0
23024000000,نخالة وسفالة ومعالجات أخر من حبوب أخر,0
23025000000,نخالة وسفالة ومعالجات أخر من بقوليات,0
23031000000,نفايا صناعة النشاء وما يماثلها,0
23032000000,تفالات الشمندر (بنجر) ومصقوص قصب السكر (باجاس) ونفايا صناعة السكر أخر,0
23033000000,رواسب ونفايا صناعة الجعة (البيرة) أو تقطير الكحول,0
23040000000,كسب وغيرها من بقايا صلبة (وإن كانت مجروشة أو بشكل كتل) ناجمة عن استخلاص زيت فول الصويا,0
23050000000,كسب وغيرها من بقايا صلبة (وإن كانت مجروشة أو بشكل كتل) ناجمة عن استخلاص زيت الفول السوداني,0
23061000000,كسب وبقايا صلبة أخر ... من بذور قطن,0
23062000000,كسب وبقايا صلبة أخر ... من بذور كتان,0
23063000000,كسب وبقايا صلبة أخر ... من بذور عباد الشمس,0
23064100000,كسب وبقايا صلبة أخر ... من بذور اللفت (بذور السلجم) او بذور كولزا منخفضة حمض ايروسيك,0
23064900000,كسب وبقايا صلبة أخر ... من بذور اللفت (بذور السلجم) او بذور كولزا ... (غ.م.ك),0
23065000000,كسب وبقايا صلبة أخر ... من جوز الهند أو لب جوز الهند (كوبرا),0
23066000000,كسب وبقايا صلبة أخر ... من جوز النخيل أو من لبه,0
23069010000,كسب وبقايا صلبة أخر ... من ذرة,0
23069020000,كسب وبقايا صلبة أخر ... من سمسم,0
23069030000,كسب وبقايا صلبة أخر ... من زيتون,0
23069090000,كسب وبقايا صلبة أخر ... (غ.م.ك),0
23070000000,ثفل (درد) النبيذ؛ طرطرات خام,0
23080000000,مواد نباتية وفضلات ونفايا ومحصلات ثانوية نباتية ...,0
23091000000,"أغذية للكلاب أو للقطط، مهيأة للبيع بالتجزئة",0
23099010000,"مركزات ومواد علفية أولية (اضافات علفية) لتصنيع العلف، محضرات لتغذية العجول (بدائل حليب)",0
23099020000,بدائل الحليب لتغذية صغار الحيوانات,0
23099030000,أغذية أسماك الزينة,5
23099040000,أغذية الطيور (عدا الدواجن),5
23099050000,أغذية حيوانات أليفة أخر,5
23099090000,محضرات من نوع المستعمل في تغذية الحيوانات (غ.م.ك),0
24011030000,تبغ بأضلاعه غير مصنع المستورد من قبل المصانع كمدخلات انتاج,45
24011090000,تبغ بأضلاعه غير مصنع (غ.م.ك),150
24012030000,تبغ مزال الأضلاع كليا أو جزئيا المستورد من قبل المصانع كمدخلات انتاج,45
24012090000,تبغ مزال الأضلاع كليا أو جزئيا (غ. م.ك),150
24013030000,فضلات تبغ المستوردة من قبل المصانع كمدخلات انتاج,45
24013090000,فضلات تبغ (غ.م.ك),150
24021000000,لفائف غليظة ( سيجار ) أو صغيرة ( سيجار يليوس) محتوية على تبغ,150
24022000100,لفائف عادية (سجائر ) محتوية على تبغ المطروحة للاستهلاك المحلي,150
24022000200,"لفائف عادية (سجائر ) محتوية على تبغ, لغايات التصدير",150
24022000900,لفائف عادية ( سجائر ) محتوية على تبغ المسلمة للقوات المسلحة,150
24029010000,لفائف غليظة ( سيجار ) بانواعها محتوي على أبدال تبغ,150
24029020100,لفائف عادية (سجائر ) محتوية على أبدال تبغ المطروحة للاستهلاك المحلي,150
24029020200,"لفائف عادية ( سجائر ) محتوية على أبدال تبغ ، لغايات التصدير",150
24029020900,"لفائف عادية (سجائر), محتوية على أبدال تبغ المسلمة للقوات المسلحة",150
24031100000,"تبغ الاركيلة ""شيشة"" (معسل) المحدد في ملاحظة بند فرعي (1) .. وإن احتوى على أبدال تبغ بأية نسبة كانت",150
24031910000,"تبغ للتدخين, وإن احتوىعلى أبدال تبغ باي نسبة كانت مستورد.. مصانع كمدخل انتاج لصناعة السجائر",75
24031990100,تمباك,150
24031990200,معسل من أبدال التبغ,150
24031990900,"تبغ مصنع للتدخين, وإن احتوىعلى أبدال تبغ باي نسبة كانت (غ. م.ك)",150
24039110000,تبغ متجانس أو مجدد المستوردة من قبل المصانع كمدخلات انتاج,45
24039190000,تبغ متجانس أو مجدد (غ. م.ك),150
24039930000,خلاصات وارواح التبغ,5
24039940000,تبغ مصنع أخر المستورد من قبل المصانع كمدخلات انتاج ( ع م ك ),45
24039990100,تمباك,150
24039990900,تبغ مصنع آخر (غ.م.ك),150
24041111000,"منتجات تبغ معدة للاستنشاق من خلال الاجهزة الالكترونية او الكهربائية ، غير تامة الصنع المستوردة من قبل المصانع كمدخلات انتاج",75
24041119000,منتجات تبغ معدة للاستنشاق من خلال الاجهزة الالكترونية او الكهربائية,150
24041190000,"غيرها، محتوية على تبغ أو تبغ مجدد",150
24041210100,سوائل معبأة في سجائر الكترونية مستهلكة غير قابل لاعادة التعبئة,5
24041210900,سوائل مستخدمة في السجائر الالكترونية,5
24041290000,"غيرها، محتوية على نيكوتين",5
24041910100,سوائل معبأة بسجائر الكترونية مستهلكة غير قابل لاعادة التعبئة,5
24041910900,سوائل سجائر الكترونية,5
24041990000,غيرها,150
24049100000,للاستخدام عن طريق الفم,0
24049200000,للاستخدام عن طريق الجلد,0
24049900000,غيرها من المنتجات المعدة لادخال النيكوتين للجسم البشري,0
25010000000,ملح (بما فيه ملح الطعام وملح معدل الخواص) وان كان بمحلول مائي أو مضافا إليه مواد مانعة للتكتل أو مواد تزيد في سيولته ؛ ماء بحر,0
25020000000,بيريت حديد غير محمص,0
25030000000,كبريت من جميع الانواع عدا الكبريت المتسامي والمرسب والغروي,0
25041000000,"جرافيت طبيعي، بشكل مسحوق أو قشور",0
25049000000,جرافيت طبيعي (غ.م.ك),0
25051000000,رمال السيليكا ورمال المرو (كوارتز),0
25059000000,رمال طبيعية أخر (غ.م.ك),0
25061000000,مرو (كوارتز) (عدا الرمال الطبيعية),0
25062000000,كوارتزيت (مرو يت),0
25070000000,كاولين وانواع طين الكاولين اخر وان كانت مكلسة,0
25081000000,بنتونايت,0
25083000000,طين حراري,0
25084000000,أنواع طين أخر,0
25085000000,اندلوسيت وكيانيت وسيلمانيت,0
25086000000,موليت,0
25087000000,أتربة شاموت أو ديناس,0
25090000000,طباشير (كربونات الكالسيوم الطبيعية),0
25101000000,"فوسفات كالسيوم طبيعية، فوسفات الومنيوم وكالسيوم طبيعية وطباشير فوسفاتي، غير مطحونة",0
25102000000,"فوسفات كالسيوم طبيعية، فوسفات الومنيوم وكالسيوم طبيعية وطباشير فوسفاتي، مطحونة",0
25111000000,كبريتات باريوم طبيعية (باريث),0
25112000000,كربونات باريوم طبيعية (ويدريت),0
25120000000,"دقيق سيليسي احفوري (مثل، كيزلغور، تربوليت، دياتوميت) واتربة سيليسية مماثلة، وان كانت مكلسة، ذات كثافة ظاهرية لا تزيد عن 1",0
25131000000,خفاف (حجر الحك),0
25132000000,"صنفرة (امري)؛ كورندوم طبيعي، عقيق طبيعي ومواد سحج (جلخ) طبيعية أخر",0
25140000000,"اردواز، وان كان مشذباً او مقطعاً، بواسطة النشر او بغيره، الى كتل او الواح بشكل مستطيل (بما فيه المربع)",0
25151100000,"رخام وترافرتين، خام او مشذب",0
25151200000,"رخام وترافرتين، مقطع فقط، بواسطة النشر أو بغيره، إلى كتل أو ألواح بشكل مستطيل (بما فيه المربع)",0
25152000000,احجار جيرية (ايكوسين) واحجار كلسية أخر للنحت او للبناء؛ مرمر,0
25161100000,"جرانيت، خام او مشذب",0
25161200000,"جرانيت، مقطع فقط، بواسطة النشر او بغيره، إلى كتل او الواح بشكل مستطيل (بما فيه المربع)",0
25162000000,حجر رملي,0
25169000000,احجار نحت او بناء اخر (غ.م.ك),0
25171000000,"حصى، وحصى ناعم وحجارة مجروشة او مكسرة، من الانواع المستعملة عادة في الخرسانة او رصف الطرق ...",0
25172000000,ماكدام من خبث (سلاج) او من نفايا صناعية تالية (دروس) او من فضلات صناعية مماثلة ...,0
25173000000,تارماكادم,0
25174100000,حبيبات وشظايا ومساحيق من رخام,0
25174900000,حبيبات وشظايا ومساحيق من أحجار أخر (غ.م.ك),0
25181000000,"دولوميت، غير مكلس ولا ملبد (مستك)",0
25182000000,دولوميت مكلس او ملبد (مستك),0
25183000000,دولوميت مدكوك (خلطة تشكيل),0
25191000000,كربونات مغنيسيوم طبيعية (مغنيسيت),0
25199000000,"اكسيد مغنيسيوم (مغنيسيا)، وان كان نقيا كيماويا؛ مغنيسيا منصهرة؛ مغنيسيا محروقة (مستكة) ...",0
25201000000,جص خام (جبس)؛ انهدريت,0
25202000000,"جص (بلاسترز) (مكون من جبس مكلس او كبريتات كالسيوم)، وان كان ملونا، او مضافا اليه كميات قليلة من مسرعات او مبطئات",0
25210000000,"فلكس (Castines) واحجار جيرية واحجار كلسية اخر، من الانواع المستعملة لصناعة الكلس او الاسمنت",0
25221000000,كلس حي (Quicklime),0
25222000000,كلس مطفأ,0
25223000000,كلس مائي (هيدروليكي),0
25231000000,اسمنت غير مطحون (كلنكر),0
25232100000,"اسمنت بورتلاندي، ابيض وان كان ملونا اصطناعيا",0
25232900000,اسمنت بورتلاندي (غ.م.ك),0
25233000000,اسمنت الوميني,0
25239000000,اسمنت مائي (هيدروليكي) اخر,0
25241000000,حرير صخري (اسبستوس) (كروسيدوليت),0
25249000000,حرير صخري (اسبستوس) (غ.م.ك),0
25251000000,ميكا خام أو مشققة إلى رقائق أو صفائح غير منتظمة,0
25252000000,ميكا مسحوقة,0
25253000000,فضلات ميكا,0
25261000000,"استياتيت طبيعي، غير مجروش ولا مسحوق",0
25262000000,"استياتيت طبيعي، مجروش او مسحوق",0
25280000000,"بورات طبيعية ومركزاتها (وان كانت مكلسة)، عدا البورات المستخرجة من المحاليل الملحية الطبيعية؛ حمض بوريك طبيعي ...",0
25291000000,فلسبار,0
25292100000,"فلورسبار، يحتوي وزنا على 97% او اقل من فلوريد الكالسيوم",0
25292200000,"فلورسبار، يحتوي وزنا على اكثر من 97% من فلوريد الكالسيوم",0
25293000000,لوسيت؛ نيفيلين ونيفيلين سيانيت,0
25301000000,"فيرميكيوليت، بيرليت وكلوريت، غير ممددة",0
25302000000,"كيزريت، وابسومت (كبريتات مغنيسيوم طبيعية)",0
25309010000,اكاسيد حديد ميكاكية طبيعية,0
25309090000,مواد معدنية أخر غير مذكورة ولا داخلة في مكان آخر (غ.م.ك),0
26011100000,"خامات حديد ومركزاتها، غير مكتلة (أغلوميرات)",0
26011200000,"خامات حديد ومركزاتها، مكتلة (أغلوميرات)",0
26012000000,بيريت حديد محمص,0
26020000000,"خامات منغنيز ومركزاتها، بما فيها خامات منغنيز حديدية ومركزاتها تحتوي وزناً على 20% أو أكثر من المنغنيز، محسوباً على المادة الجافة",0
26030000000,خامات نحاس ومركزاتها,0
26040000000,خامات نيكل ومركزاتها,0
26050000000,خامات كوبالت ومركزاتها,0
26060000000,خامات الومنيوم ومركزاتها,0
26070000000,خامات رصاص ومركزاتها,0
26080000000,خامات زنك (توتياء) ومركزاتها,0
26090000000,خامات قصدير ومركزاتها,0
26100000000,خامات كروم ومركزاتها,0
26110000000,خامات تنجستن ومركزاتها,0
26121000000,خامات يورانيوم ومركزاتها,0
26122000000,خامات ثوريوم ومركزاتها,0
26131000000,"خامات موليبدينوم ومركزاتها، محمصة",0
26139000000,خامات موليبدينوم ومركزاتها (غ.م.ك),0
26140000000,خامات تيتانيوم ومركزاتها,0
26151000000,خامات زركونيوم ومركزاتها,0
26159000000,خامات نيوبيوم وتنتالوم وفناديوم ومركزاتها,0
26161000000,خامات فضة ومركزاتها,0
26169000000,خامات معادن ثمينة أخر ومركزاتها,0
26171000000,خامات انتيموان ومركزاتها,0
26179000000,خامات ومركزاتها أخر (غ.م.ك),0
26180000000,خبث محبب (رمل الخبث) من صناعة الحديد أو الصلب,0
26190000000,"خبث (عدا الخبث المحبب)، ونفايا صناعية تالية (دروس) وفضلات أخرى من صناعة الحديد أو الصلب",0
26201100000,"خبث ورماد وبقايا (عدا تلك الناتجة من صناعة الحديد أو الصلب) تحتوي بصفة رئيسية على زنك، بشكل زنك صلب (Spelter)",0
26201900000,خبث ورماد وبقايا (غ.م.ك) تحتوي بصفة رئيسية على زنك,0
26202100000,حمأة البنزين الرصاصية وحمأة خلطات الرصاص المانعة للخبط (Antiknock compound sludges),0
26202900000,خبث ورماد وبقايا (غ.م.ك) تحتوي بصفة رئيسية على رصاص,0
26203000000,خبث ورماد وبقايا (عدا تلك الناتجة من صناعة الحديد أو الصلب) تحتوي بصفة رئيسية على نحاس,0
26204000000,خبث ورماد وبقايا (عدا تلك الناتجة من صناعة الحديد أو الصلب) تحتوي بصفة رئيسية على المنيوم,0
26206000000,خبث ورماد وبقايا (عدا تلك الناتجة من صناعة الحديد أو الصلب) تحتوي على زرنيخ أو زئبق أو ثاليوم أو خلائطها...,0
26209100000,خبث ورماد وبقايا (غ.م.ك) تحتوي على انتيموان او بيريليوم او كادميوم او كروم او خلائطها,0
26209900000,خبث ورماد وبقايا (غ.م.ك),0
26211000000,رماد وبقايا ناتجة عن حرق النفايات البلدية,0
26219000000,خبث ورماد أخر (غ.م.ك),0
27011100000,"فحم حجري (انتراسيت)، وان كان مسحوقاً ولكن غير مكتل",0
27011200000,"فحم حجري (بيتيوميني)، وان كان مسحوقاً ولكن غير مكتل",0
27011900000,"فحم حجري آخر، وان كان مسحوقاً ولكن غير مكتل",0
27012000000,قوالب وكرات وفحم بجم وكريات وأشكال صلبة مماثلة محضرة من الفحم الحجري,0
27021000000,"لغنيت (Lignite)، وان كان مسحوقاً ولكن غير مكتل",0
27022000000,لغنيت (Lignite) مكتل,0
27030000000,"خث (Peat) (بما فيه نفايا الخث)، وان كان مكتلاً",0
27040000000,"كوك ونصف كوك من فحم حجري أو من لغنيت أو من خث، وان كان مكتلاً؛ فحم المعوجات",0
27050000000,"غاز الفحم الحجري، غاز الماء، غاز المولدات، غاز الماء الفقير وغازات مماثلة، عدا غازات النفط (البترول) والهيدروكربونات الغازية الأخر",0
27060000000,"قطران مقطر من فحم حجري أو من لغنيت أو من خث، وقطرانات معدنية أخر، وان كانت مجففة أو مقطرة جزئياً، بما فيها القطران المجدد",0
27071000000,بنزول (بنزين) (Benzol),0
27072000000,تولوول (تولوين) (Toluol),0
27073000000,كسيلول (كسيلين) (Xylol),0
27074000000,نفثالين,0
27075000000,مخاليط هيدروكربونية عطرية أخر تقطر %65 أو أكثر من حجمها (بما فيه الفواقد) عند درجة حرارة 250 مئوية (حسب طريقة ASTM D 86),0
27079100000,زيوت كريوزوت,0
27079900000,غيرها (زيوت ومنتجات أخرى للتقطير),0
27081000000,قار (Pitch),0
27082000000,كوك القار,0
27090000000,"زيوت نفط وزيوت متحصل عليها من مواد معدنية قارية، خام",0
27101210000,بنزين طائرات (Av.Gas),6.5
27101221000,وايت سبيريت (White spirit),0
27101222000,أرواح خاصة (Special spirits),0
27101229000,زيوت خفيفة ومحضرات أخر (غ.م.ك),30
27101230000,بنزين (غازولين) للسيارات,0
27101240000,بنزين طائرات نفاثة (Jet fuel),30
27101290000,زيوت خفيفة ومحضرات أخر (غ.م.ك),0
27101910000,كاز (Kerosene) للطائرات النفاثة,0
27101920000,كاز (Kerosene) عادي (للاضاءة او التدفئة),0
27101930000,سولار (Gas oil / Diesel),0
27101940000,زيوت وقود (فيول اويل / مازوت),0
27101951000,شحوم تزليق (Polyurea grease),20
27101952000,سوائل مكابح هيدروليكية,0
27101959000,زيوت تزليق وزيوت محركات وزيوت هيدروليك وشحوم ومحضرات أخر (غ.م.ك),0
27101990000,زيوت ثقيلة ومحضرات أخر (غ.م.ك),0
27102000000,زيوت نفط وزيوت متحصل عليها من مواد معدنية قارية (غير الخام) ومحضرات ... تحتوي على ديزل حيوي,0
27109100000,زيوت نفايات تحتوي على ثنائي الفينيل متعدد الكلور (PCBs) أو ثلاثي الفينيل متعدد الكلور (PCTs) أو ثنائي الفينيل متعدد البروم (PBBs),0
27109900000,زيوت نفايات أخر,0
27111100000,"غاز طبيعي، مسيل",0
27111200000,"بروبان، مسيل",0
27111300000,"بوتان، مسيل",0
27111400000,"ايثيلين، بروبيلين، بوتيلين وبوتاديين، مسيلة",0
27111900000,غازات أخر مسيلة (غ.م.ك),0
27112100000,"غاز طبيعي، بحالته الغازية",0
27112900000,غازات أخر بحالتها الغازية (غ.م.ك),15
27121000000,فازلين (Petroleum jelly),0
27122000000,شمع بارافين (Paraffin wax) يحتوي وزناً على أقل من 0.75% من الزيت,0
27129000000,شموع ومواد أخر (غ.م.ك),0
27131100000,"كوك نفط، غير مكلس",0
27131200000,"كوك نفط، مكلس",0
27132000000,قار نفط (Petroleum bitumen),0
27139000000,بقايا أخر لزيوت النفط أو الزيوت المتحصل عليها من مواد معدنية قارية,0
27141000000,صفائح سجيلية قارية (Bituminous or oil shale) ورمال قارية,0
27149000000,قاري ومواد قارية (أسفلت) طبيعية,0
27150000000,مخاليط قارية اساسها الاسفلت الطبيعي او القار النفطي او القطران المعدني او قارج القطران المعدني (مثل ماستيك قاري وCut-backs),0
27160000000,طاقة كهربائية,
28011000000,ﻛﻠــﻮر,5
28012000000,ﯾـــﻮد,0
28013000000,ﻓﻠـﻮر ; وﺑﺮوم,0
28020000000,زھﺮ ﻛﺒﺮﯾﺖ أو ﻛﺒﺮﯾﺖ ﻣﺮﺳﺐ ; ﻛﺒﺮﯾﺖ ﻏﺮوي,0
28030000000,"(ﻛﺮﺑﻮن )ھﺒﺎب اﻟﻜﺮﺑﻮن وﻏﯿﺮه ﻣﻦ أﺷﻜﺎل اﻟﻜﺮﺑﻮن(, )غ.م.ك",0
28041000000,ﻏﺎز ھﯿﺪروﺟﯿﻦ,0
28042100000,ﻏﺎز اﻷرﻏﻮن,0
28042900000,( ﻏﺎزات ﻧﺎدرة )ﻋﺪا اﻻرﻏﻮن,0
28043000000,ﻏﺎز اﻟﻨﯿﺘﺮوﺟﯿﻦ,5
28044000100,اﻷوﻛﺴﺠﯿﻦ اﻟﻄﺒﻲ,5
28044000900,ﻏﯿﺮھﺎ,5
28045000000,ﺑﻮرون ; ﺗﯿﻠﻠﻮرﯾﻮم,0
28046100000,% ﻣﻦ اﻟﺴﯿﻠﻜﻮن 99.99 ﺳﯿﻠﯿﻜﻮن ﯾﺤﺘﻮي <= ﻋﻦ,0
28046900000,(ﺳﯿﻠﯿﻜﻮن )غ.م.ك,0
28047000000,ﻓﻮﺳﻔﻮر,0
28048000000,زرﻧﯿﺦ,0
28049000000,ﺳﯿﻠﯿﻨﯿﻮم,0
28051100000,ﺻﻮدﯾﻮم,0
28051200000,ﻛﺎﻟﺴﯿﻮم,0
28051900000,"(ﻣﻌﺎدن ﻗﻠﻮﯾﺔأو ﻣﻌﺎدن ﻗﻠﻮﯾﺔ ﺗﺮاﺑﯿﺔ,)ﻋﺪا اﻟﺼﻮدﯾﻮم واﻟﻜﺎﻟﺴﯿﻮم",0
28053000000,"ﻣﻌﺎدن أﺗﺮﺑﺔ ﻧﺎدرة,و إﺳﻜﺎﻧﺪﯾﻮم و إﯾﺘﺮﯾﻮم وإن ﻛﺎﻧﺖ ﻣﺨﻠﻮطﺔ أو ﻣﺘﺤﺪة ﻓﯿﻤﺎ ﺑﯿﻨﮭﺎ",0
28054000000,زﺋﺒﻖ,0
28061000000,(ﻛﻠﻮرﯾﺪ ھﯿﺪروﺟﯿﻨﻲ )ﺣﻤﺾ ھﯿﺪروﻛﻠﻮرﯾﻚ,0
28062000000,ﺣﻤﺾ ﻛﻠﻮروﻛﺒﺮﯾﺘﯿﻚ,0
28070000000,(ﺣﻤﺾ ﻛﺒﺮﯾﺘﯿﻚ ؛ﺣﻤﺾ ﻛﺒﺮﯾﺘﯿﻚ زﯾﺘﻲ )أوﻟﯿﻮم,0
28080000000,ﺣﻤﺾ إزوﺗﯿﻚ ) ﻧﺘﺮﯾﻚ ( ؛أﺣﻤﺎض ﺳﻠﻔﻮﻧﺘﺮﯾﻚ,0
28091000000,ﺧﺎﻣﺲ أوﻛﺴﯿﺪ ﺛﺎﻧﻲ اﻟﻔﻮﺳﻔﻮر,0
28092000000,ﺣﻤﺾ ﻓﻮﺳﻔﻮرﯾﻚ واﺣﻤﺎض ﺑﻮﻟﻲ ﻓﻮﺳﻔﻮرﯾﻚ,0
28100000000,أﻛﺎﺳﯿﺪ اﻟﺒﻮرون ; أﺣﻤﺎض ﺑﻮرﯾﻚ,0
28111100000,(ﻓﻠﻮرﯾﺪ اﻟﮭﯿﺪروﺟﯿﻦ )ﺣﻤﺾ ھﯿﺪروﻓﻠﻮرﯾﻚ,0
28111200000,(ﺳﯿﺎﻧﯿﺪ اﻟﮭﯿﺪروﺟﯿﻦ )ﺣﻤﺾ ھﯿﺪروﺳﯿﺎﻧﯿﻚ,0
28111910000,ﺳﯿﺎﻧﯿﺪ اﻟﮭﯿﺪروﺟﯿﻦ,0
28111990000,"(أﺣﻤﺎض ﻏﯿﺮ ﻋﻀﻮﯾﺔ أﺧﺮ,)غ.م.ك",0
28112100000,ﺛﺎﻧﻲ أوﻛﺴﯿﺪ اﻟﻜﺮﺑﻮن,0
28112200000,(ﺛﺎﻧﻲ أوﻛﺴﯿﺪ اﻟﺴﯿﻠﯿﺴﯿﻮم)ﺛﺎﻧﻲ أوﻛﺴﯿﺪاﻟﺴﯿﻠﯿﻜﻮن,0
28112900000,"(ﻣﺮﻛﺒﺎت أوﻛﺴﺠﯿﻦ ﻏﯿﺮ ﻋﻀﻮﯾﺔ ﻣﻦ ﻻﻓﻠﺰات ,)غ.م.ك",0
28121100000,(ﺛﺎﻧﻲ ﻛﻠﻮرﯾﺪ اﻟﻜﺮﺑﻮﻧﯿﻞ )ﻓﻮﺳﺠﯿﻦ,0
28121200000,أوﻛﺴﻲ ﻛﻠﻮرﯾﺪ اﻟﻔﻮﺳﻔﻮر,0
28121300000,ﺛﺎﻟﺚ ﻛﻠﻮرﯾﺪ اﻟﻔﻮﺳﻔﻮر,0
28121400000,ﺧﺎﻣﺲ ﻛﻠﻮرﯾﺪ اﻟﻔﻮﺳﻔﻮر,0
28121500000,ﺣﺎدي ﻛﻠﻮرﯾﺪ اﻟﻜﺒﺮﯾﺖ,0
28121600000,ﺛﺎﻧﻲ ﻛﻠﻮرﯾﺪ اﻟﻜﺒﺮﯾﺖ,0
28121700000,ﻛﻠﻮرﯾﺪ اﻟﺜﯿﻮﻧﯿﻞ,0
28121910000,ﺛﻼﺛﻲ ﻛﻠﻮرﯾﺪ اﻟﺰرﻧﯿﺦ,0
28121990000,(ھﺎﻟﻮﺟﯿﻨﺎت و أوﻛﺴﻲ ھﺎﻟﻮﺟﯿﻨﺎت ﻟﻼﻓﻠﺰات )غ.م.ك,0
28129000000,ﻏﯿﺮھﺎ,0
28131000000,ﺛﺎﻧﻲ ﻛﺒﺮﯾﺘﯿﺪ اﻟﻜﺮﺑﻮن,0
28139000000,(ﻛﺒﺮﯾﺘﯿﺪات ﻻﻓﻠﺰﯾﺔ ؛ ﺛﺎﻟﺚ ﻛﺒﺮﯾﺘﯿﺪ اﻟﻔﻮﺳﻔﻮر اﻟﺘﺠﺎري )غ.م.ك,0
28141000000,ﻏﺎز ﻧﺸﺎدر )أﻣﻮﻧﯿﺎ( ﻻﻣﺎﺋﻲ,0
28142000000,ﻧﺸﺎدر )أﻣﻮﻧﯿﺎ( ﻓﻲ ﻣﺤﻠﻮل ﻣﺎﺋﻲ,0
28151100000,"(ﺻﻮدا ﻛﺎوﯾﺔ)ھﯿﺪروﻛﺴﯿﺪ ﺻﻮدﯾﻮم, ﺟﺎﻣﺪ",0
28151200000,"(ﺻﻮدا ﻛﺎوﯾﺔ)ھﯿﺪروﻛﺴﯿﺪ ﺻﻮدﯾﻮم, ﻓﻲ ﻣﺤﻠﻮل ﻣﺎﺋﻲ",0
28152000000,(ﺑﻮﺗﺎس ﻛﺎوي)ھﯿﺪروﻛﺴﯿﺪ ﺑﻮﺗﺎﺳﯿﻮم,0
28153000000,ﺑﯿﺮوﻛﺴﯿﺪات اﻟﺼﻮدﯾﻮم أو اﻟﺒﻮﺗﺎﺳﯿﻮم,0
28161000000,ھﯿﺪروﻛﺴﯿﺪ و ﺑﯿﺮوﻛﺴﯿﺪ ﻣﻐﻨﯿﺴﯿﻮم,0
28164000000,أﻛﺎﺳﯿﺪ و ھﯿﺪروﻛﺴﯿﺪات و ﺑﯿﺮوﻛﺴﯿﺪات ﻟﺴﺘﺮوﻧﺸﯿﻮم أو ﺑﺎرﯾﻮم,0
28170000000,أوﻛﺴﯿﺪ اﻟﺰﻧﻚ ؛ ﺑﯿﺮوﻛﺴﯿﺪ اﻟﺰﻧﻚ,0
28181000000,"ﻛﻮرﻧﺪوم اﺻﻄﻨﺎﻋﻲ، و إن ﻛﺎن ﻏﯿﺮ ﻣﺤﺪد اﻟﺼﻔﺎت ﻛﯿﻤﺎوﯾﺎ",0
28182000000,"أوﻛﺴﯿﺪ اﻷﻟﻮﻣﻨﯿﻮم، ﻋﺪا اﻟﻜﻮرﻧﺪوم اﻻﺻﻄﻨﺎﻋﻲ",0
28183000000,ھﯿﺪروﻛﺴﯿﺪ اﻷﻟﻮﻣﻨﯿﻮم,0
28191000000,ﺛﺎﻟﺚ أوﻛﺴﯿﺪ اﻟﻜﺮوم,0
28199000000,(أﻛﺎﺳﯿﺪ و ھﯿﺪروﻛﺴﯿﺪات ﻛﺮوم )غ.م.ك,0
28201000000,ﺛﺎﻧﻲ أوﻛﺴﯿﺪ اﻟﻤﻨﻐﻨﯿﺰ,0
28209000000,(أﻛﺎﺳﯿﺪ اﻟﻤﻨﻐﻨﯿﺰ )غ.م.ك,0
28211000000,أﻛﺎﺳﯿﺪ و ھﯿﺪروﻛﺴﯿﺪات اﻟﺤﺪﯾﺪ,0
28212000000,أﺗﺮﺑﺔ ﻣﻠﻮﻧﺔ ﺗﺤﺘﻮي وزﻧﺎ ﻋﻠﻰ % 70أو أﻛﺜﺮ ﻣﻦ اﻟﺤﺪﯾﺪ اﻟﻤﺘﺤﺪ ﻣﻘﯿﻤﺎ ﻛـ Fe2O3,0
28220000000,أﻛﺎﺳﯿﺪ و ھﯿﺪروﻛﺴﯿﺪات ﻛﻮﺑﺎﻟﺖ ؛ أﻛﺎﺳﯿﺪ ﻛﻮﺑﺎﻟﺖ ﺗﺠﺎرﯾﺔ,0
28230000000,أﻛﺎﺳﯿﺪ ﺗﯿﺘﺎﻧﯿﻮم,0
28241000000,"أول أوﻛﺴﯿﺪ اﻟﺮﺻﺎص ( ﻟﯿﺘﺎرج ، ﻣﺎﺳﯿﻜﻮت )",0
28249000000,(أﻛﺎﺳﯿﺪ اﻟﺮﺻﺎص ; ﻣﻨﯿﻮم )ﺳﻠﻘﻮن( وﻣﻨﯿﻮم ﺑﺮﺗﻘﺎﻟﻲ )غ.م.ك,0
28251000000,ھﯿﺪرازﯾﻦ و ھﯿﺪروﻛﺴﯿﻞ أﻣﯿﻦ وأﻣﻼﺣﮭﺎ ﻏﯿﺮ اﻟﻌﻀﻮﯾﺔ,0
28252000000,أوﻛﺴﯿﺪ و ھﯿﺪروﻛﺴﯿﺪ ﻟﯿﺜﯿﻮم,0
28253000000,أﻛﺎﺳﯿﺪ و ھﯿﺪروﻛﺴﯿﺪات ﻓﺎﻧﺎدﯾﻮم,0
28254000000,أﻛﺎﺳﯿﺪ و ھﯿﺪروﻛﺴﯿﺪات ﻧﯿﻜﻞ,0
28255000000,أﻛﺎﺳﯿﺪ و ھﯿﺪروﻛﺴﯿﺪات ﻧﺤﺎس,0
28256000000,أﻛﺎﺳﯿﺪ ﺟﺮﻣﺎﻧﯿﻮم وﺛﺎﻧﻲ أوﻛﺴﯿﺪ زﯾﺮﻛﻮﻧﯿﻮم,0
28257000000,أﻛﺎﺳﯿﺪ و ھﯿﺪروﻛﺴﯿﺪات ﻣﻮﻟﯿﺒﺪﻧﯿﻮم,0
28258000000,أﻛﺎﺳﯿﺪ اﻻﻧﺘﯿﻤﻮان,0
28259000000,(ﻗﻮاﻋﺪ ﻏﯿﺮ ﻋﻀﻮﯾﺔ أﺧﺮ ؛ أﻛﺎﺳﯿﺪ وھﯿﺪروﻛﺴﯿﺪات وﺑﯿﺮوﻛﺴﯿﺪات ﻣﻌﺎدن أﺧﺮ )غ.م.ك,0
28261200000,ﻣﻦ أﻟﻮﻣﻨﯿﻮم,0
28261900000,(ﻓﻠﻮرﯾﺪات )غ.م.ك,0
28263000000,ﺳﺪاﺳﻲ ﻓﻠﻮروأﻟﻮﻣﻨﯿﺎت اﻟﺼﻮدﯾﻮم ) ﻛﺮﯾﻮﻟﯿﺖ اﺻﻄﻨﺎﻋﻲ (,0
28269000000,(ﻓﻠﻮروﺳﯿﻠﻜﺎت و ﻓﻠﻮروأﻟﻮﻣﻨﯿﺎت وأﻣﻼح ﻓﻠﻮرﯾﺔ أﺧﺮ ﻣﻌﻘﺪة )غ.م.ك,0
28271000000,ﻛﻠﻮرﯾﺪ اﻷﻣﻮﻧﯿﻮم )ﻧﺸﺎدر(,0
28272000000,ﻛﻠﻮرﯾﺪ اﻟﻜﺎﻟﺴﯿﻮم,0
28273100000,ﻣﻦ ﻣﻐﻨﯿﺴﯿﻮم,0
28273200000,ﻣﻦ أﻟﻮﻣﻨﯿﻮم,0
28273500000,ﻣﻦ ﻧﯿﻜﻞ,0
28273910000,ﻛﻠﻮرﯾﺪ ﻗﺼﺪﯾﺮ,0
28273920000,ﻛﻠﻮرﯾﺪ اﻟﺒﺎرﯾﻮم,0
28273930000,ﻛﻠﻮرﯾﺪ اﻟﺤﺪﯾﺪ,0
28273940000,ﻛﻠﻮرﯾﺪ اﻟﻛﻮﺑﺎﻟﺖ,0
28273950000,ﻛﻠﻮرﯾﺪ اﻟﺰﻧﻚ,0
28273990000,(ﻛﻠﻮرﯾﺪات أﺧﺮ )غ.م.ك,0
28274100000,ﻣﻦ ﻧﺤﺎس,0
28274900000,(أوﻛﺴﻲ ﻛﻠﻮرﯾﺪات و ھﯿﺪروﻛﺴﻲ ﻛﻠﻮرﯾﺪات )غ.م.ك,0
28275100000,ﺑﺮوﻣﯿﺪات اﻟﺼﻮدﯾﻮم أو اﻟﺒﻮﺗﺎﺳﯿﻮم,0
28275900000,(ﺑﺮوﻣﯿﺪات و أوﻛﺴﻲ ﺑﺮوﻣﯿﺪات )غ.م.ك,0
28276000000,ﯾﻮدﯾﺪات و أوﻛﺴﻲ ﯾﻮدﯾﺪات,0
28281000000,ھﯿﺒﻮﻛﻠﻮرﯾﺖ اﻟﻜﺎﻟﺴﯿﻮم اﻟﺘﺠﺎري وھﯿﺒﻮﻛﻠﻮرﯾﺘﺎت ﻛﺎﻟﺴﯿﻮم أﺧﺮ,0
28289000000,(ھﯿﺒﻮﻛﻠﻮرﯾﺘﺎت ؛ ﻛﻠﻮرﯾﺘﺎت ؛ ھﯿﺒﻮﺑﺮوﻣﯿﺘﺎت )غ.م.ك,0
28291100000,ﻣﻦ ﺻﻮدﯾﻮم,0
28291900000,(ﻛﻠﻮرات )غ.م.ك,0
28299000000,ﺑﯿﺮﻛﻠﻮرات ؛ ﺑﺮوﻣﺎت و ﺑﯿﺮﺑﺮوﻣﺎت ؛ ﯾﻮدات و ﺑﯿﺮﯾﻮدات,0
28301000000,ﻛﺒﺮﯾﺘﯿﺪات ﺻﻮدﯾﻮم,0
28309000000,"(ﻛﺒﺮﯾﺘﯿﺪات ؛ ﻋﺪﯾﺪات ﻛﺒﺮﯾﺘﯿﺪ،وإن ﻛﺎﻧﺖ ﻏﯿﺮ ﻣﺤﺪدة اﻟﺼﻔﺎت ﻛﯿﻤﺎوﯾﺎ )غ.م.ك",0
28311000000,ﻣﻦ ﺻﻮدﯾﻮم,0
28319000000,(دﯾﺘﯿﻮﻧﯿﺘﺎت و ﺳﻠﻔﻮﻛﺴﯿﻼت )غ.م.ك,0
28321000000,ﻛﺒﺮﯾﺘﯿﺘﺎت ﺻﻮدﯾﻮم,0
28322000000,ﻛﺒﺮﯾﺘﯿﺘﺎت أﺧﺮ,0
28323000000,ﺛﯿﻮﻛﺒﺮﯾﺘﺎت,0
28331100000,ﻛﺒﺮﯾﺘﺎت ﺛﻨﺎﺋﻲ اﻟﺼﻮدﯾﻮم,0
28331900000,(ﻛﺒﺮﯾﺘﺎت ﺻﻮدﯾﻮم )غ.م.ك,0
28332100000,ﻣﻦ ﻣﻐﻨﯿﺴﯿﻮم,0
28332200000,ﻣﻦ أﻟﻮﻣﻨﯿﻮم,0
28332400000,ﻣﻦ ﻧﯿﻜﻞ,0
28332500000,ﻣﻦ ﻧﺤﺎس,0
28332700000,ﻣﻦ ﺑﺎرﯾﻮم,0
28332900000,(ﻛﺒﺮﯾﺘﺎت )غ.م.ك,0
28333000000,ﺷﺒﻮت (Alums),0
28334000000,ﺑﯿﺮوﻛﺴﻮﻛﺒﺮﯾﺘﺎت ) ﻓﻮق ﻛﺒﺮﯾﺘﺎت (,0
28341000000,ﻧﯿﺘﺮﯾﺘﺎت,0
28342100000,ﻣﻦ ﺑﻮﺗﺎﺳﯿﻮم,0
28342900000,(ﻧﯿﺘﺮاﺗﺎت )غ.م.ك,0
28351000000,ﻓﻮﺳﻔﯿﻨﺎت (ھﯿﺒﻮﻓﻮﺳﻔﯿﺖ) وﻓﻮﺳﻔﻮﻧﺎت (ﻓﻮﺳﻔﯿﺖ),0
28352200000,ﻣﻦ أﺣﺎدي أو ﺛﻨﺎﺋﻲ اﻟﺼﻮدﯾﻮم,0
28352400000,ﻣﻦ ﺑﻮﺗﺎﺳﯿﻮم,0
28352500000,ھﯿﺪروﺟﯿﻦ أورﺛﻮﻓﻮﺳﻔﺎت ﻛﺎﻟﺴﯿﻮم (ﻓﻮﺳﻔﺎت ﺛﻨﺎﺋﻲ اﻟﻜﺎﻟﺴﯿﻮم),0
28352600000,ﻓﻮﺳﻔﺎت ﻛﺎﻟﺴﯿﻮم أﺧﺮ,0
28352900000,(ﻓﻮﺳﻔﺎت )غ.م.ك,0
28353100000,ﺛﻼﺛﻲ ﻓﻮﺳﻔﺎت اﻟﺼﻮدﯾﻮم ) ﺑﻮﻟﻲ ﺛﻼﺛﻲ ﻓﻮﺳﻔﺎت اﻟﺼﻮدﯾﻮم (,0
28353900000,(ﺑﻮﻟﻲ ﻓﻮﺳﻔﺎت )غ.م.ك,0
28362000000,ﻛﺮﺑﻮﻧﺎت ﺛﻨﺎﺋﻲ اﻟﺼﻮدﯾﻮم )ﺻﻮدا ﻏﺴﯿﻞ(,0
28363000000,ھﯿﺪروﺟﯿﻦ ﻛﺮﺑﻮﻧﺎت اﻟﺼﻮدﯾﻮم ) ﺑﯿﻜﺮﺑﻮﻧﺎت اﻟﺼﻮدﯾﻮم (,0
28364000000,ﻛﺮﺑﻮﻧﺎت ﺑﻮﺗﺎﺳﯿﻮم,0
28365000000,ﻛﺮﺑﻮﻧﺎت ﻛﺎﻟﺴﯿﻮم,0
28366000000,ﻛﺮﺑﻮﻧﺎت ﺑﺎرﯾﻮم,0
28369100000,ﻛﺮﺑﻮﻧﺎت ﻟﯿﺜﯿﻮم,0
28369200000,ﻛﺮﺑﻮﻧﺎت ﺳﺘﺮوﻧﺸﯿﻮم,0
28369900000,(ﻛﺮﺑﻮﻧﺎت ؛ ﺑﯿﺮوﻛﺴﻮﻛﺮﺑﻮﻧﺎت )ﺑﯿﺮﻛﺮﺑﻮﻧﺎت( ؛ ﻛﺮﺑﻮﻧﺎت أﻣﻮﻧﯿﻮم ﺗﺠﺎرﯾﺔ ﻣﺤﺘﻮﯾﺔ ﻋﻠﻰ ﻛﺮﺑﺎﻣﺎت اﻷﻣﻮﻧﯿﻮم )غ.م.ك,0
28371100000,ﻣﻦ ﺻﻮدﯾﻮم,0
28371900000,(ﺳﯿﺎﻧﯿﺪات و أوﻛﺴﻲ ﺳﯿﺎﻧﯿﺪات )غ.م.ك,0
28372000000,ﺳﯿﺎﻧﯿﺪات ﻣﻌﻘﺪة,0
28391100000,ﻣﯿﺘﺎ ﺳﯿﻠﯿﻜﺎت اﻟﺼﻮدﯾﻮم,0
28391900000,(ﺳﯿﻠﯿﻜﺎت ﺻﻮدﯾﻮم )غ.م.ك,0
28399000000,(ﺳﯿﻠﯿﻜﺎت ؛ ﺳﯿﻠﯿﻜﺎت ﻣﻌﺎدن ﻗﻠﻮﯾﺔ ﺗﺠﺎرﯾﺔ )غ.م.ك,0
28401100000,"(رﺑﺎﻋﻲ ﺑﻮرات ﺛﻨﺎﺋﻲ اﻟﺼﻮدﯾﻮم ) ﺑﻮراﻛﺲ ﻣﻨﻘﻰ ( , ﻻﻣﺎﺋﻲ",0
28401900000,"(رﺑﺎﻋﻲ ﺑﻮرات ﺛﻨﺎﺋﻲ اﻟﺼﻮدﯾﻮم ) ﺑﻮراﻛﺲ ﻣﻨﻘﻰ ( , )غ.م.ك",0
28402000000,ﺑﻮرات أﺧﺮ,0
28403000000,ﺑﯿﺮوﻛﺴﻮﺑﻮرات ) ﻓﻮق ﺑﻮرات (,0
28413000000,ﺛﻨﺎﺋﻲ ﻛﺮوﻣﺎت اﻟﺼﻮدﯾﻮم,0
28415000000,ﻛﺮوﻣﺎت و ﺛﻨﺎﺋﻲ ﻛﺮوﻣﺎت أﺧﺮ ؛ ﺑﯿﺮوﻛﺴﻮﻛﺮوﻣﺎت,0
28416100000,ﺑﺮﻣﻨﻐﻨﺎت ﺑﻮﺗﺎﺳﯿﻮم,0
28416900000,(ﻣﻨﻐﻨﯿﺘﺎت و ﻣﻨﻐﻨﺎت و ﺑﺮﻣﻨﻐﻨﺎت )غ.م.ك,0
28417000000,ﻣﻮﻟﯿﺒﺪات,0
28418000000,ﺗﻨﻐﺴﺘﺎت (وﻟﻔﺮاﻣﺎت),0
28419000000,(أﻣﻼح أﺣﻤﺎض أﻛﺎﺳﯿﺪ أو ﺑﯿﺮوﻛﺴﯿﺪات ﻣﻌﺎدن )غ.م.ك,0
28421000000,"ﺳﯿﻠﯿﻜﺎت ﺛﻨﺎﺋﯿﺔ أو ﻣﻌﻘﺪة , ﺑﻤﺎ ﻓﯿﮭﺎ ﺳﯿﻠﯿﻜﺎت اﻷﻟﻮﻣﻨﯿﻮم , ﻣﺤﺪدة اﻟﺼﻔﺎت ﻛﯿﻤﺎوﯾﺎ أم ﻻ",0
28429000000,(أﻣﻼح أﺧﺮ ﻷﺣﻤﺎض ﻏﯿﺮ ﻋﻀﻮﯾﺔ أو ﺑﯿﺮوﻛﺴﻮأﺣﻤﺎض )ﺑﻤﺎ ﻓﯿﮭﺎ أﻟﻮﻣﻨﯿﻮ ﺳﯿﻠﯿﻜﺎت ﻣﺤﺪدة اﻟﺼﻔﺎت ﻛﯿﻤﺎوﯾﺎ أ,0
28431000000,ﻣﻌﺎدن ﺛﻤﯿﻨﺔ ﺑﺸﻜﻞ ﻏﺮوي,0
28432100000,ﻧﯿﺘﺮات اﻟﻔﻀﺔ,0
28432900000,(ﻣﺮﻛﺒﺎت ﻓﻀﺔ )غ.م.ك,0
28433000000,ﻣﺮﻛﺒﺎت ذھﺐ,0
28439000000,(ﻣﺮﻛﺒﺎت ﻣﻌﺎدن ﺛﻤﯿﻨﺔ أﺧﺮ ؛ ﻣﻠﻐﻤﺎت )غ.م.ك,0
28441000000,"ﯾﻮراﻧﯿﻮم طﺒﯿﻌﻲ وﻣﺮﻛﺒﺎﺗﮫ;ﺧﻼﺋﻂوﺗﺒﺪدات (ﺑﻤﺎ ﻓﯿﮭﺎ ﺳﯿﺮﻣﯿﺖ),ﻣﻨﺘﺠﺎت ﺧﺰﻓﯿﺔ وﺧﻼﺋﻂ ﻣﺤﺘﻮﯾﺔ ﻋﻠﻰ ﯾﻮراﻧﯿﻮم ط",0
28442000000,".. ( وﻣﺮﻛﺒﺎﺗﮫ; ﺑﻠﻮﺗﻮﻧﯿﻢ وﻣﺮﻛﺒﺎﺗﮫ;ﺧﻼﺋﻂ وﺗﺒﺪدات,ﻣﻨﺘﺠﺎت U235 ) ﯾﻮراﻧﯿﻮم ﻏﻨﻲ ﺑﻌﻨﺼﺮ ﯾﻮراﻧﯿﻮم",0
28443000000,"..(وﻣﺮﻛﺒﺎﺗﮫ ;ﺛﻮرﯾﻮم وﻣﺮﻛﺒﺎﺗﮫ;ﺧﻼﺋﻂ وﺗﺒﺪدات,ﻣﻨﺘﺠﺎت U235 )ﯾﻮراﻧﯿﻮم ﻣﺨﻔﻒ ﻓﯿﮫ ﻋﻨﺼﺮﯾﻮراﻧﯿﻮم",0
28444200000,أو ﻛﻮ 241- أو ﻛﻮرﯾﻮم 240- أو ﻛﻮرﯾﻮم 253- أو ﻛﺎﻟﯿﻔﻮرﻧﯿﻮم 227- أو أﻛﺘﯿﻨﯿﻮم 225-أﻛﺘﯿﻨﯿﻮم,0
28444400000,ﺑﻘﺎﯾﺎ وﻣﺨﻠﻔﺎت ﻣﺸﻌﺔ,0
28445000000,ﻋﻨﺎﺻﺮ وﻗﻮد )ﺧﺮاطﯿﺶ( ﻣﺴﺘﮭﻠﻜﺔ)ﺗﻌﺮﺿﺖ ﻟﻸﺷﻌﺎع( ﺧﺎﺻﺔ ﺑﺎﻟﻤﻔﺎﻋﻼت اﻟﻨﻮوﯾﺔ,0
28451000000,( ﻣﺎء ﺛﻘﯿﻞ ) أوﻛﺴﯿﺪ دﯾﺘﺮوﯾﻮم,0
28452000000,وﻣﺮﻛﺒﺎﺗﮫ 10-ﺑﻮرون ﻏﻨﻲ ﺑـ ﺑﻮرون,0
28453000000,وﻣﺮﻛﺒﺎﺗﮫ 6-ﻟﯿﺜﯿﻮم ﻏﻨﻲ ﺑـ ﻟﯿﺜﯿﻮم,0
28454000000,3-ھﯿﻠﯿﻮم,0
28461000000,ﻣﺮﻛﺒﺎت ﺳﯿﺮﯾﻮم,0
28469000000,"(ﻣﺮﻛﺒﺎت ﻋﻀﻮﯾﺔ أو ﻏﯿﺮ ﻋﻀﻮﯾﺔ, ﻣﻦ ﻣﻌﺎدن اﻷﺗﺮﺑﺔ اﻟﻨﺎدرة,.. أو ﻣﻦ ﻣﺨﺎﻟﯿﻄﮭﺎ)ﻋﺪااﻟﺴﯿﺮﯾﻮم",0
28470000000,"ﻓﻮق اوﻛﺴﯿﺪ اﻟﮭﯿﺪروﺟﯿﻦ)ﻣﺎء اوﻛﺴﺠﯿﻨﻲ(,وان ﻛﺎن ﻣﺠﻤﺪا ﺑﺎﻟﺒﻮﻟﺔ",0
28491000000,"ﻛﺮﺑﯿﺪات اﻟﻜﺎﻟﺴﯿﻮم,وإن ﻛﺎﻧﺖ ﻏﯿﺮ ﻣﺤﺪدة اﻟﺼﻔﺎت ﻛﯿﻤﺎوﯾﺎ",0
28492000000,"ﻛﺮﺑﯿﺪات ﻣﻦ ﺳﯿﻠﯿﻜﻮن,وإن ﻛﺎﻧﺖ ﻏﯿﺮﻣﺤﺪدة اﻟﺼﻔﺎت ﻛﯿﻤﺎوﯾﺎ",0
28499000000,"ﻛﺮﺑﯿﺪات,)غ.م.ك(, وإن ﻛﺎﻧﺖ ﻏﯿﺮ ﻣﺤﺪدة اﻟﺼﻔﺎت ﻛﯿﻤﺎوﯾﺎ",0
28500000000,"(,ﻣﺤﺪداﻟﺼﻔﺎت أم ل 2849 ھﯿﺪرﯾﺪات و ﻧﯿﺘﺮﯾﺪات و أزﯾﺪات و ﺳﯿﻠﯿﺴﯿﻼت و ﺑﻮرﯾﺪات)ﻋﺪاأﺻﻨﺎف اﻟﺒﻨﺪ",0
28521000000,ﻣﺮﻛﺒﺎت ﻋﻀﻮﯾﺔ و ﻏﯿﺮ ﻋﻀﻮﯾﺔ ﻣﻦ زﺋﺒﻖ ن ﻋﺪا اﻟﻤﻠﻐﻤﺎت ﻣﺤﺪدة اﻟﺼﻔﺎت ﻛﯿﻤﺎوﯾﺎ,0
28529000000,"(ﻣﺮﻛﺒﺎت ﻋﻀﻮﯾﺔ و ﻏﯿﺮ ﻋﻀﻮﯾﺔ ﻣﻦ زﺋﺒﻖ ن ﻋﺪا اﻟﻤﻠﻐﻤﺎت , )غ.م.ك",0
28531000000,(ﻛﻠﻮرﯾﺪ اﻟﺴﯿﺎﻧﻮﺟﯿﻦ ) ﻛﻠﻮر اﻟﺴﯿﺎن,0
28539000000,"(ﻓﻮﺳﻔﯿﺪات،وإن ﻛﺎﻧﺖ ﻣﺤﺪدة اﻟﺼﻔﺎت ﻛﯿﻤﺎوﯾﺎً،ﺑﺎﺳﺘﺜﻨﺎء ﻓﻮﺳﻔﻮرات اﻟﺤﺪﯾﺪ؛ﻣﺮﻛﺒﺎت ﻏﯿﺮ ﻋﻀﻮﯾﺔ )غ.م.ك",0
29011000100,ھﯿﺪروﻛﺮﺑﻮﻧﺎت ﻻدورﯾﺔ ﻣﺸﺒﻌﺔ,0
29011000200,( )اﯾﺰوﺑﯿﻮﺗﺎن HC-600a,0
29011000900,(ھﯿﺪروﻛﺮﺑﻮﻧﺎت ﻻدورﯾﺔ ﻣﺸﺒﻌﺔ )غ.م.ك,0
29012100000,(ھﯿﺪروﻛﺮﺑﻮﻧﺎت ﻻدورﯾﺔ ﻏﯿﺮ ﻣﺸﺒﻌﺔ)إﯾﺜﯿﻠﯿﻦ,0
29012200000,(ھﯿﺪروﻛﺮﺑﻮﻧﺎت ﻻدورﯾﺔ ﻏﯿﺮ ﻣﺸﺒﻌﺔ)ﺑﺮوﺑﯿﻦ,0
29012300000,(ھﯿﺪروﻛﺮﺑﻮﻧﺎت ﻻدورﯾﺔ ﻏﯿﺮ ﻣﺸﺒﻌﺔ ) ﺑﻮﺗﯿﻦ و أﯾﺰوﻣﯿﺮاﺗﮫ,0
29012400000,( داﯾﻦ واﯾﺰوﺑﺮﯾﻦ 1.3 ھﯿﺪروﻛﺮﺑﻮﻧﺎت ﻻدورﯾﺔﻏﯿﺮﻣﺸﺒﻌﺔ)ﺑﯿﻮﺗﺎ,0
29012900000,(ھﯿﺪروﻛﺮﺑﻮﻧﺎت ﻻدورﯾﺔﻏﯿﺮﻣﺸﺒﻌﺔ)غ.م.ك,0
29021100000,( ھﯿﺪروﻛﺮﺑﻮﻧﺎت دورﯾﺔ ) ﺳﯿﻜﻠﻮ ھﯿﻜﺴﺎن,0
29021900100,cyclopentane,0
29021900900,(ھﯿﺪروﻛﺮﺑﻮﻧﺎت دورﯾﺔ ﻣﺸﺒﻌﺔ )غ.م.ك,0
29022000000,ﺑﻨﺰول (ﺑﻨﺰﯾﻦ),0
29023000000,ﺗﻮﻟﻮﯾﻦ,0
29024100000,-أو-ﻛﺴﯿﻠﯿﻦ,0
29024200000,-م-ﻛﺴﯿﻠﯿﻦ,0
29024300000,-ب-ﻛﺴﯿﻠﯿﻦ,0
29024400000,ﻣﺨﺎﻟﯿﻂ اﯾﺰوﻣﯿﺮات اﻟﻜﺴﯿﻠﯿﻦ,0
29025000000,ﺳﺘﯿﺮﯾﻦ,0
29026000000,إﯾﺜﯿﻞ ﺑﻨﺰﯾﻦ,0
29027000000,ﻛﻮﻣﯿﻦ,0
29029000000,(ھﯿﺪروﻛﺮﺑﻮﻧﺎت دورﯾﺔ )غ.م.ك,0
29031100000,"(1،1،2،2-رﺑﺎﻋﻲ ﻛﻠﻮروإﯾﺜﺎن)ﻛﻠﻮروﻣﯿﺜﺎن(ﻣﯿﺜﯿﻞ ﻛﻠﻮراﯾﺪ)وﻛﻠﻮروإﯾﺜﺎن(إﯾﺜﯿﻞ ﻛﻠﻮراﯾﺪ)",0
29031200000,(ﺛﻨﺎﺋﻲ ﻛﻠﻮروﻣﯿﺜﺎن ) ﻣﯿﺜﯿﻠﯿﻦ ﻛﻠﻮراﯾﺪ,0
29031300000,(ﻛﻠﻮروﻓﻮرم ) ﺛﺎﻟﺚ ﻛﻠﻮروﻣﯿﺜﺎن,0
29031400000,(راﺑﻊ ﻛﻠﻮرﯾﺪ اﻟﻜﺮﺑﻮن ) راﺑﻊ ﻛﻠﻮروﻣﯿﺜﺎن,0
29031500000,"(ﺛﻨﺎﺋﻲ ﻛﻠﻮرﯾﺪ اﻹﯾﺜﯿﻠﯿﻦ ) 2,1-ﺛﻨﺎﺋﻲ ﻛﻠﻮروإﯾﺜﺎن ; (ISO)",0
29031900000,(ﻣﺸﺘﻘﺎت ﻣﻜﻠﻮرة ﻣﺸﺒﻌﺔ ﻟﮭﯿﺪروﻛﺮﺑﻮﻧﺎت ﻻدورﯾﺔ )غ.م.ك,0
29032100000,(ﻛﻠﻮرﯾﺪ اﻟﻔﯿﻨﯿﻞ ) ﻛﻠﻮروإﯾﺜﯿﻠﯿﻦ,0
29032200000,(ﺛﺎﻟﺚ ﻛﻠﻮرﯾﺪ اﻹﯾﺜﯿﻠﯿﻦ ) ﺛﺎﻟﺚ ﻛﻠﻮروإﯾﺜﯿﻠﯿﻦ,0
29032300000,(ﺑﯿﺮﻛﻠﻮروإﯾﺜﯿﻠﯿﻦ ) راﺑﻊ ﻛﻠﻮروإﯾﺜﯿﻠﯿﻦ,0
29032900000,(ﻣﺸﺘﻘﺎت ﻣﻜﻠﻮرة ﻏﯿﺮ ﻣﺸﺒﻌﺔ ﻟﮭﯿﺪروﻛﺮﺑﻮﻧﺎت ﻻدورﯾﺔ )غ.م.ك,0
29034100000,(HFC-23) ﺛﻼﺛﻲ ﻓﻠﻮروﻣﯿﺜﺎن,0
29034200000,(HFC-32) ﺛﻨﺎﺋﻲ ﻓﻠﻮروﻣﯿﺜﺎن,0
29034300000,"(HFC-41), (HFC-152), (HFC-152a) ﻓﻠﻮروﻣﯿﺜﺎن،1,2-ﺛﻨﺎﺋﻲ ﻓﻠﻮروإﯾﺜﺎن،1,1-ﺛﻨﺎﺋﻲ ﻓﻠﻮروإﯾﺜﺎن",0
29034400000,"(HFC-125), (HFC-143a), (HFC-143)",0
29034500000,"(HFC-134), (HFC-134a)",0
29034600000,(HFC-227ea),0
29034700000,"(HFC-236cb), (HFC-236ea), (HFC-236fa)",0
29034800000,"(HFC-245fa), (HFC-245ca)",0
29034900000,"(ﻣﺸﺘﻘﺎت ﻣﻔﻠﻮرة،ﻣﺸﺒﻌﺔ،ﻟﮭﯿﺪروﻛﺮﺑﻮﻧﺎت ﻻ دورﯾﺔ)غ.م.ك",0
29035100000,"(HFC-1234yf), (HFC-1234ze), (HFC-1336mzz)",0
29035900000,"(ﻣﺸﺘﻘﺎت ﻣﻔﻠﻮرة،ﻏﯿﺮ ﻣﺸﺒﻌﺔ،ﻟﮭﯿﺪروﻛﺮﺑﻮﻧﺎت ﻻ دورﯾﺔ)غ.م.ك",0
29036100000,(ﻣﯿﺜﯿﻞ ﺑﺮوﻣﺎﯾﺪ ) ﺑﺮوﻣﻮﻣﯿﺜﺎن,0
29036200000,"إﯾﺜﯿﻠﯿﻦ ﺛﻨﺎﺋﻲ اﻟﺒﺮوﻣﯿﺪ (ISO) (1،2-ﺛﻨﺎﺋﻲ ﺑﺮوﻣﻮإﯾﺜﺎن)",0
29036900000,(ﻣﺸﺘﻘﺎت ﻣﺒﺮوﻣﺔ أو ﻣﯿﻮدة ﻟﮭﯿﺪروﻛﺮﺑﻮﻧﺎت ﻻدورﯾﺔ )غ.م.ك,0
29037100000,ﻛﻠﻮروﺛﻨﺎﺋﻲ ﻓﻠﻮروﻣﯿﺜﺎن,0
29037200000,ﺛﻨﺎﺋﻲ ﻛﻠﻮروﺛﻼﺛﻲ ﻓﻠﻮروإﯾﺜﺎﻧﺎت,0
29037300000,ﻛﻠﻮروﺛﻼﺛﻲ ﻓﻠﻮروإﯾﺜﺎﻧﺎت,0
29037400000,ﺛﻨﺎﺋﻲ ﻛﻠﻮروﻓﻠﻮروإﯾﺜﺎﻧﺎت,0
29037500000,ﻛﻠﻮروﺛﻨﺎﺋﻲ ﻓﻠﻮروإﯾﺜﺎﻧﺎت,0
29037600000,(ﺑﺮوﻣﻮﻛﻠﻮروﺛﻨﺎﺋﻲ ﻓﻠﻮروﻣﯿﺜﺎن (ھﺎﻟﻮن 1211,0
29037700000,(ﺑﺮوﻣﻮﺛﻼﺛﻲ ﻓﻠﻮروﻣﯿﺜﺎن (ھﺎﻟﻮن 1301,0
29037800000,(ﺛﻨﺎﺋﻲ ﺑﺮوﻣﻮرﺑﺎﻋﻲ ﻓﻠﻮروإﯾﺜﺎﻧﺎت (ھﺎﻟﻮن 2402,0
29037900000,ﻏﯿﺮھﺎ,0
29038100000,"(ﺳﺪاﺳﻲ ﻛﻠﻮروﺳﯿﻜﻠﻮھﻜﺴﺎن ) HCH(،)ISO(،ﺑﻤﺎﻓﯿﮫ اﻟﻠﻨﺪان )ISO،(IN",0
29038200000,"أﻟﺪرﯾﻦ (ISO)،ﻛﻠﻮردان (ISO) وھﺒﺘﺎﻛﻠﻮر (ISO)",0
29038300000,ﻣﯿﺮﻛﺲ (ISO),0
29038900000,(ﻣﺸﺘﻘﺎت ﻣﮭﻠﺠﻨﺔ ﻟﮭﯿﺪروﻛﺮﺑﻮﻧﺎت ﺳﯿﻜﻠﻮأﻟﻜﺎﻧﯿﺔ أو ﺳﯿﻜﻠﻮأﻟﻜﯿﻨﯿﺔ أو ﺳﯿﻜﻠﻮﺗﺮﺑﯿﻨﯿﺔ )غ.م.ك,0
29039100000,"ﻛﻠﻮروﺑﻨﺰﯾﻦ ،-أو-ﺛﻨﺎﺋﻲ ﻛﻠﻮروﺑﻨﺰﯾﻦ و -ب-ﺛﻨﺎﺋﻲ ﻛﻠﻮروﺑﻨﺰﯾﻦ",0
29039200000,"سداسي كلوروبنزين (ISO) ود.د.ت (ISO) (كلوفينوتان (INN) ، 1،1،1-ثلاثي كلورو-2،2-مكرر (ب-كلورو...",0
29039300000,خماسي كلوروبنزين (ISO),0
29039400000,سداسي بروموبنزين (ISO),0
29039900000,(ﻣﺸﺘﻘﺎت ﻣﮭﻠﺠﻨﺔ ﻟﮭﯿﺪروﻛﺮﺑﻮﻧﺎت ﻋﻄﺮﯾﺔ )غ.م.ك,0
29041000000,ﻣﺸﺘﻘﺎت ﺗﺤﺘﻮي ﻓﻘﻂ ﻋﻠﻰ زﻣﺮ ﺳﻠﻔﻮﻧﯿﺔ وأﻣﻼﺣﮭﺎ وإﯾﺜﯿﻞ إﺳﺘﺮاﺗﮭﺎ,0
29042000000,ﻣﺸﺘﻘﺎت ﺗﺤﺘﻮي ﻓﻘﻂ ﻋﻠﻰ زﻣﺮ ﻧﯿﺘﺮو أو ﻧﯿﺘﺮوزو,0
29043100000,حمض سلفونيك البيرفلوروكتان,0
29043200000,فلوريد سلفونيل الأمونيوم البيرفلوروكتاني,0
29043300000,فلوريد سلفونيل الليثيوم البيرفلوروكتاني,0
29043400000,فلوريد سلفونيل البوتاسيوم البيرفلوروكتاني,0
29043500000,أﻣﻼح أﺧﺮى ﻟﺤﻤﺾ ﺳﻠﻔﻮﻧﯿﻚ اﻟﺒﯿﺮﻓﻠﻮروﻛﺘﺎن,0
29043600000,ﻓﻠﻮرﯾﺪ ﺳﻠﻔﻮﻧﯿﻞ اﻟﺒﯿﺮﻓﻠﻮروﻛﺘﺎن,0
29049100000,(ﺛﻼﺛﻲ ﻛﻠﻮروﻧﯿﺘﺮوﻣﯿﺜﺎن ) ﻛﻠﻮروﺑﻜﺮﯾﻦ,0
29049900000,(ﻣﺸﺘﻘﺎت ﻣﺴﻠﻔﻨﺔ أو ﻣﻨﺘﺮﻧﺔ أو ﻣﻨﺘﺮزة ﻟﻠﮭﯿﺪروﻛﺮﺑﻮﻧﺎت )غ.م.ك,0
29051100000,(ﻛﺤﻮل ﻣﯿﺜﯿﻠﻲ ) ﻣﯿﺜﺎﻧﻮل,0
29051200000,(ﻛﺤﻮل ﺑﺮوﺑﯿﻠﻲ ) ﺑﺮوﺑﺎن -1- ول ) ﻛﺤﻮل ﺑﺮوﺑﯿﻠﻲ ﻋﺎدي ( وﺑﺮوﺑﺎن -2- ول ) ﻛﺤﻮل اﯾﺰوﺑﺮوﺑﯿﻠﻲ (,0
29051300000,ﻛﺤﻮل ﺑﻮﺗﯿﻠﻲ (1-ﺑﻮﺗﺎﻧﻮل) (ﻛﺤﻮل ﺑﻮﺗﯿﻠﻲ ﻋﺎدي),0
29051400000,ﺑﻮﺗﺎﻧﻮﻻت أﺧﺮ,0
29051600000,(ﻛﺤﻮل أوﻛﺘﯿﻠﻲ (أوﻛﺘﺎﻧﻮل) وأﯾﺰوﻣﯿﺮاﺗﮫ,0
29051700000,(ﻛﺤﻮل ﺳﯿﺘﯿﻠﻲ ) 1- ھﻜﺴﺎدﯾﻜﺎﻧﻮل ( ; ) ﻛﺤﻮل ﺳﺘﯿﺎرﯾﻠﻲ ) 1- أوﻛﺘﺎدﯾﻜﺎﻧﻮل (,0
29051900000,(ﻛﺤﻮﻻت أﺣﺎدﯾﺔ ﻣﺸﺒﻌﺔ )غ.م.ك,0
29052200000,(ﻛﺤﻮﻻت ﺗﺮﺑﯿﻨﯿﺔ ﻻدورﯾﺔ,0
29052900000,(ﻛﺤﻮﻻت أﺣﺎدﯾﺔ ﻏﯿﺮ ﻣﺸﺒﻌﺔ )غ.م.ك,0
29053100000,(ﻏﻠﯿﻜﻮل اﻹﯾﺜﯿﻠﯿﻦ ) إﯾﺜﺎن دﯾﻮل,0
29053200000,(ﻏﻠﯿﻜﻮل اﻟﺒﺮوﺑﯿﻠﯿﻦ ) ﺑﺮوﺑﺎن 1.2 دﯾﻮل,0
29053900000,(دﯾﻮﻻت )غ.م.ك,0
29054100000,2- إﯾﺜﯿﻞ -2- ) ھﯿﺪروﻛﺴﻲ ﻣﯿﺜﯿﻞ ( ﺑﺮوﺑﺎن -1.3- دﯾﻮل ) ﺛﻼﺛﻲ ﻣﯿﺜﯿﻠﻮل ﺑﺮوﺑﺎن (,0
29054200000,ﺑﻨﺘﺎ ارﯾﺜﺮﯾﺘﻮل,0
29054300000,ﻣﺎﻧﯿﺘﻮل,0
29054400000,د-ﻏﻠﻮﺳﯿﺘﻮل ) ﺳﻮرﺑﯿﺘﻮل (,0
29054500000,ﻏﻠﯿﺴﺮول )ﻏﻠﯿﺴﺮﯾﻦ(,0
29054900000,(ﻛﺤﻮﻻت ﻋﺪﯾﺪة أﺧﺮ )غ.م.ك,0
29055100000,إﯾﺜﻜﻠﻮرﻓﯿﻨﻮل (INN),0
29055900000,(ﻣﺸﺘﻘﺎت ﻣﮭﻠﺠﻨﺔ أو ﻣﺴﻠﻔﻨﺔ أو ﻣﻨﺘﺮﻧﺔ أو ﻣﻨﺘﺮزة ﻟﻜﺤﻮﻻت ﻻدورﯾﺔ )غ.م.ك,0
29061100000,ﻣﻨﺜﻮل,0
29061200000,ﺳﯿﻜﻠﻮھﻜﺴﺎﻧﻮل وﻣﯿﺜﯿﻞ ﺳﯿﻜﻠﻮھﻜﺴﺎﻧﻮﻻت وﺛﻨﺎﺋﻲ ﻣﯿﺜﯿﻞ ﺳﯿﻜﻠﻮھﻜﺴﺎﻧﻮﻻت,0
29061300000,ﺳﺘﯿﺮوﻻت واﯾﻨﻮزﯾﺘﻮﻻت,0
29061900000,(ﻛﺤﻮﻻت ﺳﯿﻜﻠﻮأﻟﻜﺎﻧﯿﺔ أو ﺳﯿﻜﻠﻮأﻟﻜﯿﻨﯿﺔ أو ﺳﯿﻜﻠﻮﺗﺮﺑﯿﻨﯿﺔ وﻣﺸﺘﻘﺎﺗﮭﺎ )غ.م.ك,0
29062100000,ﻛﺤﻮل ﺑﻨﺰﯾﻠﻲ,0
29062900000,(ﻛﺤﻮﻻت ﻋﻄﺮﯾﺔ وﻣﺸﺘﻘﺎﺗﮭﺎ )غ.م.ك,0
29071100000,(ﺣﻤﺾ ﻛﺮﺑﻮﻟﯿﻚ ) ﻓﯿﻨﻮل وأﻣﻼﺣﮫ,0
29071200000,ﻛﺮﯾﺰوﻻت وأﻣﻼﺣﮭﺎ,0
29071300000,أوﻛﺘﯿﻞ ﻓﯿﻨﻮل وﻧﻮﻧﯿﻞ ﻓﯿﻨﻮل وأﯾﺰوﻣﯿﺮاﺗﮭﺎ ; أﻣﻼح ھﺬه اﻟﻤﻨﺘﺠﺎت,0
29071500000,ﻧﻔﺘﻮﻻت وأﻣﻼﺣﮭﺎ,0
29071900000,(ﻓﯿﻨﻮﻻت أﺣﺎدﯾﺔ أﺧﺮ )غ.م.ك,0
29072100000,رﯾﺰورﺳﯿﻨﻮل وأﻣﻼﺣﮫ,0
29072200000,ھﯿﺪروﻛﯿﻨﻮن ) ﻛﯿﻨﻮل ( وأﻣﻼﺣﮫ,0
29072300000,"4,4-إﯾﺰوﺑﺮوﺑﯿﻠﯿﺪﯾﻦ ﺛﻨﺎﺋﻲ ﻓﯿﻨﻮل ) ﺑﯿﺴﻔﯿﻨﻮل A ( وأﻣﻼﺣﮫ",0
29072900000,(ﻓﯿﻨﻮﻻت ﻋﺪﯾﺪة ؛ ﻓﯿﻨﻮﻻت - ﻛﺤﻮﻟﯿﺔ )غ.م.ك,0
29081100000,ﺧﻤﺎﺳﻲ ﻛﻠﻮروﻓﯿﻨﻮل (ISO),0
29081900000,(ﻣﺸﺘﻘﺎت ﺗﺤﺘﻮي ﻓﻘﻂ ﻋﻠﻰ زﻣﺮ ھﻠﺠﻨﺔ وأﻣﻼﺣﮭﺎ )غ.م.ك,0
29089100000,دﯾﻨﻮﺳﺐ (ISO) وأﻣﻼﺣﮫ,0
29089200000,"4,6-ﺛﻨﺎﺋﻲ ﻧﯿﺘﺮو-أو-ﻛﺮﯾﺴﻮل (DNOC (ISO)) وأﻣﻼﺣﮫ",0
29089900000,(ﻣﺸﺘﻘﺎت ﻓﯿﻨﻮﻻت أو ﻓﯿﻨﻮﻻت ﻛﺤﻮﻟﯿﺔ )غ.م.ك,0
29091100000,إﯾﺜﺮ ﺛﻨﺎﺋﻲ اﻹﯾﺜﯿﻞ,0
29091900000,(إﯾﺜﺮات ﻻدورﯾﺔ وﻣﺸﺘﻘﺎﺗﮭﺎ )غ.م.ك,0
29092000000,إﯾﺜﺮات ﺳﯿﻜﻠﻮأﻟﻜﺎﻧﯿﺔ أو ﺳﯿﻜﻠﻮأﻟﻜﯿﻨﯿﺔ أو ﺳﯿﻜﻠﻮﺗﺮﺑﯿﻨﯿﺔ وﻣﺸﺘﻘﺎﺗﮭﺎ,0
29093000000,إﯾﺜﺮات ﻋﻄﺮﯾﺔ وﻣﺸﺘﻘﺎﺗﮭﺎ,0
29094100000,"2,2-أوﻛﺴﻲ ﺛﻨﺎﺋﻲ إﯾﺜﺎﻧﻮل ) ﺛﻨﺎﺋﻲ إﯾﺜﯿﻠﯿﻦ ﻏﻠﯿﻜﻮل (",0
29094300000,إﯾﺜﺮات أﺣﺎدﯾﺔ اﻟﺒﻮﺗﯿﻞ ﻣﻦ ﻏﻠﯿﻜﻮل إﯾﺜﯿﻠﯿﻦ أو ﻣﻦ ﺛﻨﺎﺋﻲ ﻏﻠﯿﻜﻮل إﯾﺜﯿﻠﯿﻦ,0
29094400000,إﯾﺜﺮات أﺣﺎدﯾﺔ أﺧﺮ ﻣﻦ ﻏﻠﯿﻜﻮل إﯾﺜﯿﻠﯿﻦ أو ﻣﻦ ﺛﻨﺎﺋﻲ ﻏﻠﯿﻜﻮل إﯾﺜﯿﻠﯿﻦ,0
29094900000,(إﯾﺜﺮات ﻛﺤﻮﻟﯿﺔ وﻣﺸﺘﻘﺎﺗﮭﺎ )غ.م.ك,0
29095000000,"إﯾﺜﺮات - ﻓﯿﻨﻮﻻت وإﯾﺜﺮات - ﻓﯿﻨﻮﻻت - ﻛﺤﻮﻟﯿﺔ ، وﻣﺸﺘﻘﺎﺗﮭﺎ اﻟﻤﮭﻠﺠﻨﺔ أو اﻟﻤﺴﻠﻔﻨﺔ أو اﻟﻤﻨﺘﺮﻧﺔ أو اﻟﻤﻨﺘﺮزة",0
29096000000,ﺑﯿﺮوﻛﺴﯿﺪات اﻟﻜﺤﻮﻻت وﺑﯿﺮوﻛﺴﯿﺪات اﻹﯾﺜﺮات وﺑﯿﺮوﻛﺴﯿﺪات اﻟﻜﯿﺘﻮﻧﺎت وﻣﺸﺘﻘﺎﺗﮭﺎ,0
29101000000,(أوﻛﺴﯿﺮان ) أوﻛﺴﯿﺪ إﯾﺜﯿﻠﯿﻦ,0
29102000000,(ﻣﯿﺜﯿﻞ أوﻛﺴﯿﺮان ) أوﻛﺴﯿﺪ ﺑﺮوﺑﯿﻠﯿﻦ,0
29103000000,"1-ﻛﻠﻮرو-2،3-إﯾﺒﻮﻛﺴﻲ ﺑﺮوﺑﺎن (إﺑﯿﻜﻠﻮروھﯿﺪرﯾﻦ)",0
29104000000,"دﯾﻠﺪرﯾﻦ (ISO، INN)",0
29105000000,إﻧﺪرﯾﻦ (ISO),0
29109000000,(اﯾﺒﻮﻛﺴﯿﺪات واﯾﺒﻮﻛﺴﻲ - ﻛﺤﻮﻻت واﯾﺒﻮﻛﺴﻲ - ﻓﯿﻨﻮﻻت واﯾﺒﻮﻛﺴﻲ - اﯾﺜﺮات )غ.م.ك,0
29110000000,"أﺳﯿﺘﺎﻻت وأﻧﺼﺎف أﺳﯿﺘﺎﻻت ، وإن ﻛﺎﻧﺖ ﻣﻊ وظﺎﺋﻒ أﻛﺴﺠﯿﻨﯿﺔ أﺧﺮ ، وﻣﺸﺘﻘﺎﺗﮭﺎ اﻟﻤﮭﻠﺠﻨﺔ أو اﻟﻤﺴﻠﻔﻨﺔ أو اﻟﻤ",0
29121100000,(ﻣﯿﺜﺎﻧﺎل ) ﻓﻮرﻣﺎﻟﺪھﯿﺪ,0
29121200000,(إﯾﺜﺎﻧﺎل ) أﺳﯿﺘﺎﻟﺪھﯿﺪ,0
29121900000,(أﻟﺪھﯿﺪات ﻻدورﯾﺔ ﺑﺪون وظﺎﺋﻒ أﻛﺴﺠﯿﻨﯿﺔ أﺧﺮ )غ.م.ك,0
29122100000,ﺑﻨﺰأﻟﺪھﯿﺪ,0
29122900000,(أﻟﺪھﯿﺪات دورﯾﺔ ﺑﺪون وظﺎﺋﻒ أﻛﺴﺠﯿﻨﯿﺔ أﺧﺮ )غ.م.ك,0
29124100000,(ﻓﺎﻧﯿﻠﯿﻦ ) 4-ھﯿﺪروﻛﺴﻲ-3-ﻣﯿﺜﻮﻛﺴﻲ ﺑﻨﺰأﻟﺪھﯿﺪ,0
29124200000,(إﯾﺜﯿﻞ ﻓﺎﻧﯿﻠﯿﻦ ) 3-إﯾﺜﻮﻛﺴﻲ-4-ھﯿﺪروﻛﺴﻲ ﺑﻨﺰأﻟﺪھﯿﺪ,0
29124900000,"(أﻟﺪھﯿﺪات - ﻛﺤﻮﻻت ، أﻟﺪھﯿﺪات - إﯾﺜﺮات ، أﻟﺪھﯿﺪات - ﻓﯿﻨﻮﻻت وأﻟﺪھﯿﺪات ﻣﻊ وظﺎﺋﻒ أﻛﺴﺠﯿﻨﯿﺔ أﺧﺮ )",0
29125000000,ﺑﻮﻟﯿﻤﯿﺮات دورﯾﺔ ﻟﻸﻟﺪھﯿﺪات,0
29126000000,ﺑﺎراﻓﻮرﻣﺎﻟﺪھﯿﺪ,0
29130000000,ﻣﺸﺘﻘﺎت ﻣﮭﻠﺠﻨﺔ أو ﻣﺴﻠﻔﻨﺔ أو ﻣﻨﺘﺮﻧﺔ أو ﻣﻨﺘﺮزة ﻟﻠﻤﻨﺘﺠﺎت اﻟﺪاﺧﻠﺔ ﻓﻲ اﻟﺒﻨﺪ 2912,0
29141100000,(أﺳﯿﺘﻮن ) ﺑﺮوﺑﺎﻧﻮن,0
29141200000,(ﻣﯿﺜﯿﻞ إﯾﺜﯿﻞ ﻛﯿﺘﻮن ) ﺑﻮﺗﺎﻧﻮن,0
29141300000,(ﻣﯿﺜﯿﻞ أﯾﺰوﺑﻮﺗﯿﻞ ﻛﯿﺘﻮن ) 4-ﻣﯿﺜﯿﻞ ﺑﻨﺘﺎن-2-ون,0
29141900000,(ﻛﯿﺘﻮﻧﺎت ﻻدورﯾﺔ ﺑﺪون وظﺎﺋﻒ أﻛﺴﺠﯿﻨﯿﺔ أﺧﺮ )غ.م.ك,0
29142200000,ﺳﯿﻜﻠﻮھﻜﺴﺎﻧﻮن وﻣﯿﺜﯿﻞ ﺳﯿﻜﻠﻮھﻜﺴﺎﻧﻮﻧﺎت,0
29142300000,(أﯾﻮﻧﻮﻧﺎت وﻣﯿﺜﯿﻞ أﯾﻮﻧﻮﻧﺎت,0
29142900000,(ﻛﯿﺘﻮﻧﺎت ﺳﯿﻜﻠﻮأﻟﻜﺎﻧﯿﺔ أو ﺳﯿﻜﻠﻮأﻟﻜﯿﻨﯿﺔ أو ﺳﯿﻜﻠﻮﺗﺮﺑﯿﻨﯿﺔ ﺑﺪون وظﺎﺋﻒ أﻛﺴﺠﯿﻨﯿﺔ أﺧﺮ )غ.م.ك,0
29143100000,ﻓﯿﻨﯿﻞ أﺳﯿﺘﻮن (ﻓﯿﻨﯿﻞ ﺑﺮوﺑﺎن-2-ون),0
29143900000,(ﻛﯿﺘﻮﻧﺎت ﻋﻄﺮﯾﺔ ﺑﺪون وظﺎﺋﻒ أﻛﺴﺠﯿﻨﯿﺔ أﺧﺮ )غ.م.ك,0
29144000000,ﻛﯿﺘﻮﻧﺎت - ﻛﺤﻮﻻت وﻛﯿﺘﻮﻧﺎت - أﻟﺪھﯿﺪات,0
29145000000,ﻛﯿﺘﻮﻧﺎت - ﻓﯿﻨﻮﻻت وﻛﯿﺘﻮﻧﺎت ﻣﻊ وظﺎﺋﻒ أﻛﺴﺠﯿﻨﯿﺔ أﺧﺮ,0
29146100000,أﻧﺘﺮاﻛﯿﻨﻮن,0
29146200000,ﻛﻮإﻧﺰﯾﻢ (Q10) (أوﺑﯿﺪﯾﻜﺎرﯾﻨﻮن (INN)),0
29146900000,ﻏﯿﺮھﺎ,0
29147100000,ﻛﻠﻮردﯾﻜﻮن (ISO),0
29147900000,ﻏﯿﺮھﺎ,0
29151100000,ﺣﻤﺾ اﻟﻨﻤﻞ ) ﻓﻮرﻣﯿﻚ (,0
29151200000,أﻣﻼح ﺣﻤﺾ اﻟﻨﻤﻞ ) ﻓﻮرﻣﯿﻚ (,0
29151300000,إﺳﺘﺮات ﺣﻤﺾ اﻟﻨﻤﻞ ) ﻓﻮرﻣﯿﻚ (,0
29152100000,ﺣﻤﺾ اﻟﺨﻞ ) أﺳﯿﺘﯿﻚ (,0
29152400000,أﻧﮭﯿﺪرﯾﺪ ﺣﻤﺾ اﻟﺨﻞ ) أﺳﯿﺘﯿﻚ (,0
29152900000,(أﻣﻼح ﺣﻤﺾ اﻟﺨﻞ)أﺳﯿﺘﯿﻚ( )غ.م.ك,0
29153100000,ﺧﻼت إﯾﺜﯿﻞ,0
29153200000,ﺧﻼت ﻓﯿﻨﯿﻞ,0
29153300000,ﺧﻼت ﺑﻮﺗﯿﻞ ﻋﺎدي,0
29153600000,ﺧﻼت دﯾﻨﻮﺳﺐ (ISO),0
29153900000,(إﺳﺘﺮات ﺣﻤﺾ اﻟﺨﻞ )غ.م.ك,0
29154000000,"أﺣﻤﺎض ﺧﻞ )أﺳﯿﺘﯿﻚ( أﺣﺎدﯾﺔ أو ﺛﻨﺎﺋﯿﺔ أو ﺛﻼﺛﯿﺔ اﻟﻜﻠﻮر،أﻣﻼﺣﮭﺎ وإﺳﺘﺮاﺗﮭﺎ",0
29155000000,ﺣﻤﺾ ﺑﺮوﺑﯿﻮﻧﯿﻚ وأﻣﻼﺣﮫ وإﺳﺘﺮاﺗﮫ,0
29156000000,أﺣﻤﺎض ﺑﻮﺗﺎﻧﻮﯾﻚ وأﺣﻤﺎض ﺑﻨﺘﺎﻧﻮﯾﻚ وأﻣﻼﺣﮭﺎ وإﺳﺘﺮاﺗﮭﺎ,0
29157000000,"ﺣﻤﺾ ﺑﺎﻟﻤﯿﺘﯿﻚ وﺣﻤﺾ ﺳﺘﯿﺎرﯾﻚ ، أﻣﻼﺣﮭﻤﺎ وإﺳﺘﺮاﺗﮭﻤﺎ",0
29159000000,(أﺣﻤﺎض أﺣﺎدﯾﺔ ﻛﺮﺑﻮﻛﺴﯿﻠﯿﺔ ﻻدورﯾﺔ ﻣﺸﺒﻌﺔ أﺧﺮ وأﻧﮭﯿﺪرﯾﺪاﺗﮭﺎ وھﺎﻟﻮﺟﯿﻨﺎﺗﮭﺎ وﺑﯿﺮوﻛﺴﯿﺪاﺗﮭﺎ وﺑﯿﺮوﻛﺴﯿﺄﺣﻤﺎﺿﮭﺎ؛ﻣﺸﺘ,0
29161100000,(ﺣﻤﺾ أﻛﺮﯾﻠﯿﻚ وأﻣﻼﺣﮫ,0
29161200000,إﺳﺘﺮات ﺣﻤﺾ أﻛﺮﯾﻠﯿﻚ,0
29161300000,ﺣﻤﺾ ﻣﯿﺘﺎﻛﺮﯾﻠﯿﻚ وأﻣﻼﺣﮫ,0
29161400000,إﺳﺘﺮات ﺣﻤﺾ ﻣﯿﺘﺎﻛﺮﯾﻠﯿﻚ,0
29161500000,"أﺣﻤﺎض أوﻟﯿﯿﻚ أو ﻟﯿﻨﻮﻟﯿﯿﻚ أو ﻟﯿﻨﻮﻟﯿﻨﯿﻚ ، أﻣﻼﺣﮭﺎ وإﺳﺘﺮاﺗﮭﺎ",0
29161600000,ﺑﯿﻨﺎﺑﺎﻛﺮﯾﻞ (ISO),0
29161900000,(أﺣﻤﺎض أﺣﺎدﯾﺔ ﻛﺮﺑﻮﻛﺴﯿﻠﯿﺔ ﻻدورﯾﺔ ﻏﯿﺮ ﻣﺸﺒﻌﺔ أﺧﺮ وأﻣﻼﺣﮭﺎ وإﺳﺘﺮاﺗﮭﺎ )غ.م.ك,0
29162000000,"أﺣﻤﺎض أﺣﺎدﯾﺔ ﻛﺮﺑﻮﻛﺴﯿﻠﯿﺔ ﺳﯿﻜﻠﻮأﻟﻜﺎﻧﯿﺔ أو ﺳﯿﻜﻠﻮأﻟﻜﯿﻨﯿﺔ أو ﺳﯿﻜﻠﻮﺗﺮﺑﯿﻨﯿﺔ ، وأﻧﮭﯿﺪرﯾﺪاﺗﮭﺎ وھﺎﻟﻮﺟﯿﻨﺎﺗﮭ",0
29163100000,ﺣﻤﺾ ﺑﻨﺰوﯾﻚ وأﻣﻼﺣﮫ وإﺳﺘﺮاﺗﮫ,0
29163200000,ﺑﯿﺮوﻛﺴﯿﺪ ﺑﻨﺰوﯾﻞ وﻛﻠﻮرﯾﺪ ﺑﻨﺰوﯾﻞ,0
29163400000,ﺣﻤﺾ ﻓﯿﻨﯿﻞ أﺳﯿﺘﯿﻚ وأﻣﻼﺣﮫ,0
29163900000,(أﺣﻤﺎض أﺣﺎدﯾﺔ ﻛﺮﺑﻮﻛﺴﯿﻠﯿﺔ ﻋﻄﺮﯾﺔ أﺧﺮ )غ.م.ك,0
29171100000,ﺣﻤﺾ أوﻛﺴﺎﻟﯿﻚ وأﻣﻼﺣﮫ وإﺳﺘﺮاﺗﮫ,0
29171200000,ﺣﻤﺾ أدﯾﺒﯿﻚ وأﻣﻼﺣﮫ وإﺳﺘﺮاﺗﮫ,0
29171300000,"ﺣﻤﺾ أزﯾﻼﯾﻚ وﺣﻤﺾ ﺳﯿﺒﺎﺳﯿﻚ ، أﻣﻼﺣﮭﻤﺎ وإﺳﺘﺮاﺗﮭﻤﺎ",0
29171400000,أﻧﮭﯿﺪرﯾﺪ اﻟﻤﺎﻟﯿﯿﻚ,0
29171900000,(أﺣﻤﺎض ﻋﺪﯾﺪة ﻛﺮﺑﻮﻛﺴﯿﻠﯿﺔ ﻻدورﯾﺔ أﺧﺮ )غ.م.ك,0
29172000000,"أﺣﻤﺎض ﻋﺪﯾﺪة ﻛﺮﺑﻮﻛﺴﯿﻠﯿﺔ ﺳﯿﻜﻠﻮأﻟﻜﺎﻧﯿﺔ أو ﺳﯿﻜﻠﻮأﻟﻜﯿﻨﯿﺔ أو ﺳﯿﻜﻠﻮﺗﺮﺑﯿﻨﯿﺔ ، أﻧﮭﯿﺪرﯾﺪاﺗﮭﺎ وھﺎﻟﻮﺟﯿﻨﺎﺗﮭﺎ وﺑﯿ",0
29173200000,أوﻛﺘﻮﻻت دﯾﻮﻛﺘﯿﻞ (ﺛﻨﺎﺋﻲ أوﻛﺘﯿﻞ) أورﺛﻮﻓﺜﺎﻻت,0
29173300000,دﯾﻨﻮﻧﯿﻞ (ﺛﻨﺎﺋﻲ ﻧﻮﻧﯿﻞ) أو دﯾﺪﯾﺴﯿﻞ (ﺛﻨﺎﺋﻲ دﯾﺴﯿﻞ) أورﺛﻮﻓﺜﺎﻻت,0
29173400000,إﺳﺘﺮات أﺧﺮ ﻟﺤﻤﺾ أورﺛﻮﻓﺜﺎﻟﯿﻚ,0
29173500000,أﻧﮭﯿﺪرﯾﺪ اﻟﻔﺜﺎﻟﯿﻚ,0
29173600000,ﺣﻤﺾ ﺗﯿﺮﻓﺜﺎﻟﯿﻚ وأﻣﻼﺣﮫ,0
29173700000,ﺛﻨﺎﺋﻲ ﻣﯿﺜﯿﻞ ﺗﯿﺮﻓﺜﺎﻻت,0
29173900000,(أﺣﻤﺎض ﻋﺪﯾﺪة ﻛﺮﺑﻮﻛﺴﯿﻠﯿﺔ ﻋﻄﺮﯾﺔ أﺧﺮ )غ.م.ك,0
29181100000,ﺣﻤﺾ اﻟﻠﺒﻦ ) ﻻﻛﺘﯿﻚ ( وأﻣﻼﺣﮫ وإﺳﺘﺮاﺗﮫ,0
29181200000,ﺣﻤﺾ اﻟﻄﺮطﯿﺮ ) ﺗﺮﺗﺮﯾﻚ (,0
29181300000,أﻣﻼح وإﺳﺘﺮاﺗﺤﻤﺾ اﻟﻄﺮطﯿﺮ ) ﺗﺮﺗﺮﯾﻚ (,0
29181400000,ﺣﻤﺾ اﻟﻠﯿﻤﻮن ) ﺳﺘﺮﯾﻚ (,0
29181500000,أﻣﻼح وإﺳﺘﺮات ﺣﻤﺾ اﻟﻠﯿﻤﻮن ) ﺳﺘﺮﯾﻚ (,0
29181600000,ﺣﻤﺾ ﻏﻠﻮﻛﻮﻧﯿﻚ وأﻣﻼﺣﮫ وإﺳﺘﺮاﺗﮫ,0
29181700000,"2,2-ﺛﻨﺎﺋﻲ ﻓﯿﻨﯿﻞ -2- ھﯿﺪروﻛﺴﻲ ﺣﻤﺾ اﻟﺨﻞ (ﺣﻤﺾ ﺑﻨﺰﯾﻠﯿﻚ)",0
29181800000,ﻛﻠﻮروﺑﻨﺰﯾﻼت (ISO),0
29181900000,(أﺣﻤﺎض ﻛﺮﺑﻮﻛﺴﯿﻠﯿﺔ ﺑﻮظﯿﻔﺔ ﻛﺤﻮﻟﯿﺔ أﺧﺮ )غ.م.ك,0
29182100000,ﺣﻤﺾ ﺳﺎﻟﯿﺴﯿﻠﯿﻚ وأﻣﻼﺣﮫ,0
29182200000,ﺣﻤﺾ (أورﺛﻮ- أﺳﯿﺘﯿﻞ ﺳﺎﻟﯿﺴﯿﻠﯿﻚ ),0
29182300000,إﺳﺘﺮات ﺣﻤﺾ ﺳﺎﻟﯿﺴﯿﻠﯿﻚ أﺧﺮ وأﻣﻼﺣﮭﺎ,0
29182900000,(أﺣﻤﺎض ﻛﺮﺑﻮﻛﺴﯿﻠﯿﺔ ﺑﻮظﯿﻔﺔ ﻓﯿﻨﻮﻟﯿﺔ أﺧﺮ )غ.م.ك,0
29183000000,"أﺣﻤﺎض ﻛﺮﺑﻮﻛﺴﯿﻠﯿﺔ ﺑﻮظﯿﻔﺔ أﻟﺪھﯿﺪﯾﺔ أو ﻛﯿﺘﻮﻧﯿﺔ ﺑﺪون وظﺎﺋﻒ أﻛﺴﺠﯿﻨﯿﺔ أﺧﺮ ، أﻧﮭﯿﺪرﯾﺪاﺗﮭﺎ وھﺎﻟﻮﺟﯿﻨﺎﺗﮭ",0
29189100000,"2،4،5-ت (ISO) (2،4،5-حمض ثلاثي كلوروفينوكسي أسيتيك) ، أملاحه وإستراته",0
29189900000,(أﺣﻤﺎض ﻛﺮﺑﻮﻛﺴﯿﻠﯿﺔ ﻣﻊ وظﺎﺋﻒ أﻛﺴﺠﯿﻨﯿﺔ أﺧﺮ )غ.م.ك,0
29191000000,"ﻓﻮﺳﻔﺎت ﺛﻼﺛﻲ (2،3-ﺛﻨﺎﺋﻲ ﺑﺮوﻣﻮﺑﺮوﺑﯿﻞ)",0
29199000000,(إﺳﺘﺮات ﺣﻤﺾ اﻟﻔﻮﺳﻔﻮرﯾﻚ وأﻣﻼﺣﮭﺎ )غ.م.ك,0
29201100000,ﺑﺎراﺛﯿﻮن (ISO) وﺑﺎراﺛﯿﻮن ﻣﯿﺜﯿﻞ (ISO) (ﻣﯿﺜﯿﻞ-ﺑﺎراﺛﯿﻮن),0
29201900000,(إﺳﺘﺮات اﻟﺜﯿﻮﻓﻮﺳﻔﻮرﯾﻚ )ﻓﻮﺳﻔﻮروﺛﯿﻮات( وأﻣﻼﺣﮭﺎ؛وﻣﺸﺘﻘﺎﺗﮭﺎ اﻟﻤﮭﻠﺠﻨﺔأو اﻟﻤﺴﻠﻔﻨﺔ أو اﻟﻤﻨﺘﺮﻧﺔ أو اﻟﻤﻨﺘﺮز )غ.م.ك,0
29202100000,ﻓﻮﺳﻔﯿﺖ ﺛﻨﺎﺋﻲ اﻟﻤﯿﺜﯿﻞ,0
29202200000,ﻓﻮﺳﻔﯿﺖ ﺛﻨﺎﺋﻲ اﻹﯾﺜﯿﻞ,0
29202300000,ﻓﻮﺳﻔﯿﺖ ﺛﻼﺛﻲ اﻟﻤﯿﺜﯿﻞ,0
29202400000,ﻓﻮﺳﻔﯿﺖ ﺛﻼﺛﻲ اﻹﯾﺜﯿﻞ,0
29202900000,(إﺳﺘﺮات اﻟﻔﻮﺳﻔﯿﺖ وأﻣﻼﺣﮭﺎ؛وﻣﺸﺘﻘﺎﺗﮭﺎ اﻟﻤﮭﻠﺠﻨﺔ أو اﻟﻤﺴﻠﻔﻨﺔ أو اﻟﻤﻨﺘﺮﻧﺔ أو اﻟﻤﻨﺘﺮزة )غ.م.ك,0
29203000000,إﻧﺪوﺳﻠﻔﺎن (ISO),0
29209000000,(إﺳﺘﺮات أﺣﻤﺎض أﺧﺮ ﻏﯿﺮ ﻋﻀﻮﯾﺔ ﻟﻼﻓﻠﺰات وأﻣﻼﺣﮭﺎ )غ.م.ك,0
29211100000,(ﻣﯿﺜﯿﻞ أﻣﯿﻦ وﺛﻨﺎﺋﻲ ﻣﯿﺜﯿﻞ أﻣﯿﻦ وﺛﻼﺛﻲ ﻣﯿﺜﯿﻞ أﻣﯿﻦ وأﻣﻼﺣﮭﺎ,0
29211200000,"2-(N،N-ﺛﻨﺎﺋﻲ ﻣﯿﺜﯿﻞ أﻣﯿﻨﻮ) ﻛﻠﻮرﯾﺪ اﻹﯾﺜﯿﻞ",0
29211300000,"2-(N،N-ﺛﻨﺎﺋﻲ إﯾﺜﯿﻞ أﻣﯿﻨﻮ) ﻛﻠﻮرﯾﺪ اﻹﯾﺜﯿﻞ",0
29211400000,"2-(N،N-ﺛﻨﺎﺋﻲ أﯾﺰوﺑﺮوﺑﯿﻞ أﻣﯿﻨﻮ) ﻛﻠﻮرﯾﺪ اﻹﯾﺜﯿﻞ",0
29211900000,(أﻣﯿﻨﺎت أﺣﺎدﯾﺔ ﻻدورﯾﺔ أﺧﺮ وﻣﺸﺘﻘﺎﺗﮭﺎ وأﻣﻼﺣﮭﺎ )غ.م.ك,0
29212100000,إﯾﺜﯿﻠﯿﻦ دﯾﺎﻣﯿﻦ وأﻣﻼﺣﮫ,0
29212200000,ﺳﺪاﺳﻲ ﻣﯿﺜﯿﻠﯿﻦ دﯾﺎﻣﯿﻦ وأﻣﻼﺣﮫ,0
29212900000,(أﻣﯿﻨﺎت ﻋﺪﯾﺪة ﻻدورﯾﺔ أﺧﺮ وﻣﺸﺘﻘﺎﺗﮭﺎ وأﻣﻼﺣﮭﺎ )غ.م.ك,0
29213000000,"أﻣﯿﻨﺎت أﺣﺎدﯾﺔ أو ﻋﺪﯾﺪة ، ﺳﯿﻜﻠﻮأﻟﻜﺎﻧﯿﺔ أو ﺳﯿﻜﻠﻮأﻟﻜﯿﻨﯿﺔ أو ﺳﯿﻜﻠﻮﺗﺮﺑﯿﻨﯿﺔ ، وﻣﺸﺘﻘﺎﺗﮭﺎ ؛ أﻣﻼح ھﺬه اﻟﻤﻨﺘﺠﺎت",0
29214100000,أﻧﯿﻠﯿﻦ وأﻣﻼﺣﮫ,0
29214200000,ﻣﺸﺘﻘﺎت اﻷﻧﯿﻠﯿﻦ وأﻣﻼﺣﮭﺎ,0
29214300000,ﺗﻮﻟﻮﯾﺪﯾﻨﺎت وﻣﺸﺘﻘﺎﺗﮭﺎ ؛ أﻣﻼح ھﺬه اﻟﻤﻨﺘﺠﺎت,0
29214400000,ﺛﻨﺎﺋﻲ ﻓﯿﻨﯿﻞ أﻣﯿﻦ وﻣﺸﺘﻘﺎﺗﮫ ؛ أﻣﻼح ھﺬه اﻟﻤﻨﺘﺠﺎت,0
29214500000,1-ﻧﻔﺜﯿﻞ أﻣﯿﻦ (أﻟﻔﺎ-ﻧﻔﺜﯿﻞ أﻣﯿﻦ) و2-ﻧﻔﺜﯿﻞ أﻣﯿﻦ (ﺑﯿﺘﺎ-ﻧﻔﺜﯿﻞ أﻣﯿﻦ) وﻣﺸﺘﻘﺎﺗﮭﻤﺎ؛ أﻣﻼح ھﺬه اﻟﻤﻨﺘﺠﺎت,0
29214600000,"أﻣﻔﯿﺘﺎﻣﯿﻦ (INN)،ﺑﻨﺰﻓﯿﺘﺎﻣﯿﻦ (INN)،دﻛﺴﺄﻣﻔﯿﺘﺎﻣﯿﻦ (INN)،إﯾﺘﯿﻼﻣﻔﯿﺘﺎﻣﯿﻦ (INN)،ﻓﻨﻜﺎﻣﻔﺎﻣﯿﻦ (INN)...",0
29214900000,(أﻣﯿﻨﺎت أﺣﺎدﯾﺔ ﻋﻄﺮﯾﺔ أﺧﺮ وﻣﺸﺘﻘﺎﺗﮭﺎ ؛ أﻣﻼح ھﺬه اﻟﻤﻨﺘﺠﺎت )غ.م.ك,0
29215100000,(أورﺛﻮ- و ﻣﯿﺘﺎ- و ﺑﺎرا- ﻓﯿﻨﯿﻠﯿﻦ دﯾﺎﻣﯿﻦ وﺛﻨﺎﺋﻲ أﻣﯿﻨﻮﺗﻮﻟﻮﯾﻨﺎت وﻣﺸﺘﻘﺎﺗﮭﺎ ؛ أﻣﻼح ھﺬه اﻟﻤﻨﺘﺠﺎت,0
29215900000,(أﻣﯿﻨﺎت ﻋﺪﯾﺪة ﻋﻄﺮﯾﺔ أﺧﺮ وﻣﺸﺘﻘﺎﺗﮭﺎ ؛ أﻣﻼح ھﺬه اﻟﻤﻨﺘﺠﺎت )غ.م.ك,0
29221100000,أﺣﺎدي إﯾﺜﺎﻧﻮل أﻣﯿﻦ وأﻣﻼﺣﮫ,0
29221200000,ﺛﻨﺎﺋﻲ إﯾﺜﺎﻧﻮل أﻣﯿﻦ وأﻣﻼﺣﮫ,0
29221400000,دﻛﺴﺘﺮوﺑﺮوﺑﻮﻛﺴﯿﻔﯿﻦ (INN) وأﻣﻼﺣﮫ,0
29221500000,ﺛﻼﺛﻲ إﯾﺜﺎﻧﻮل أﻣﯿﻦ,0
29221600000,ﺛﻨﺎﺋﻲ إﯾﺜﺎﻧﻮل أﻣﻮﻧﯿﻮم ﺑﯿﺮﻓﻠﻮروأوﻛﺘﺎن ﺳﻠﻔﻮﻧﺎت,0
29221700000,ﻣﯿﺜﯿﻞ داي إﯾﺜﺎﻧﻮل أﻣﯿﻦ و إﯾﺜﯿﻞ داي إﯾﺜﺎﻧﻮل أﻣﯿﻦ,0
29221800000,"2-(N،N-ﺛﻨﺎﺋﻲ أﯾﺰوﺑﺮوﺑﯿﻞ أﻣﯿﻨﻮ)إﯾﺜﺎﻧﻮل",0
29221900000,"(أﻣﯿﻨﻮ-ﻛﺤﻮﻻت أﺧﺮ ، وإﯾﺜﺮاﺗﮭﺎ وإﺳﺘﺮاﺗﮭﺎ ، ﻋﺪا ﺗﻠﻚ اﻟﺘﻲ ﺗﺤﺘﻮي ﻋﻠﻰ أﻛﺜﺮ ﻣﻦ ﻧﻮع واﺣﺪ ﻣﻦ اﻟﻮظﺎﺋﻒ اﻷ )غ.م.ك",0
29222100000,أﺣﻤﺎض أﻣﯿﻨﻮ ﻧﻔﺜﻮل ﺳﻠﻔﻮﻧﯿﻚ وأﻣﻼﺣﮭﺎ,0
29222900000,"(أﻣﯿﻨﻮ-ﻧﻔﺜﻮﻻت وأﻣﯿﻨﻮ-ﻓﯿﻨﻮﻻت أﺧﺮ ، وإﯾﺜﺮاﺗﮭﺎ وإﺳﺘﺮاﺗﮭﺎ )غ.م.ك",0
29223100000,"أﻣﻔﯿﺒﺮاﻣﻮن (INN)،ﻣﯿﺜﺎدون (INN) وﻧﻮرﻣﯿﺜﺎدون (INN)؛ أﻣﻼح ھﺬه اﻟﻤﻨﺘﺠﺎت",0
29223900000,"(أﻣﯿﻨﻮ-أﻟﺪھﯿﺪات وأﻣﯿﻨﻮ-ﻛﯿﺘﻮﻧﺎت وأﻣﯿﻨﻮ-ﻛﯿﻨﻮﻧﺎت ، أﺧﺮ ، ﻋﺪا ﺗﻠﻚ اﻟﺘﻲ ﺗﺤﺘﻮي ﻋﻠﻰ أﻛﺜﺮ ﻣﻦ ﻧﻮع واﺣﺪ ﻣ )غ.م.ك",0
29224100000,ﻻﯾﺴﯿﻦ وإﺳﺘﺮاﺗﮫ ؛ أﻣﻼح ھﺬه اﻟﻤﻨﺘﺠﺎت,0
29224200000,ﺣﻤﺾ ﻏﻠﻮﺗﺎﻣﯿﻚ وأﻣﻼﺣﮫ,0
29224300000,ﺣﻤﺾ أﻧﺜﺮاﻧﯿﻠﯿﻚ وأﻣﻼﺣﮫ,0
29224400000,ﺗﯿﻠﯿﺪﯾﻦ (INN) وأﻣﻼﺣﮫ,0
29224900000,"(أﺣﻤﺎض أﻣﯿﻨﯿﺔ أﺧﺮ ، ﻋﺪا ﺗﻠﻚ اﻟﺘﻲ ﺗﺤﺘﻮي ﻋﻠﻰ أﻛﺜﺮ ﻣﻦ ﻧﻮع واﺣﺪ ﻣﻦ اﻟﻮظﺎﺋﻒ اﻷﻛﺴﺠﯿﻨﯿﺔ وإﺳﺘﺮاﺗﮭﺎ ؛ )غ.م.ك",0
29225000000,"أﻣﯿﻨﻮ-ﻛﺤﻮﻻت-ﻓﯿﻨﻮﻻت ، أﺣﻤﺎض أﻣﯿﻨﯿﺔ وﻣﺮﻛﺒﺎت أﻣﯿﻨﯿﺔ أﺧﺮ ﺑﻮظﺎﺋﻒ أﻛﺴﺠﯿﻨﯿﺔ",0
29231000000,ﻛﻮﻟﯿﻦ وأﻣﻼﺣﮫ,0
29232000000,ﻟﯿﺴﯿﺜﯿﻨﺎت وﻓﻮﺳﻔﻮأﻣﯿﻨﻮﻟﯿﺒﯿﺪات أﺧﺮ,0
29233000000,ﯾﻮدﯾﺪ رﺑﺎﻋﻲ إﯾﺜﯿﻞ اﻷﻣﻮﻧﯿﻮم اﻟﺒﯿﺮﻓﻠﻮروأوﻛﺘﺎن ﺳﻠﻔﻮﻧﺎت,0
29234000000,ﺛﻨﺎﺋﻲ دﯾﺴﯿﻞ ﺛﻨﺎﺋﻲ ﻣﯿﺜﯿﻞ ﻛﻠﻮرﯾﺪ اﻷﻣﻮﻧﯿﻮم (DDAC),0
29239000000,(أﻣﻼح وھﯿﺪروﻛﺴﯿﺪات أﻣﻮﻧﯿﻮم رﺑﺎﻋﯿﺔ )غ.م.ك,0
29241100000,ﻣﯿﺒﺮوﺑﺎﻣﺎت (INN),0
29241200000,ﻓﻠﻮروأﺳﯿﺘﺎﻣﯿﺪ (ISO) وﻣﻮﻧﻮﻛﺮوﺗﻮﻓﻮس (ISO) وﻓﻮﺳﻔﺎﻣﯿﺪون (ISO),0
29241900000,(أﻣﯿﺪات ﻻدورﯾﺔ ) ﺑﻤﺎ ﻓﯿﮭﺎ ﻛﺮﺑﺎﻣﺎت ﻻدورﯾﺔ ( أﺧﺮ وﻣﺸﺘﻘﺎﺗﮭﺎ ؛ أﻣﻼح ھﺬه اﻟﻤﻨﺘﺠﺎت )غ.م.ك,0
29242100000,ﯾﻮرﯾﯿﺪات وأﻣﻼﺣﮭﺎ,0
29242300000,ﺣﻤﺾ 2-أﺳﯿﺘﺎﻣﯿﺪو ﺑﻨﺰوﯾﻚ (N-أﺳﯿﺘﯿﻞ أﻧﺜﺮاﻧﯿﻠﯿﻚ) وأﻣﻼﺣﮫ,0
29242400000,إﯾﺜﯿﻨﺎﻣﺎت (INN),0
29242500000,أﻻﻛﻠﻮر (ISO),0
29242900000,(أﻣﯿﺪات دورﯾﺔ ) ﺑﻤﺎ ﻓﯿﮭﺎ ﻛﺮﺑﺎﻣﺎت دورﯾﺔ ( أﺧﺮ وﻣﺸﺘﻘﺎﺗﮭﺎ ؛ أﻣﻼح ھﺬه اﻟﻤﻨﺘﺠﺎت )غ.م.ك,0
29251100000,(ﺳﻜﺮﯾﻦ وأﻣﻼﺣﮫ,0
29251200000,ﻏﻠﻮﺗﯿﺜﯿﻤﯿﺪ (INN),0
29251900000,(إﯾﻤﯿﺪات أﺧﺮ وﻣﺸﺘﻘﺎﺗﮭﺎ ؛ أﻣﻼح ھﺬه اﻟﻤﻨﺘﺠﺎت )غ.م.ك,0
29252100000,ﻛﻠﻮردﯾﻤﯿﻔﻮرم (ISO),0
29252900000,(إﯾﻤﯿﻨﺎت أﺧﺮ وﻣﺸﺘﻘﺎﺗﮭﺎ ؛ أﻣﻼح ھﺬه اﻟﻤﻨﺘﺠﺎت )غ.م.ك,0
29261000000,أﻛﺮﯾﻠﻮﻧﯿﺘﺮﯾﻞ,0
29262000000,1-ﺳﯿﺎﻧﻮﻏﻮاﻧﯿﺪﯾﻦ ) ﺛﻨﺎﺋﻲ ﺳﯿﺎﻧﺪﯾﺎﻣﯿﺪ (,0
29263000000,"ﻓﻨﺒﺮوﺑﻮرﯾﻜﺲ (INN) وأﻣﻼﺣﮫ ؛ وﺳﯿﻂ ﻣﯿﺜﺎدون (INN) ) 4-ﺳﯿﺎﻧﻮ-2-ﺛﻨﺎﺋﻲ ﻣﯿﺜﯿﻞ أﻣﯿﻨﻮ-4,4-ﺛﻨﺎﺋﻲ ﻓﯿﻨﯿﻞ",0
29264000000,أﻟﻔﺎ-ﻓﯿﻨﯿﻞ أﺳﯿﺘﻮأﺳﯿﺘﻮﻧﯿﺘﺮﯾﻞ,0
29269000000,(ﻣﺮﻛﺒﺎت ﺑﻮظﯿﻔﺔ ﻧﯿﺘﺮﯾﻞ )غ.م.ك,0
29270000000,ﻣﺮﻛﺒﺎت دﯾﺎزو أو أزو أو أزوﻛﺴﻲ,0
29280000000,ﻣﺸﺘﻘﺎت ﻋﻀﻮﯾﺔ ﻟﻠﮭﯿﺪرازﯾﻦ أو ﻟﻠﮭﯿﺪروﻛﺴﯿﻞ أﻣﯿﻦ,0
29291000000,أﯾﺰوﺳﯿﺎﻧﺎت,0
29299000000,(ﻣﺮﻛﺒﺎت أﺧﺮ ﺑﻮظﺎﺋﻒ أزﺗﯿﺔ )غ.م.ك,0
29302000000,ﺛﯿﻮﻛﺮﺑﺎﻣﺎت وﺛﻨﺎﺋﻲ ﺛﯿﻮﻛﺮﺑﺎﻣﺎت,0
29303000000,ﺛﯿﻮرام ﺛﻨﺎﺋﻲ أو ﺛﻼﺛﻲ أو رﺑﺎﻋﻲ اﻟﻜﺒﺮﯾﺘﯿﺪات,0
29304000000,ﻣﯿﺜﯿﻮﻧﯿﻦ,0
29306000000,"2-(N،N-ﺛﻨﺎﺋﻲ إﯾﺜﯿﻞ أﻣﯿﻨﻮ)إﯾﺜﺎن ﺛﯿﻮل",0
29307000000,ﻛﺒﺮﯾﺘﯿﺪ ﺑﯿﺲ(2-ھﯿﺪروﻛﺴﻲ إﯾﺜﯿﻞ) (ﺛﯿﻮﺛﻨﺎﺋﻲ ﻏﻠﯿﻜﻮل (INN)),0
29308000000,"أﻟﺪﯾﻜﺎرب (ISO)،ﻛﺎﺑﺘﺎﻓﻮل (ISO) وﻣﯿﺜﺎﻣﯿﺪوﻓﻮس (ISO)",0
29309000000,(ﻣﺮﻛﺒﺎت ﻛﺒﺮﯾﺘﯿﺔ ﻋﻀﻮﯾﺔ أﺧﺮ )غ.م.ك,0
29311000000,رﺑﺎﻋﻲ ﻣﯿﺜﯿﻞ اﻟﺮﺻﺎص ورﺑﺎﻋﻲ إﯾﺜﯿﻞ اﻟﺮﺻﺎص,0
29312000000,ﻣﺮﻛﺒﺎت اﻟﺜﻼﺛﻲ ﺑﻮﺗﯿﻞ اﻟﻘﺼﺪﯾﺮﯾﺔ,0
29313100000,ﻣﯿﺜﯿﻞ ﻓﻮﺳﻔﻮﻧﺎت ﺛﻨﺎﺋﻲ اﻟﻤﯿﺜﯿﻞ,0
29313200000,ﺑﺮوﺑﯿﻞ ﻓﻮﺳﻔﻮﻧﺎت ﺛﻨﺎﺋﻲ اﻟﻤﯿﺜﯿﻞ,0
29313300000,إﯾﺜﯿﻞ ﻓﻮﺳﻔﻮﻧﺎت ﺛﻨﺎﺋﻲ اﻹﯾﺜﯿﻞ,0
29313400000,ﻣﯿﺜﯿﻞ ﻓﻮﺳﻔﻮﻧﺎت اﻟﺼﻮدﯾﻮم 3-(ﺛﻼﺛﻲ ھﯿﺪروﻛﺴﻲ ﺳﯿﻠﯿﻞ) ﺑﺮوﺑﯿﻞ,0
29313500000,"2،4،6-ﺛﻼﺛﻲ أوﻛﺴﯿﺪ-2،4،6-ﺛﻼﺛﻲ ﺑﺮوﺑﯿﻞ ﺳﯿﻜﻠﻮﺛﻼﺛﻲ ﺳﯿﻠﻮﻛﺴﺎن",0
29313600000,"(5-إﯾﺜﯿﻞ-2-ﻣﯿﺜﯿﻞ-2-أوﻛﺴﯿﺪو-1،3،2-دﯾﻮﻛﺴﺎﻓﻮﺳﻔﯿﻨﺎن-5-ﯾﻞ) ﻣﯿﺜﯿﻞ ﻣﯿﺜﯿﻞ ﻓﻮﺳﻔﻮﻧﺎت",0
29313700000,"ﺑﯿﺲ [(5-إﯾﺜﯿﻞ-2-ﻣﯿﺜﯿﻞ-2-أوﻛﺴﯿﺪو-1،3،2-دﯾﻮﻛﺴﺎﻓﻮﺳﻔﯿﻨﺎن-5-ﯾﻞ) ﻣﯿﺜﯿﻞ] ﻣﯿﺜﯿﻞ ﻓﻮﺳﻔﻮﻧﺎت",0
29313800000,ﻣﻠﺢ ﻣﯿﺜﯿﻞ ﻓﻮﺳﻔﻮﻧﯿﻚ و (أﻣﯿﻨﻮإﻣﯿﻨﻮﻣﯿﺜﯿﻞ) ﯾﻮرﯾﺎ (1: 1),0
29313900000,ﻏﯿﺮھﺎ,0
29314100000,ﻣﯿﺜﯿﻞ ﻓﻮﺳﻔﻮﻧﺎت ﺛﻨﺎﺋﻲ اﻟﻤﯿﺜﯿﻞ,0
29314200000,ﺑﺮوﺑﯿﻞ ﻓﻮﺳﻔﻮﻧﺎت ﺛﻨﺎﺋﻲ اﻟﻤﯿﺜﯿﻞ,0
29314300000,إﯾﺜﯿﻞ ﻓﻮﺳﻔﻮﻧﺎت ﺛﻨﺎﺋﻲ اﻹﯾﺜﯿﻞ,0
29314400000,ﻣﯿﺜﯿﻞ ﻓﻮﺳﻔﻮﻧﺎت اﻟﺼﻮدﯾﻮم 3-(ﺛﻼﺛﻲ ھﯿﺪروﻛﺴﻲ ﺳﯿﻠﯿﻞ) ﺑﺮوﺑﯿﻞ,0
29314500000,"2،4،6-ﺛﻼﺛﻲ أوﻛﺴﯿﺪ-2،4،6-ﺛﻼﺛﻲ ﺑﺮوﺑﯿﻞ ﺳﯿﻜﻠﻮﺛﻼﺛﻲ ﺳﯿﻠﻮﻛﺴﺎن",0
29314600000,"(5-إﯾﺜﯿﻞ-2-ﻣﯿﺜﯿﻞ-2-أوﻛﺴﯿﺪو-1،3،2-دﯾﻮﻛﺴﺎﻓﻮﺳﻔﯿﻨﺎن-5-ﯾﻞ) ﻣﯿﺜﯿﻞ ﻣﯿﺜﯿﻞ ﻓﻮﺳﻔﻮﻧﺎت",0
29314700000,"ﺑﯿﺲ [(5-إﯾﺜﯿﻞ-2-ﻣﯿﺜﯿﻞ-2-أوﻛﺴﯿﺪو-1،3،2-دﯾﻮﻛﺴﺎﻓﻮﺳﻔﯿﻨﺎن-5-ﯾﻞ) ﻣﯿﺜﯿﻞ] ﻣﯿﺜﯿﻞ ﻓﻮﺳﻔﻮﻧﺎت",0
29314800000,ﻣﻠﺢ ﻣﯿﺜﯿﻞ ﻓﻮﺳﻔﻮﻧﯿﻚ و (أﻣﯿﻨﻮإﻣﯿﻨﻮﻣﯿﺜﯿﻞ) ﯾﻮرﯾﺎ (1: 1),0
29314900000,ﻏﯿﺮھﺎ,0
29315100000,ﻣﯿﺜﯿﻞ ﻓﻮﺳﻔﻮﻧﺎت ﺛﻨﺎﺋﻲ اﻟﻤﯿﺜﯿﻞ,0
29315200000,ﺑﺮوﺑﯿﻞ ﻓﻮﺳﻔﻮﻧﺎت ﺛﻨﺎﺋﻲ اﻟﻤﯿﺜﯿﻞ,0
29315300000,إﯾﺜﯿﻞ ﻓﻮﺳﻔﻮﻧﺎت ﺛﻨﺎﺋﻲ اﻹﯾﺜﯿﻞ,0
29315400000,ﻣﯿﺜﯿﻞ ﻓﻮﺳﻔﻮﻧﺎت اﻟﺼﻮدﯾﻮم 3-(ﺛﻼﺛﻲ ھﯿﺪروﻛﺴﻲ ﺳﯿﻠﯿﻞ) ﺑﺮوﺑﯿﻞ,0
29315900000,ﻏﯿﺮھﺎ,0
29319000000,(ﻣﺮﻛﺒﺎت ﻋﻀﻮﯾﺔ - ﻏﯿﺮ ﻋﻀﻮﯾﺔ أﺧﺮ )غ.م.ك,0
29321100000,رﺑﺎﻋﻲ ھﯿﺪروﻓﻮران,0
29321200000,2-ﻓﻮرأﻟﺪھﯿﺪ ) ﻓﻮرﻓﻮرال (,0
29321300000,ﻛﺤﻮل ﻓﻮرﻓﻮرﯾﻠﻲ وﻛﺤﻮل رﺑﺎﻋﻲ ھﯿﺪروﻓﻮرﻓﻮرﯾﻠﻲ,0
29321400000,ﺳﻮﻛﺮاﻟﻮز,0
29321900000,"(ﻣﺮﻛﺒﺎت ذات ﺣﻠﻘﺔ ﻓﻮران ﻏﯿﺮ ﻣﻜﺜﻔﺔ ) ﻣﮭﺪرﺟﺔ أم ﻻ ( ، أﺧﺮ )غ.م.ك",0
29322000000,ﻻﻛﺘﻮﻧﺎت,0
29329100000,إﯾﺰوﺳﺎﻓﺮول,0
29329200000,"1-(1،3-ﺑﻨﺰودﯾﻮﻛﺴﻮل-5-ﯾﻞ) ﺑﺮوﺑﺎن-2-ون",0
29329300000,ﺑﯿﺒﺮوﻧﺎل,0
29329400000,ﺳﺎﻓﺮول,0
29329500000,رﺑﺎﻋﻲ ھﯿﺪروﻛﺎﻧﺎﺑﯿﻨﻮﻻت )ﻛﻞ اﻷﯾﺰوﻣﺮات(,0
29329900000,(ﻣﺮﻛﺒﺎت أﺧﺮ ﺣﻠﻘﯿﺔ ﻏﯿﺮ ﻣﺘﺠﺎﻧﺴﺔ ﻣﻊ وظﺎﺋﻒ أﻛﺴﺠﯿﻨﯿﺔ ﻓﻘﻂ )غ.م.ك,0
29331100000,ﻓﯿﻨﺎزون ) أﻧﺘﻲ ﺑﯿﺮﯾﻦ ( وﻣﺸﺘﻘﺎﺗﮫ,0
29331900000,(ﻣﺮﻛﺒﺎت أﺧﺮ ذات ﺣﻠﻘﺔ ﺑﯿﺮازول ﻏﯿﺮ ﻣﻜﺜﻔﺔ ) ﻣﮭﺪرﺟﺔ أم ﻻ ( ﻓﻲ اﻟﺒﻨﯿﺔ )غ.م.ك,0
29332100000,ھﯿﺪاﻧﺘﻮﯾﻦ وﻣﺸﺘﻘﺎﺗﮫ,0
29332900000,(ﻣﺮﻛﺒﺎت أﺧﺮ ذات ﺣﻠﻘﺔ إﯾﻤﯿﺪازول ﻏﯿﺮ ﻣﻜﺜﻔﺔ ) ﻣﮭﺪرﺟﺔ أم ﻻ ( ﻓﻲ اﻟﺒﻨﯿﺔ )غ.م.ك,0
29333100000,ﺑﯿﺮﯾﺪﯾﻦ وأﻣﻼﺣﮫ,0
29333200000,ﺑﯿﺒﺮﯾﺪﯾﻦ وأﻣﻼﺣﮫ,0
29333300000,"أﻟﻔﯿﻨﺘﺎﻧﯿﻞ (INN)،أﻧﯿﻠﯿﺮﯾﺪﯾﻦ (INN)،ﺑﯿﺰﯾﺘﺮاﻣﯿﺪ (INN)،ﺑﺮوﻣﺎزﯾﺒﺎم (INN)،دﯾﻔﯿﻨﻮﻛﺴﯿﻦ (INN)...",0
29333400000,ﻓﯿﻨﺘﺎﻧﯿﻼت ﻣﻦ اﻟﻨﻮع 2 أﺧﺮى وﻣﺸﺘﻘﺎﺗﮭﺎ,0
29333500000,3-ﻛﯿﻨﻮﻛﻠﯿﺪﯾﻨﻮل,0
29333600000,4-أﻧﯿﻠﯿﻨﻮ-N-ﻓﯿﻨﯿﺜﯿﻞ ﺑﯿﺒﺮﯾﺪﯾﻦ (ANPP),0
29333700000,N-ﻓﯿﻨﯿﺜﯿﻞ-4-ﺑﯿﺒﺮﯾﺪون (NPP),0
29333900000,(ﻣﺮﻛﺒﺎت أﺧﺮ ذات ﺣﻠﻘﺔ ﺑﯿﺮﯾﺪﯾﻦ ﻏﯿﺮ ﻣﻜﺜﻔﺔ ) ﻣﮭﺪرﺟﺔ أم ﻻ ( ﻓﻲ اﻟﺒﻨﯿﺔ )غ.م.ك,0
29334100000,ﻟﯿﻔﻮرﻓﺎﻧﻮل (INN) وأﻣﻼﺣﮫ,0
29334900000,"(ﻣﺮﻛﺒﺎت ذات ﺣﻠﻘﺘﻲ ﻛﯿﻨﻮﻟﯿﻦ أو أﯾﺰوﻛﯿﻨﻮﻟﯿﻦ ﻓﻲ اﻟﺒﻨﯿﺔ ) ﻣﮭﺪرﺟﺔ أم ﻻ ( ، ﻏﯿﺮ ﻣﻜﺜﻔﺔ أﻛﺜﺮ ﻣﻦ ذﻟﻚ )غ.م.ك",0
29335200000,ﻣﺎﻟﻮﻧﯿﻞ ﯾﻮرﯾﺎ ) ﺣﻤﺾ ﺑﺎرﺑﯿﺘﻮرﯾﻚ ( وأﻣﻼﺣﮫ,0
29335300000,"أﻟﻮﺑﺎرﺑﯿﺘﺎل (INN)،أﻣﻮﺑﺎرﺑﯿﺘﺎل (INN)،ﺑﺎرﺑﯿﺘﺎل (INN)،ﺑﻮﺗﺎﻟﺒﯿﺘﺎل (INN)،ﺑﻮﺗﻮﺑﺎرﺑﯿﺘﺎل...",0
29335400000,ﻣﺸﺘﻘﺎت أﺧﺮ ﻟﻤﺎﻟﻮﻧﯿﻞ ﯾﻮرﯾﺎ ) ﺣﻤﺾ ﺑﺎرﺑﯿﺘﻮرﯾﻚ ( ؛ أﻣﻼح ھﺬه اﻟﻤﻨﺘﺠﺎت,0
29335500000,"ﻟﻮﺑﺮازوﻻم (INN)،ﻣﯿﻜﻠﻮﻛﻮاﻟﻮن (INN)،ﻣﯿﺜﺎﻛﻮاﻟﻮن (INN) وزﯾﺒﯿﺒﺮول (INN)؛ أﻣﻼح ھﺬه اﻟﻤﻨﺘﺠﺎت",0
29335900000,(ﻣﺮﻛﺒﺎت أﺧﺮ ﺗﺤﺘﻮي ﻓﻲ ﺑﻨﯿﺘﮭﺎ ﻋﻠﻰ ﺣﻠﻘﺔ ﺑﯿﺮﯾﻤﯿﺪﯾﻦ ) ﻣﮭﺪرﺟﺔ أم ﻻ ( أو ﻋﻠﻰ ﺣﻠﻘﺔ ﺑﯿﺒﺮازﯾﻦ )غ.م.ك,0
29336100000,ﻣﯿﻼﻣﯿﻦ,0
29336900000,(ﻣﺮﻛﺒﺎت أﺧﺮ ﺗﺤﺘﻮي ﻓﻲ ﺑﻨﯿﺘﮭﺎ ﻋﻠﻰ ﺣﻠﻘﺔ ﺗﺮﯾﺎزﯾﻦ ﻏﯿﺮ ﻣﻜﺜﻔﺔ ) ﻣﮭﺪرﺟﺔ أم ﻻ ( )غ.م.ك,0
29337100000,6-ھﻜﺴﺎن ﻻﻛﺘﺎم (إﺑﺴﯿﻠﻮن-ﻛﺎﺑﺮوﻻﻛﺘﺎم),0
29337200000,ﻛﻠﻮﺑﺎزام (INN) وﻣﯿﺜﯿﺒﺮﯾﻠﻮن (INN),0
29337900000,(ﻻﻛﺘﺎﻣﺎت أﺧﺮ )غ.م.ك,0
29339100000,"أﻟﺒﺮازوﻻم (INN)،ﻛﺎﻣﺎزﯾﺒﺎم (INN)،ﻛﻠﻮردﯾﺎزﯾﺒﻮﻛﺴﯿﺪ (INN)،ﻛﻠﻮﻧﺎزﯾﺒﺎم (INN)،ﻛﻠﻮرازﯾﺒﺎت...",0
29339200000,أزﯾﻨﻔﻮس-ﻣﯿﺜﯿﻞ (ISO),0
29339900000,(ﻣﺮﻛﺒﺎت ﺣﻠﻘﯿﺔ ﻏﯿﺮ ﻣﺘﺠﺎﻧﺴﺔ ﻣﻊ وظﺎﺋﻒ أزﺗﯿﺔ ﻓﻘﻂ )غ.م.ك,0
29341000000,ﻣﺮﻛﺒﺎت ﺗﺤﺘﻮي ﻓﻲ ﺑﻨﯿﺘﮭﺎ ﻋﻠﻰ ﺣﻠﻘﺔ ﺛﯿﺎزول ﻏﯿﺮ ﻣﻜﺜﻔﺔ ) ﻣﮭﺪرﺟﺔ أم ﻻ (,0
29342000000,"ﻣﺮﻛﺒﺎت ﺗﺤﺘﻮي ﻓﻲ ﺑﻨﯿﺘﮭﺎ ﻋﻠﻰ ﺣﻠﻘﺔ ﺑﻨﺰوﺛﯿﺎزول ) ﻣﮭﺪرﺟﺔ أم ﻻ ( ، ﻏﯿﺮ ﻣﻜﺜﻔﺔ أﻛﺜﺮ ﻣﻦ ذﻟﻚ",0
29343000000,"ﻣﺮﻛﺒﺎت ﺗﺤﺘﻮي ﻓﻲ ﺑﻨﯿﺘﮭﺎ ﻋﻠﻰ ﺣﻠﻘﺔ ﻓﯿﻨﻮﺛﯿﺎزﯾﻦ ) ﻣﮭﺪرﺟﺔ أم ﻻ ( ، ﻏﯿﺮ ﻣﻜﺜﻔﺔ أﻛﺜﺮ ﻣﻦ ذﻟﻚ",0
29349100000,"أﻣﯿﻨﻮرﻛﺲ (INN)،ﺑﺮوﺗﯿﺰوﻻم (INN)،ﻛﻠﻮﺗﯿﺎزﯾﺒﺎم (INN)،ﻛﻠﻮﻛﺴﺎزوﻻم (INN)...",0
29349200000,ﻣﺮﻛﺒﺎت أﺧﺮى ﻣﻦ ﻓﯿﻨﺘﺎﻧﯿﻞ,0
29349900000,(ﻣﺮﻛﺒﺎت ﺣﻠﻘﯿﺔ ﻏﯿﺮ ﻣﺘﺠﺎﻧﺴﺔ أﺧﺮ )غ.م.ك,0
29351000000,سلفوناميدات ن-ميثيل البيرفلوروكتان,0
29352000000,سلفوناميدات ن-إيثيل البيرفلوروكتان,0
29353000000,ن-إيثيل-ن-(2-هيدروكسي إيثيل) سلفوناميد البيرفلوروكتان,0
29354000000,ن-(2-هيدروكسي إيثيل)-ن-ميثيل سلفوناميد البيرفلوروكتان,0
29355000000,سلفوناميدات بيرفلوروكتان أخرى,0
29359000000,سلفوناميدات أخرى,0
29362100000,ﻓﯿﺘﺎﻣﯿﻨﺎت A وﻣﺸﺘﻘﺎﺗﮭﺎ,0
29362200000,ﻓﯿﺘﺎﻣﯿﻦ B1 وﻣﺸﺘﻘﺎﺗﮫ,0
29362300000,ﻓﯿﺘﺎﻣﯿﻦ B2 وﻣﺸﺘﻘﺎﺗﮫ,0
29362400000,ﺣﻤﺾ د-أو د.ل-ﺑﺎﻧﺘﻮﺛﯿﻨﯿﻚ ) ﻓﯿﺘﺎﻣﯿﻦ B3 أو ﻓﯿﺘﺎﻣﯿﻦ B5 ( وﻣﺸﺘﻘﺎﺗﮫ,0
29362500000,ﻓﯿﺘﺎﻣﯿﻦ B6 وﻣﺸﺘﻘﺎﺗﮫ,0
29362600000,ﻓﯿﺘﺎﻣﯿﻦ B12 وﻣﺸﺘﻘﺎﺗﮫ,0
29362700000,ﻓﯿﺘﺎﻣﯿﻦ C وﻣﺸﺘﻘﺎﺗﮫ,0
29362800000,ﻓﯿﺘﺎﻣﯿﻦ E وﻣﺸﺘﻘﺎﺗﮫ,0
29362900000,(ﻓﯿﺘﺎﻣﯿﻨﺎت أﺧﺮ وﻣﺸﺘﻘﺎﺗﮭﺎ )غ.م.ك,0
29369000000,"ﻏﯿﺮھﺎ ، ﺑﻤﺎ ﻓﯿﮭﺎ اﻟﻤﺮﻛﺰات اﻟﻄﺒﯿﻌﯿﺔ",0
29371100000,ﺳﻮﻣﺎﺗﺮوﺑﯿﻦ وﻣﺸﺘﻘﺎﺗﮫ وﻧﻈﺎﺋﺮه ﺑﻨﯿﻮﯾﺎ,0
29371200000,إﻧﺴﻮﻟﯿﻦ وأﻣﻼﺣﮫ,0
29371900000,(ھﺮﻣﻮﻧﺎت ﻋﺪﯾﺪة ﺑﯿﺒﺘﯿﺪ وھﺮﻣﻮﻧﺎت ﺑﺮوﺗﯿﻨﯿﺔ وھﺮﻣﻮﻧﺎت ﺑﺮوﺗﯿﻨﯿﺔ ﺳﻜﺮﯾﺔ أﺧﺮ وﻣﺸﺘﻘﺎﺗﮭﺎ وﻧﻈﺎﺋﺮھﺎ ﺑﻨﯿﻮﯾﺎ )غ.م.ك,0
29372100000,"ﻛﻮرﺗﯿﺰون ، ھﯿﺪروﻛﻮرﺗﯿﺰون ، ﺑﺮدﻧﯿﺰون ) دي ھﯿﺪروﻛﻮرﺗﯿﺰون ( وﺑﺮدﻧﯿﺰوﻟﻮن ) دي ھﯿﺪروھﯿﺪروﻛﻮرﺗﯿﺰون (",0
29372200000,ﻣﺸﺘﻘﺎت ﻣﮭﻠﺠﻨﺔ ﻟﻠﮭﺮﻣﻮﻧﺎت اﻟﻘﺸﺮﻛﻈﺮﯾﺔ,0
29372300000,إﺳﺘﺮوﺟﯿﻨﺎت وﺑﺮوﺟﺴﺘﻮﺟﯿﻨﺎت,0
29372900000,"(ھﺮﻣﻮﻧﺎت ﺳﺘﯿﺮوﯾﺪﯾﺔ أﺧﺮ ، وﻣﺸﺘﻘﺎﺗﮭﺎ وﻧﻈﺎﺋﺮھﺎ ﺑﻨﯿﻮﯾﺎ )غ.م.ك",0
29375000000,ﺑﺮوﺳﺘﺎﻏﻼﻧﺪﯾﻨﺎت وﺛﺮوﻣﺒﻮﻛﺴﺎﻧﺎت وﻟﯿﻜﻮﺗﺮﯾﻨﺎت وﻣﺸﺘﻘﺎﺗﮭﺎ وﻧﻈﺎﺋﺮھﺎ ﺑﻨﯿﻮﯾﺎ,0
29379000000,(ھﺮﻣﻮﻧﺎت أﺧﺮ وﻣﺸﺘﻘﺎﺗﮭﺎ وﻧﻈﺎﺋﺮھﺎ ﺑﻨﯿﻮﯾﺎ ؛ ﻣﺸﺘﻘﺎت أﺧﺮ وﻧﻈﺎﺋﺮ ﺑﻨﯿﻮﯾﺔ أﺧﺮ ﺗﺴﺘﻌﻤﻞ أﺳﺎﺳﺎ ﻛﮭﺮﻣﻮﻧﺎت )غ.م.ك,0
29381000000,روﺗﻮﺳﯿﺪ (روﺗﯿﻦ) وﻣﺸﺘﻘﺎﺗﮫ,0
29389000000,"(ﻏﻠﯿﻜﻮزﯾﺪات أﺧﺮ ، طﺒﯿﻌﯿﺔ أو ﺻﻨﻌﯿﺔ وأﻣﻼﺣﮭﺎ وإﯾﺜﺮاﺗﮭﺎ وإﺳﺘﺮاﺗﮭﺎ وﻣﺸﺘﻘﺎﺗﮭﺎ اﻷﺧﺮ )غ.م.ك",0
29391100000,"ﻣﺮﻛﺰات ﻗﺶ اﻟﺨﺸﺨﺎش؛ﺑﻮﺑﺮﯾﻨﻮرﻓﯿﻦ (INN)،ﻛﻮدﯾﯿﻦ،دﯾﮭﯿﺪروﻛﻮدﯾﯿﻦ (INN)،إﯾﺜﯿﻞ ﻣﻮرﻓﯿﻦ...",0
29391900000,(أﺷﺒﺎه ﻗﻠﻮﯾﺎت اﻷﻓﯿﻮن أﺧﺮ وﻣﺸﺘﻘﺎﺗﮭﺎ ؛ أﻣﻼح ھﺬه اﻟﻤﻨﺘﺠﺎت )غ.م.ك,0
29392000000,أﺷﺒﺎه ﻗﻠﻮﯾﺎت ﻛﯿﻨﺎ وﻣﺸﺘﻘﺎﺗﮭﺎ ؛ أﻣﻼح ھﺬه اﻟﻤﻨﺘﺠﺎت,0
29393000000,ﻛﺎﻓﯿﯿﻦ وأﻣﻼﺣﮫ,0
29394100000,إﯾﻔﯿﺪرﯾﻦ وأﻣﻼﺣﮫ,0
29394200000,ﺑﺴﻮدوإﯾﻔﯿﺪرﯾﻦ )INN( وأﻣﻼﺣﮫ,0
29394300000,ﻛﺎﺛﯿﻦ (INN) وأﻣﻼﺣﮫ,0
29394400000,ﻧﻮرإﯾﻔﯿﺪرﯾﻦ وأﻣﻼﺣﮫ,0
29394500000,"ﻟﯿﻔﻮﻣﯿﺘﺎﻣﻔﯿﺘﺎﻣﯿﻦ، ﻣﯿﺘﺎﻣﻔﯿﺘﺎﻣﯿﻦ (INN)، ﻣﯿﺘﺎﻣﻔﯿﺘﺎﻣﯿﻦ راسيمات وأملاحها",0
29394900000,(إﯾﻔﯿﺪرﯾﻨﺎت أﺧﺮ وأﻣﻼﺣﮭﺎ )غ.م.ك,0
29395100000,ﻓﯿﻨﯿﺘﯿﻠﯿﻦ (INN) وأﻣﻼﺣﮫ,0
29395900000,(ﺛﯿﻮﻓﯿﻠﯿﻦ وأﻣﯿﻨﻮﻓﯿﻠﯿﻦ ) ﺛﯿﻮﻓﯿﻠﯿﻦ - إﯾﺜﯿﻠﯿﻦ دﯾﺎﻣﯿﻦ ( وﻣﺸﺘﻘﺎﺗﮭﻤﺎ ؛ أﻣﻼح ھﺬه اﻟﻤﻨﺘﺠﺎت )غ.م.ك,0
29396100000,إرﻏﻮﻣﺘﺮﯾﻦ (INN) وأﻣﻼﺣﮫ,0
29396200000,إرﻏﻮﺗﺎﻣﯿﻦ (INN) وأﻣﻼﺣﮫ,0
29396300000,ﺣﻤﺾ اﻟﻠﯿﺴﺮﺟﯿﻚ وأﻣﻼﺣﮫ,0
29396900000,(أﺷﺒﺎه ﻗﻠﻮﯾﺎت ﺷﯿﻠﻢ اﻟﻤﮭﻤﺎز أﺧﺮ وﻣﺸﺘﻘﺎﺗﮭﺎ ؛ أﻣﻼح ھﺬه اﻟﻤﻨﺘﺠﺎت )غ.م.ك,0
29397100000,"ﻛﻮﻛﺎﯾﯿﻦ، إﻛﺠﻮﻧﯿﻦ؛ ﻟﯿﻔﻮﻣﯿﺘﺎﻣﻔﯿﺘﺎﻣﯿﻦ، ﻣﯿﺘﺎﻣﻔﯿﺘﺎﻣﯿﻦ (INN)، ﻣﯿﺘﺎﻣﻔﯿﺘﺎﻣﯿﻦ راسيمات؛ أﻣﻼح وإﺳﺘﺮات و...",0
29397200000,ﻏﯿﺮھﺎ,0
29397900000,ﻏﯿﺮھﺎ,0
29398000000,ﻏﯿﺮھﺎ,0
29400000000,"ﺳﻜﺮﯾﺎت ﻧﻘﯿﺔ ﻛﯿﻤﺎوﯾﺎ ، ﻋﺪا اﻟﺴﻜﺮوز واﻟﻼﻛﺘﻮز واﻟﻤﺎﻟﺘﻮز واﻟﻐﻠﻮﻛﻮز واﻟﻔﺮﻛﺘﻮز ؛ إﯾﺜﺮات اﻟﺴﻜﺮ وأﺳﯿﺘﺎﻻ",0
29411000100,"ﺑﻨﺴﻠﯿﻦ وﻣﺸﺘﻘﺎﺗﮫ,ذات ﺑﻨﯿﺔ ﺣﻤﺾ ﺑﻨﺴﻠﯿﻨﻲ,وأﻣﻼﺣﮫ، ﻟﻺﺳﺘﺨﺪام اﻟﺒﺸﺮي",0
29411000900,"(ﺑﻨﺴﻠﯿﻦ وﻣﺸﺘﻘﺎﺗﮫ,ذات ﺑﻨﯿﺔ ﺣﻤﺾ ﺑﻨﺴﻠﯿﻨﻲ,وأﻣﻼﺣﮫ، )غ.م.ك",0
29412000000,"ﺳﺘﺮﺑﺘﻮﻣﯿﺴﯿﻦ وﻣﺸﺘﻘﺎﺗﮫ, وأﻣﻼﺣﮫ",0
29413000100,"ﺗﺘﺮاﺳﯿﻜﻠﯿﻦ وﻣﺸﺘﻘﺎﺗﮫ , وأﻣﻼﺣﮫ، ﻟﻺﺳﺘﺨﺪام اﻟﻄﺒﻲ",0
29413000900,"(ﺗﺘﺮاﺳﯿﻜﻠﯿﻦ وﻣﺸﺘﻘﺎﺗﮫ , وأﻣﻼﺣﮫ، )غ.م.ك",0
29414000000,"ﻛﻠﻮراﻣﻔﯿﻨﻜﻮل وﻣﺸﺘﻘﺎﺗﮫ , وأﻣﻼﺣﮫ",0
29415000000,"إرﯾﺜﺮوﻣﯿﺴﯿﻦ وﻣﺸﺘﻘﺎﺗﮭﺎ , وأﻣﻼﺣﮫ",0
29419000100,"ﻣﻀﺎدات ﺟﺮاﺛﯿﻢ ) أﻧﺘﯿﺒﯿﻮﺗﯿﻚ (، ﻟﻺﺳﺘﺨﺪام اﻟﺒﺸﺮي",0
29419000900,"(ﻣﻀﺎدات ﺟﺮاﺛﯿﻢ ) أﻧﺘﯿﺒﯿﻮﺗﯿﻚ (، )غ.م.ك",0
29420000100,"ﻣﺮﻛﺒﺎت ﻋﻀﻮﯾﺔ أﺧﺮى، ﻟﻺﺳﺘﺨﺪام اﻟﺒﺸﺮي",0
29420000900,"(ﻣﺮﻛﺒﺎت ﻋﻀﻮﯾﺔ أﺧﺮى، )غ.م.ك",0
30012000000,"خلاصات من غدد أو من أعضاءأخرأو من إفرازاتها, معدة للعلاج العضوي",0
30019010000,قرنيات العيون للاستعمال في الطب العلاجي أو الوقائي,0
30019020000,غدد وغيرها من أعضاء معدة للعلاج العضوي مجففة,0
30019090000,مواد بشرية أو حيوانية محضرة تستعمل بالطب العلاجي أو الوقائي (غ. م. ك) كبدين ( هيبارين) وأملاحه,0
30021200000,أمصال مضادة وغيرها من مكونات الدم,0
30021300000,المنتجات المناعية غير مخلوطة غير مهيأه بجرعات معايرة أو بأشكال أو بأغلفة للبيع بالتجزئة,0
30021400000,المنتجات المناعية مخلوطة غير مهيأه بجرعات معايرة أو بأشكال أو بأغلفة للبيع بالتجزئه,0
30021500100,المنتجات المناعية المهيأة بجرعات معايرة أو بأشكال أو بأغلفة للبيع بالتجزئة خاصة COVID 19 -,0
30021500900,المنتجات المناعية المهيأة بجرعات معايرة أو بأشكال أو بأغلفة للبيع بالتجزئة,0
30024100000,لقاحات للطب البشري,0
30024200000,لقاحات للطب البيطري,0
30024900000,"غيرها (سموم, مزارع كائنات دقيقة ( عدا الخمائر), وما يماثلها)",0
30025100000,مزارع خلايا,0
30025900000,غيرها,0
30029000000,غيرها (دم بشري ؛ دم حيواني معد للاستعمال العلاجي أو الوقائي أو التشخيصي),0
30031000000,"أدوية تحتوي على بنسلين أو مشتقاته, أو على ستربتوميسين أو مشتقاته (غير معدة للبيع بالتجزئة)",0
30032000000,أدوية أخر تحتوي على مضادات جراثيم (أنتي بيوتيك) (غير معدة للبيع بالتجزئة),0
30033100000,أدوية تحتوي على أنسولين (غير معدة للبيع بالتجزئة),0
30033900000,أدوية أخر تحتوي على هرمونات أو منتجات أخرى داخلة في البند 2937 (غير معدة للبيع بالتجزئة),0
30034100000,تحتوي على إفيدرين أو أملاحه (غير معدة للبيع بالتجزئة),0
30034200000,تحتوي على بسودوإفيدرين (INN) أو أملاحه (غير معدة للبيع بالتجزئة),0
30034300000,تحتوي على نورإفيدرين أو أملاحه (غير معدة للبيع بالتجزئة),0
30034900000,غيرها (أدوية تحتوي على أشباه قلويات أو مشتقاتها) (غير معدة للبيع بالتجزئة),0
30036000000,أدوية أخر تحتوي على مبادىء فعالة مضادة للملاريا مذكورة في ملاحظة 2 من الفصل الفرعي (غير معدة للبيع بالتجزئة),0
30039000000,أدوية أخر (غير معدة للبيع بالتجزئة),0
30041000000,"أدوية تحتوي على بنسلين أو مشتقاته, أو على ستربتوميسين أو مشتقاته (مهيأة للبيع بالتجزئة)",0
30042000000,أدوية أخر تحتوي على مضادات جراثيم (أنتي بيوتيك) (مهيأة للبيع بالتجزئة),0
30043100000,أدوية تحتوي على أنسولين (مهيأة للبيع بالتجزئة),0
30043200000,"أدوية تحتوي على هرمونات قشركظرية, أومشتقاتها أو نظائرها بنيويا (مهيأة للبيع بالتجزئة)",0
30043900000,أدوية أخر تحتوي على هرمونات أو منتجات أخرى داخلة في البند 2937 (مهيأة للبيع بالتجزئة),0
30044100000,تحتوي على إفيدرين أو أملاحه (مهيأة للبيع بالتجزئة),0
30044200000,تحتوي على بسودوإفيدرين (INN) أو أملاحه (مهيأة للبيع بالتجزئة),0
30044300000,تحتوي على نورإفيدرين أو أملاحه (مهيأة للبيع بالتجزئة),0
30044900000,غيرها (أدوية تحتوي على أشباه قلويات أو مشتقاتها) (مهيأة للبيع بالتجزئة),0
30045000000,أدوية أخر تحتوي على فيتامينات أو منتجات أخر من البند 2936 (مهيأة للبيع بالتجزئة),0
30046000000,أدوية أخر تحتوي على مبادىء فعالة مضادة للملاريا مذكورة في ملاحظة 2 من الفصل الفرعي (مهيأة للبيع بالتجزئة),0
30049000100,المستحضرات الصيدلانية الحاوية على (فيتامينات أو معادن أو أملاح معدنية أو أحماض أمينيه أو دهنيه أو مواد كربوهيدراتيه),0
30049000200,محاليل الحقن (المغذيات),0
30049000300,"فوق اوكسيد الهيدروجين (ماء اوكسجيني), وان كان مجمدا بالبولة بأشكال دوائية",0
30049000900,أدوية أخر (غ. م.ك). (م. ل. ت),0
30051000000,ضمادات لاصقة وأصناف لاصقة أخر مشربة أو مغطاة بمواد صيدلة أو (م. ل. ت) لإستعمالات طبية أو جراحية,0
30059000000,حشو وشاش وأربطة وأصناف مماثلة (غ. م.ك) مشربة أو مغطاة بمواد صيدلة أو (م. ل. ت) للطب أو الجراحة,0
30061000000,"خيوط جراحية وأصناف معقمة لخياطة الجروح, ولواصق : فتائل معقمة للجروح وموقفات نزيف معقمة ماصة",0
30063000000,محضرات معتمة للفحص بالأشعة السينية مواد كاشفة تعطى للمرضى للتشخيص الطبي,0
30064000100,الاسمنت المحتوي على زئبق,0
30064000900,اسمنت وغيره من منتجات مستعملة في حشو الاسنان ( عدا الاسمنت المحتوي على زئبق) : اسمنت لاعادة تشكيل العظام,0
30065000000,علب ولوازم الإسعافات الأولية,0
30066000000,محضرات كيماوية لمنع الحمل اساسها هرمونات أو مبيدات نطاف,0
30067000000,محضرات بشكل هلام (جل) معدة للاستعمال في الطب البشري أو البيطري كمزلق أجزاء الجسم ...,0
30069100000,أدوات محددة الهوية للوازم العناية بالفغر (Ostomy),0
30069200000,نفايات صيدلانية,0
30069300000,وهمي دواء (Placebos) ومجموعات ادوات (kits) للتجارب السريرية المعماة (للدراسة),0
31010000000,"أسمدة من أصل حيواني أو نباتي, وان كانت مخلوطة فيما بينها أو معالجة كيماويا: اسمدة. خلط او ...",0
31021010000,"أسمدة البولة (يوريا), وإن كانت نقية للاستخدام الزراعي",0
31021090000,"أسمدة البولة (يوريا), وإن كانت نقية (غ. م.ك)",0
31022110000,"أسمدة من كبريتات الأمونيوم, وإن كانت نقية للاستخدام الزراعي",0
31022190000,"أسمدة من كبريتات الأمونيوم, وإن كانت نقية (غ. م.ك)",0
31022900000,"أسمدة من أملاح مزدوجة ومخاليط من كبريتات الأمونيوم ونترات الأمونيوم, وإن كانت نقية",5
31023000000,أسمدة من نترات الأمونيوم وإن كانت نقية,0
31024000000,أسمدة من مخاليط نترات الأمونيوم مع كربونات الكلسيوم أو غيرها من مواد غير عضوية غير مخصبة,0
31025000000,"أسمدة من نترات الصوديوم (ملح تشيلي), وإن كانت نقية",0
31026010000,"اسمدة من أملاح مزدوجة و.. نترات كالسيوم ونترات الأمونيوم, وإن كانت نقية للاستخدام الزراعي",0
31026090000,"أسمدة من أملاح مزدوجة ومخاليط من نترات كالسيوم ونترات الأمونيوم, وإن كانت نقية (غ. م.ك)",0
31028000000,أسمدة من مخاليط من البولة (يوريا) ونترات الأمونيوم في محاليل مائية أو نشادرية,5
31029000000,"أسمدة نيتروجينية معدنية أو كيماوية أخر (غ. م.ك), بما في ذلك المخاليط غير المذكورة سابقا",0
31031100000,تحتوي على 35% وزنا أو أكثر من ثنائي الفوسفور خامس أوكسيد P2O5,0
31031900000,"أسمدة فوسفاتية ، معدنية أو كيماوية (غ. م .ك)",0
31039000000,"غيرها، أسمدة فوسفاتية معدنية أو كيماوية",0
31042010000,أسمدة كلوريد البوتاسيوم المستورد من قبل المصانع كمدخلات انتاج,0
31042091000,أسمدة كلوريد البوتاسيوم (غ م ك ) للاستخدام الزراعي,5
31042099000,أسمدة كلوريد البوتاسيوم (غ م ك),5
31043011000,"أسمدة كبريتات البوتاسيوم, محتوية >52% وزنا من أكسيد البوتاسيوم للاستخدام الزراعي",5
31049090000,أسمدة بوتاسية معدنية أو كيماوية أخر (غ. م.ك),0
31051010000,سماد سياناميد كالسيوم تحتوي >25% وزنا نيتروجين مهيأة أقراص أو بشكل مماثل أو معبأة بأغلفة <=10 كغ,5
31051020000,"سماد كبريت بوتاسيوم تحتوي >25% وزنا ثاني أكسيد بوتاسيوم, مهيأة أقراص..أو معبأة بأغلفة <=10 كغ",5
31051030000,سماد كبريت المغنيسيوم-البوتاسيوم تحتوي >30% وزنا من (K2O) مهيأة أقراص..أو معبأة بأغلفة <=10 كغ,5
31051091100,"أسمدة NPK مهيأة أقراصا أو بأشكال مماثلة أو في عبوات بوزن <=10 كغ, للاستخدام الزراعي",5
31051091900,"أسمدة مهيأة أقراصا أو بأشكال مماثلة أو في عبوات بوزن <=10 كغ, (غ.م.ك), للاستخدام الزراعي",5
31051099000,"أسمدة مهيأة أقراصا أو بأشكال مماثلة أو في عبوات بوزن <=10 كغ, (غ.م.ك)",5
31052000000,أسمدة معدنية أو كيماوية محتوية على نيتروجين وفوسفور وبوتاسيوم,5
31053000100,ثنائي فوسفات الأمونيوم DAP,5
31053000900,أسمدة من هيدروجين أورثوفوسفات ثنائي الأمونيوم (فوسفات ثنائي الأمونيوم) (غ.م.ك),5
31054000100,احادي فوسفات الأمونيوم MAP,0
31054000900,"ثنائي هيدروجين أورثوفوسفات الأمونيوم (فوسفات أحادي مونيوم)، وإن كانت مخلوطة مع",0
31055110000,أسمدة معدنية أو كيماوية محتوية على النيتروجين والفسفور والنيترات والفوسفات للاستخدام الزراعي,5
31055190000,أسمدة معدنية أو كيماوية محتوية على النيتروجين والفسفور والنيترات والفوسفات (غ.م.ك),5
31055900000,أسمدة معدنية أو كيماوية أخر محتوية على النيتروجين والفوسفور (غ.م.ك),5
31056000000,أسمدة معدنية أو كيماوية محتوية على الفوسفور والبوتاسيوم,5
31059010000,أسمدة أخر (غ.م.ك) المستورد من قبل المصانع كمدخلات انتاج,0
31059090100,احادي فوسفات البوتاسيوم MPK,5
31059090200,أحماض امينية,5
31059090900,أسمدة أخر (غ.م.ك),5
32011000000,خلاصة الكيبراكو,5
32012000000,خلاصة الميموزا,5
32019000100,"تانات الزئبق ، غير محدد كيميائياً",5
32019000900,خلاصات دابغة نباتية أخر ; مواد دابغة وأملاحها وأثيراتها وإستيراتها والمشتقات الآخر (غ.م.ك),5
32021000000,مواد دابغة عضوية تركيبية,0
32029000000,مواد دابغة غير عضوية; محضرات دابغة; محضرات إنزيمية للإستعمال قبل الدباغة,0
32030000000,مواد تلوين أصلها نباتي أو حيواني; محضرات قاعدتها مواد تلوين من أصل نباتي أو حيواني (غ.م.ك),0
32041100200,"أصباغ من مواد تلوين عضوية تركيبية, مبددة , ومحضرات أساسها هذه الأصباغ، للإستخدام الصناعي",0
32041100900,"أصباغ من مواد تلوين عضوية تركيبية, مبددة , ومحضرات أساسها هذه الأصباغ ، (غ.م.ك)",0
32041200200,"أصباغ حمضية, ومحضرات أساسها... أصباغ مرسخة ومحضرات أساسها هذه الأصباغ، للإستخدام الصناعي",0
32041200900,"أصباغ حمضية, ومحضرات أساسها... أصباغ مرسخة ومحضرات أساسها هذه الأصباغ، (غ.م.ك)",0
32041300100,"أصباغ من مواد تلوين عضوية تركيبية... ومحضرات أساسها هذه الأصباغ، للإستخدام طبي، غذائي، دوائي",0
32041300200,"أصباغ من مواد تلوين عضوية تركيبية... ومحضرات أساسها هذه الأصباغ، للإستخدام الصناعي",0
32041300900,"أصباغ من مواد تلوين عضوية تركيبية... ومحضرات أساسها هذه الأصباغ، (غ.م.ك)",0
32041400000,"أصباغ من مواد تلوين عضوية تركيبية, مباشرة ومحضرات أساسها هذه الأصباغ",0
32041500000,"أصباغ من مواد تلوين عضوية تركيبية , راقود ومحضرات أساسها هذه الأصباغ",0
32041600000,"أصباغ من مواد تلوين عضوية تركيبية, متفاعلة ومحضرات أساسها هذه الأصباغ",0
32041700200,"ألوان من مواد تلوين عضوية تركيبية , سطحية ومحضرات أساسها هذه الأصباغ، للإستخدام الصناعي",0
32041700900,"ألوان من مواد تلوين عضوية تركيبية , سطحية ومحضرات أساسها هذه الأصباغ، (غ.م.ك)",0
32041800000,مواد تلوين كاروتينية ومحضرات أساسها هذه المواد,0
32041900100,"أصباغ من مواد تلوين عضوية تركيبية, أخرى ومحضرات أساسها، للإستخدام طبي، غذائي، دوائي",0
32041900200,"أصباغ من مواد تلوين عضوية تركيبية, أخرى ومحضرات أساسها، للإستخدام الصناعي",0
32041900900,"أصباغ من مواد تلوين عضوية تركيبية, أخرى ومحضرات أساسها (غ.م.ك)",0
32042000000,منتجات عضوية تركيبية من الأنواع المستعملة كعوامل اضاءة (نصوع) بصرية (فلورية),0
32049000000,مواد تلوين عضوية تركيبية (غ.م.ك),0
32050000100,"ألوان سطحية (Lakes)؛ محضرات أساسها ألوان سطحية، للإستخدام طبي، غذائي، دوائي",0
32050000200,"ألوان سطحية (Lakes)؛ محضرات أساسها ألوان سطحية، للإستخدام الصناعي",0
32050000900,ألوان سطحية (Lakes)؛ محضرات أساسها ألوان سطحية (غ.م.ك),0
32061100000,ألوان ومستحضرات أخر أساسها ثاني أكسيد التيتانيوم محتوية على 80% وزنا أو أكثر,0
32061900000,ألوان ومستحضرات أخر أساسها ثاني أكسيد التيتانيوم (غ.م.ك),0
32062000000,ألوان ومستحضرات أخر أساسها مركبات الكروم,0
32064100000,ألوان ومستحضرات أخر أساسها ألترامارين (لازورد),0
32064200000,ألوان ومستحضرات أخر أساسها الليثوبون ومواد تلوين أخرى أساسها كبريتيد الزنك,0
32064900000,مواد تلوين أخر ومحضرات أخر (غ.م.ك),0
32065000000,منتجات غير عضوية من الانواع المستعملة كمواد مضيئة (لومينوفور),0
32071000000,أصباغ ومواد إعتام وألوان مهيأة وألوان مماثلة,0
32072000000,طلاءات زجاجية (Vitrifiable enamels and glazes) ومستحضرات مماثلة (إينغوب) (سائل طيني),0
32073000000,بريق سائل ومستحضرات مماثلة,0
32074000000,"فريت زجاجي وغيره من الزجاج، بشكل مسحوق أو حبيبات أو قشور",0
32081000000,دهانات وورنيش اساسها من بولي استرات,0
32082000000,دهانات وورنيش اساسها من بوليميرات اكريليكية أو فينيلية,0
32089000000,دهانات وورنيش أخر (غ.م.ك),0
32091040000,"دهانات وورنيش اساسها من بوليميرات اكريليكية او فينيلية, محلولة او مبددة في وسط مائي المستورد من قبل المصانع",0
32091090000,"دهانات وورنيش اساسها من بوليميرات اكريليكية او فينيلية, محلولة او مبددة في وسط مائي (غ.م.ك)",25
32099090000,"دهانات وورنيش اساسها بوليميرات تركيبية او..كيماويا, مبددة او..وسط مائي (غ.م.ك)",25
32100040900,"ورنيش ودهانات... ألوان سطحية... للإستعمال بصقل الجلود, المستوردة... كمدخلات انتاج (غ.م.ك)",0
32100090000,ورنيش ودهانات أخر (غ.م.ك); ألوان سطحية مائية محضرة للإستعمال بصقل الجلود,25
32110000000,مجففات محضرة,0
32121000000,أوراق ختم,0
32129000000,"ألوان سطحية (م.ب.غ.م), سائل أو معجون لصناعة الدهان (غ.م.ك); أصباغ ومواد تلوين أخر (م.ل.ت)",0
32131000000,"ألوان للفنانين أو للطلبة.. أو للتسلية وألوان مماثلة بشكل أقراص... أو أغلفة مماثلة, مجاميع",5
32139000000,"ألوان للفنانين أو للطلبة.. أو للتسلية وألوان مماثلة بشكل أقراص... أو أغلفة مماثلة, عدا المجاميع",0
32141010000,"معاجين لتثبيت الزجاج وإسمنت الراتنج, وغيرها من.. السد; معاجين الحشو, المستورد.. كمدخلات انتاج",0
32141090000,"معاجين لتثبيت الزجاج وإسمنت الراتنج, وغيرها من.. السد; معاجين الحشو, (غ.م.ك)",5
32149010000,"محضرات طلاء السطوح (واجهات,.., أسقف, أو ماشابهها), غير متحملة للحرارة, المستورد.. كمدخلات انتاج",0
32149090000,"محضرات طلاء السطوح (واجهات, جدران داخلية, أرضيات, أسقف, أو ماشابهها), غير متحملة للحرارة (غ.م.ك)",5
32151100000,حبر طباعة أسود,0
32151900100,حبر سري ؛ حبر يظهر بواسطة اشعة فوق بنفسجية (UV),0
32151900900,حبر الطباعة عدا الحبر الاسود (غ.م.ك),0
32159010000,"أنواع حبر أخر (غ.م.ك), المستوردة من قبل المصانع كمدخلات انتاج",0
32159090100,حبر سري ؛ حبر يظهر بواسطة اشعة فوق بنفسجية (UV),5
32159090900,أنواع حبر أخر (غ.م.ك),5
33011200000,زﯾﻮت ﻋﻄﺮﯾﺔ ﻣﻦ ﺑﺮﺗﻘﺎل,0
33011300000,(زﯾﻮت ﻋﻄﺮﯾﺔ ﻣﻦ ﻟﯿﻤﻮن)ﺳﯿﺘﺮوس ﻟﯿﻤﻮن,0
33011900000,(زﯾﻮت ﻋﻄﺮﯾﺔ ﻣﻦ ﺣﻤﻀﯿﺎت)غ.م.ك,0
33012400000,(زﯾﻮت ﻋﻄﺮﯾﺔ ﻣﻦ اﻟﻨﻌﻨﻊ اﻟﻔﻠﻔﻠﻲ)ﻣﻨﺜﺎﺑﯿﺒﯿﺮﺗﺎ,0
33012500000,"(زﯾﻮت ﻋﻄﺮﯾﺔ ﻣﻦ أﺻﻨﺎف اﻟﻨﻌﻨﻊ اﻻﺧﺮ,)غ.م.ك",0
33012900000,"(زﯾﻮت ﻋﻄﺮﯾﺔ ﻣﻦ ﻏﯿﺮ اﻟﺤﻤﻀﯿﺎت,)غ.م.ك",0
33013000000,(راﺗﻨﺠﺎت ﻋﻄﺮﯾﺔ) رزﯾﻨﻮﯾﺪ,0
33019010000,ﻣﯿﺎه ﻣﻘﻄﺮة وﻣﺤﺎﻟﯿﻞ ﻣﺎﺋﯿﺔ ﻣﻦ زﯾﻮت ﻋﻄﺮﯾﺔ ﻣﻌﺪة ﻷﻏﺮاض طﺒﯿﺔ,0
33021000000,-: ـ ﻣﻦ اﻷﻧﻮاع اﻟﻤﺴﺘﻌﻤﻠﺔ ﻓﻲ اﻟﺼﻨﺎﻋﺎت اﻟﻐﺬاﺋﯿﺔ أو ﺻﻨﺎﻋﺔ اﻟﻤﺸﺮوﺑﺎت,0
33029000000,-:ـ ﻏﯿﺮھﺎ,0
33030000000,( ﻋﻄﻮر وﻣﯿﺎه ﺗﺠﻤﯿﻞ ) ﺗﻮاﻟﯿﺖ,5
33041000100,"ﻣﺤﻀّﺮات أﻣﻼح اﻟﺒﺤﺮ اﻟﻤﯿّﺖ , ﻟﺘﺠﻤﯿﻞ اﻟﺸّﻔﺎه",5
33041000900,"(ﻣﺤﻀّﺮات ﺗﺠﻤﯿﻞ اﻟﺸّﻔﺎه,)غ.م.ك",5
33042000100,"ﻣﺤﻀّﺮات أﻣﻼح اﻟﺒﺤﺮ اﻟﻤﯿّﺖ,ﻟﺘﺠﻤﯿﻞ اﻟﻌﯿﻮن",5
33042000900,"(ﻣﺤﻀّﺮات ﺗﺠﻤﯿﻞ اﻟﻌﯿﻮن,)غ.م.ك",5
33043000110,ﻣﺴﺘﺤﻀّﺮات ﻟﻠﻘﺪﻣﯿﻦ و اﻟﯿﺪﯾﻦ ﺗﺤﺘﻮي ﻋﻠﻰ ﻣﻨﺘﺠﺎت اﻟﺒﺤﺮ اﻟﻤﯿﺖ ﻟﻠﺘﺠﻤﯿﻞ و اﻟﺰﯾﻨﺔ,5
33043000190,(ﻣﺴﺘﺤﻀﺮات اﻟﻌﻨﺎﯾﺔ ﺑﺎﻟﯿﺪﯾﻦ و اﻟﻘﺪﻣﯿﻦ ﺗﺤﺘﻮي ﻋﻠﻰ ﻣﻨﺘﺠﺎت اﻟﺒﺤﺮ اﻟﻤﯿﺖ )غ.م.ك,5
33043000910,ﻣﺤﻀّﺮات ﻟﻠﻘﺪﻣﯿﻦ و اﻟﯿﺪﯾﻦ ﻟﻠﺘﺠﻤﯿﻞ و اﻟﺰﯾﻨﺔ,5
33043000990,"(ﻣﺤﻀّﺮات اﻟﻌﻨﺎﯾﺔ ﺑﺎﻷﯾﺪي واﻷﻗﺪام,)غ.م.ك",5
33049100110,ﻣﺴﺘﺤﻀّﺮات ﻋﻠﻰ ﺷﻜﻞ ﻣﺴﺎﺣﯿﻖ ﺗﺤﺘﻮي ﻋﻠﻰ ﻣﻨﺘﺠﺎت اﻟﺒﺤﺮ اﻟﻤﯿّﺖ ﻟﻠﺘﺠﻤﯿﻞ و اﻟﺰﯾﻨﺔ,5
33049100190,(ﻣﺴﺘﺤﻀّﺮات ﻋﻠﻰ ﺷﻜﻞ ﻣﺴﺎﺣﯿﻖ ﺗﺤﺘﻮي ﻋﻠﻰ ﻣﻨﺘﺠﺎت اﻟﺒﺤﺮ اﻟﻤﯿّﺖ ﻟﻠﺘﺠﻤﯿﻞ و اﻟﺰﯾﻨﺔ)غ.م.ك,5
33049100910,ﻣﺴﺘﺤﻀّﺮات ﻋﻠﻰ ﺷﻜﻞ ﻣﺴﺎﺣﯿﻖ ﻟﻠﺘﺠﻤﯿﻞ واﻟﺰﯾﻨﺔ,5
33049100990,"(ﻣﺴﺘﺤﻀّﺮات ﻋﻠﻰ ﺷﻜﻞ ﻣﺴﺎﺣﯿﻖ ,)غ.م.ك",5
33049900110,"ﻣﺴﺘﺤﻀّﺮات ﺗﺠﻤﯿﻞ أو زﯾﻨﺔ)غ.م.ك( , ﺗﺤﺘﻮي ﻋﻠﻰ ﻣﻨﺘﺠﺎت اﻟﺒﺤﺮ اﻟﻤﯿّﺖ",5
33049900210,"ﻣﺴﺘﺤﻀّﺮات ﻟﻠﻌﻨﺎﯾﺔ ﺑﺎﻟﺒﺸﺮة ﻣﺴﺘﺨﺪﻣﺔﻟﻠﺘﺠﻤﯿﻞ واﻟﺰﯾﻨﺔ)غ.م.ك(,ﺗﺤﺘﻮي ﻋﻠﻰ ﻣﻨﺘﺠﺎت اﻟﺒﺤﺮ اﻟﻤﯿّﺖ",5
33049900290,(ﻣﺴﺘﺤﻀّﺮات ﻟﻠﻌﻨﺎﯾﺔ ﺑﺎﻟﺒﺸﺮة ﻣﺴﺘﺨﺪﻣﺔﻟﻠﺘﺠﻤﯿﻞ واﻟﺰﯾﻨﺔ)غ.م.ك,5
33049900910,"ﻣﺴﺘﺤﻀّﺮات )غ.م.ك(,ﺗﺤﺘﻮي ﻋﻠﻰ ﻣﻨﺘﺠﺎت اﻟﺒﺤﺮ اﻟﻤﯿّﺖ",5
33049900990,(ﻣﺴﺘﺤﻀّﺮات )غ.م.ك,5
33051000000,ﺷﺎﻣﺒﻮ ﻟﻠﻌﻨﺎﯾﺔ ﺑﺎﻟﺸﻌﺮ,5
33052000000,ﻣﺤﻀّﺮات ﻟﺘﺠﻌﯿﺪ اﻟﺸّﻌﺮ أو ﺗﻤﻠﯿﺴﮫ ﺑﺼﻮرة داﺋﻤﺔ,5
33053000000,ﻣﻠﻤّﻌﺎت ﻟﻠﺸّﻌﺮ,5
33059000000,"(ﻣﺤﻀّﺮات ﻟﻠﻌﻨﺎﯾﺔ ﺑﺎﻟﺸّﻌﺮ,)غ.م.ك",5
33061000000,ﻣﺤﻀﺮات ﻟﻠﻌﻨﺎﯾﺔ ﺑﺎﻷﺳﻨﺎن,5
33062000000,(ﺧﯿﻮط ﻟﻠﺘﻨﻈﯿﻒ ﻣﺎﺑﯿﻦ اﻻﺳﻨﺎن)ﺧﯿﻂ اﻟﺤﺮﯾﺮاﻟﺴﻨﻲ()دﻧﺘﺎل ﻓﻠﻮس( ﻓﻲ ﻋﺒﻮات )م.ل.ت,5
33069000000,(ﻣﺤﻀﺮات ﻟﻠﻌﻨﺎﯾﺔ ﺑﺎﻟﻔﻢ أو اﻷﺳﻨﺎن )غ.م.ك,5
33071000000,ﻣﺤﻀﺮات ﻟﻼﺳﺘﻌﻤﺎل ﻗﺒﻞ أو أﺛﻨﺎء أو ﺑﻌﺪاﻟﺤﻼﻗﺔ,5
33072000000,ﻣﺰﯾﻼت اﻟﺮواﺋﺢ اﻟﺠﺴﺪﯾﺔ وﻣﻀﺎدات اﻟﻌﺮق,5
33073000000,أﻣﻼح اﻟﺤﻤﺎم اﻟﻤﻌﻄﺮة وﻣﺤﻀﺮات اﻻﺳﺘﺤﻤﺎم اﻻﺧﺮ,5
33074100000,اﻏﺎرﺑﺎﺗﻲ وﻣﺤﻀﺮات ﻟﺘﻌﻄﯿﺮ أوازاﻟﺔ رواﺋﺢ اﻟﻐﺮف ﺗﻨﺘﺸﺮ راﺋﺤﺘﮭﺎ ﺑﺎﻟﺤﺮق,5
33074900000,"(ﻣﺤﻀﺮات ﻟﺘﻌﻄﯿﺮ أو إزاﻟﺔ رواﺋﺢ اﻟﻐﺮف,)غ.م.ك",5
33079010000,ﻣﺤﺎﻟﯿﻞ ﻟﻠﻌﺪﺳﺎت اﻟﻼﺻﻘﮫ أو ﻟﻸﻋﯿﻦ اﻻﺻﻄﻨﺎﻋﯿﺔ,5
33079020000,ﻣﺤﻀﺮات ﺗﺮطﯿﺐ اﻟﻌﯿﻮن,5
33079090000,"(ﻣﺰﯾﻼت اﻟﺸﻌﺮ وﻋﻄﻮر أﺧﺮى وﻣﺤﻀﺮات ﺗﻄﺮﯾﺔ أو ﺗﺠﻤﯿﻞ,)غ.م.ك",5
34011100000,"صابون ومحضرات غواسل عضوية, قضبان.. وورق وحشو.. , مشربة.. بالصابون أو بمادة مطهرة, (م.ك.ت)",5
34011900100,صابون بلدي,5
34012000000,صابون بأشكال أخر,5
34013000000,"منتجات ومحضرات غواسل عضوية لغسل البشرة, مهيأة للبيع بالتجزئة وان احتوت على صابون",25
34023100000,أحماض ألكيل بنزين سلفونية خطية وأملاحها,0
34024200000,"عوامل عضوية ذات نشاط سطحي أخر، وإن كانت مهيأة للبيع بالتجزئة (غير أيونية)",0
34024900000,غيرها من عوامل عضوية ذات نشاط سطحي أخر,0
34025000000,محضرات مهيأة للبيع بالتجزئة,25
34029000000,محضرات غواسل وغسيل وتنظيف (غ.م.ك),0
34031120000,"محضرات لمعالجة المواد النسيجية أو.., محتوية على زيوت نفطية.., (غ.م.ك) المعدة للاستعمال الصناعي",0
34031190000,"محضرات لمعالجة المواد النسيجية أو الجلد.. محتوية على زيوت نفطية.., عدا المحضرات (م.ع.ز), (غ.م.ك)",5
34031920000,"محضرات للتشحيم, محتوية على زيوت نفطية.., عدا المحضرات (م.ع.ز), (غ.م.ك) المعدة للاستعمال الصناعي",0
34031990000,"محضرات للتشحيم, محتوية على زيوت نفطية.., عدا المحضرات (م.ع.ز), (غ.م.ك)",5
34039120000,"محضرات لمعالجة المواد النسيجية أو الجلد أو الفراء أو.., (غ.م.ك) المعدة للاستعمال الصناعي",0
34039190000,"محضرات لمعالجة المواد النسيجية أو الجلد أو الفراء أو غيرها من المواد, (غ.م.ك)",5
34039920000,محضرات للتشحيم (غ.م.ك) المعدة للاستعمال الصناعي,0
34039990000,محضرات للتشحيم (غ.م.ك),5
34042010000,شموع اصطناعية و.. من بولي (اوكسيثيلين) (بولي ايثيلين..) المستورد من قبل المصانع كمدخلات انتاج,0
34042090000,"شموع اصطناعية وشموع محضرة, من بولي (اوكسيثيلين) (بولي ايثيلين الجليكول) (غ.م.ك)",5
34049000000,"شموع صناعية وشموع محضرة أخر, (غ.م.ك)",5
34051000000,محضرات تلميع ومعاجين ومحضرات مماثلة للأحذية أو الجلد,5
34052000000,محضرات تلميع ومعاجين ومحضرات مماثلة لصيانة الأثاث الخشبي أو الأرضيات,5
34053000000,"محضرات تلميع ومحضرات مماثلة للعربات, عدا مواد تلميع المعادن",5
34054000000,معاجين ومساحيق الجلي وغيرها من محضرات الجلي,5
34059000000,"محضرات تلميع ومعاجين للزجاج أو المعادن ومحضرات مماثلة, (غ.م.ك)",5
34060000000,شموع إضاءة وأصناف مماثلة,5
34070010000,"شموع طبّ الأسنان (مركّبات طبع الأسنان), مهيّأة بشكل مجموعات أو في أغلفة للبيع .. مماثلة",5
34070090100,معاجين مهيأة لتسلية الأطفال,5
34070090900,(معاجين للتشكيل) (غ.م.ك),5
35011000000,جبنين (كازيين),0
35019000000,أملاح جبنين ومشتقات جبنين أخرى غراء الجبنين,0
35021100000,"زلال البيض, مجفف",0
35021900000,زلال البيض ( عدا المجفف),0
35022000000,زلال اللبن بما في ذلك مركزات إثنين أو أكثر من بروتينات مصل اللبن,0
35029000100,"زلال زئبقي ، غير محدد كيميائياً",0
35029000900,"زلال (غ.م.ك), وأملاح الزلال ومشتقاته الآخر",0
35030010000,هلام جيلاتين) ومشتقاته,0
35030090000,"غراء السمك انواع غراء أخر من أصل حيواني ( عدا غراء الجبنين الداخل في البند ()3501, (غ. م.ك)",0
35040000000,هضمون ومشتقاته مواد بروتينية أخر ومشتقاتها (غ. م.ك) مساحيق صلال وإن كانت معالجة بالكروم,0
35051000100,النشا المنترت Nitro Starch,0
35051000900,غيرها من الديكسترين و انواع النشا المعدل,0
35052010000,غراء أساسه نشاء أو ديكسترين أو غيره من أنواع النشاء المعدل المستعمل في صناعة النسيج والورق,0
35052030000,غراء أساسه نشاء أوديكسترين أو غيره من أنواع النشاء .. المستورد من قبل المصانع كمدخلات انتاج,0
35052090000,غراء أساسه نشاء أو ديكسترين أو غيره من أنواع النشاء المعدل (غ. م.ك),5
35061010000,منتجات صالحة للإستعمال كغراء أو مواد لاصقة (م. ل. ت) وبوزن - 1 كغ المعدة للاستعمال في طب الاسنان,0
35061020000,غراء حراري أساسه البوليمرات المستورد من قبل مصانع الفوط الصحية والحفاظات كمدخلات انتاج,0
35061090000,منتجات صالحة للإستعمال كغراء أو مواد لاصقة (م. ل. ت) كغراء أو مواد لاصقة وبوزن كغ1 (غم.ك),5
35069110000,غراء حراري بشكل حبيبات المستورد من قبل المصانع كمدخلات انتاج,0
35069190000,مواد لاصقة أساسها البوليمرات الداخلة في البنود من 39.01 الى 39.13 او المطاط (ع.م.ك),5
35069900000,"غراء محضر وغيره من المواد اللاصقة المحضرة, (غ.م.ك)",0
35071000000,"أنفحة, والمركزات الناتجة عن الأنفحة",0
35079000000,أنزيمات أنزيمات محضرة (غ.م.ك),0
36010000000,مساحيق بارود,0
36020000000,متفجرات محضرة عدا مساحيق البارود,5
36031000000,فتائل للأمان,5
36032000000,فتائل للتفجير,5
36033000000,كبسولات للإشتعال,5
36034000000,كبسولات للتفجير,5
36035000000,أدوات اشعال,5
36036000000,مفجرات كهربائية,5
36041000000,ألعاب نارية,5
36049000000,قذائف إشارة وصواريخ لمنع سقوط البرد وإشارات الضباب وغيرها من الأصناف النارية الفنية,5
36050000000,"ثقاب (كبريت), عدا الأصناف النارية الداخلة في البند 3604",5
36061000000,"وقود سائل وغاز وقود مسيل في عبوات بسعة 300 سم 3, لتعبئة أو إعادة تعبئة الولاعات",5
36069010000,حجر الولاعة المستورد من قبل مصانع الولاعات,0
36069090000,فيروسير يوم وخلائط معدنية أخر لإحداث اشتعال من جميع الأشكال أصناف من مواد لهوب (غ. م.ك),5
37011000000,"ألواح وأفلام مسطحة للتصوير بالاشعة السينية, محسسة وغير مصورة من أي مادة عدا الورق",5
37012000000,"أفلام للتصوير الفوري, مسطحة محسسة, غير مصورة",5
37013000000,الواح وأفلام أخر مسطحة للتصوير الفوتوغرافي محسسة غير مصورة أي من جوانبها 255 مم,0
37019100000,"الواح وأفلام أخر مسطحة للتصوير الفوتوغرافي الملون محسسة, غير مصورة",5
37019900000,"ألواح وأفلام مسطحة للتصوير الفوتوغرافي, محسسة غير مصوّرة (غ. م.ك)",0
37021000000,أفلام بشكل لفات للتصوير الفوتوغرافي بأشعة (X) محسسة وغير مصورة من أي مادة عدا الورق,5
37023100000,"أفلام أخر بشكل لفات للتصوير الفوتوغرافي الملون غير مثقبة بعرض 105 مم, محسسة وغير مصورة",5
37023200000,"أفلام أخر بشكل لفات للتصوير الفوتوغرافي, تتضمن مستحلب الفضة غير مثقبة بعرض 105مم محسسة",5
37023900000,"أفلام أخر بشكل لفات للتصوير الفوتوغرافي, غير مثقبة بعرض 105 مم, محسسة (غ.م.ك)",0
37024100000,"أفلام أخر بشكل لفات للتصوير الفوتوغرافي الملون غير مثقبة بعرض 610 مم وطول 200م, محسسة",5
37024200000,"أفلام أخر بشكل لفات للتصوير الفوتوغرافي غير مثقبة بعرض 610 مم وطول 200م, محسسة (غ.م.ك)",5
37024300000,أفلام بعرض يزيد عن 610 ملليمتر وبطول لا يزيد عن 200 متر,0
37024400000,"أفلام أخر بشكل لفات للتصوير الفوتوغرافي, غير مثقبة بعرض 105 مم و 610 مم محسسة",5
37025200000,أفلام أخر بشكل لفات للتصوير الفوتوغرافي الملون غير مثقبة بعرض لا يزيد عن 16 مم,5
37025300000,أفلام أخر بشكل لفات للتصوير .. الخ غير مثقبة بعرض 16 مم و 35 مم وطول 30م للشرائح الإيجابية,5
37025400000,أفلام أخر بشكل لفات للتصوير .. الخ. غير مثقبة بعرض 16 مم و 35 مم وطول 30م (غ.م.ك),5
37025500000,أفلام أخر بشكل لفات للتصوير .. الخ. غير مثقبة بعرض 16 مم و 35 مم وطول 30م,5
37025600000,"أفلام أخر بشكل لفات للتصوير الفوتوغرافي, غير مثقبة بعرض > 35 مم , محسسة",5
37029600000,أفلام بعرض لا يزيد عن 35 مم وبطول لا يزيد عن 30م,0
37029700000,أفلام بعرض لا يزيد عن 35 مم وبطول يزيد عن 30م,0
37029800000,أفلام أخر بشكل لفات للتصوير الفوتوغرافي بعرض 35 مم محسسة غير مصورة من أي مادة عدا الورق,5
37031000000,"لفات ورق وورق مقوى ولفات نسج للتصوير الفوتوغرافي, محسسة وغير مصورة بعرض 610 مم",5
37032000000,ورق وورق مقوى ونسج للتصوير الفوتوغرافي الملون (بولي كروم),5
37039000000,ورق وورق مقوى ونسج للتصوير الفوتوغرافي (غ. م.ك),5
37040000000,"أفلام وألواح وورق وورق مقوى ونسج للتصوير الفوتوغرافي, مصورة ولكن غير مظهرة",5
37050010000,الأفلام التعليمية الاخبارية,5
37050020000,الافلام المصغرة (ميكرو فيلم) عدا التعليمية والاخبارية,5
37050090000,"الواح و افلام لتصوير الفوتوغرافي, مصورة ومظهرة عدا افلام التصوير السنمائي",5
37061000000,أفلام سينمائية مصورة ومظهرة بعرض > 35 مم,0
37069000000,أفلام سينمائية مصورة ومظهرة بعرض < 35 مم (غ. م.ك),0
37071000000,مستحلبات للتحسيس,0
37079000000,محضرات كيماوية (غ. م.ك) للتصوير الفوتوغرافي : منتجات غير مخلوطة للتصوير الفوتوغرافي (م.ل.ت),0
38011000000,جرافيت صناعي,0
38012000000,جرافيت غروي أو شبه غروي,5
38013000000,عجائن كربونية للأقطاب الكهربائية ومعاجين مماثلة لتبطين الأفران,0
38019000000,محضرات اساسها الجرافيت أو كربون أخر بشكل معجون أوكتل أو ألواح أو مواد غير هاشبه مصنعة (غ. م.ك),0
38021000000,فحم منشط,0
38029000000,منتجات معدنية طبيعية منشطة هباب حيواني بما في ذلك الهباب الحيواني المستنفذ,0
38030000000,"زيت الصنوبر, وإن كان مكررا",0
38040000000,"محاليل الغسل المتبقية من صناعة عجائن السليلوز بما في ذلك سلفونات اللجنين, عدا زيت الصنوبر",0
38051000000,أرواح تربنتين من صموغ أو من أخشاب الصنوبر أو عن عملية تصنيع عجينة الورق بطريقة الكبريتات,0
38059010000,ايجارول,5
38059090000,أرواح تربتينية أخر ناتجة .. الخ : ديبنتين خام تربنتين كبريتيتي وغيرة من الباراسيمين الخام,0
38061000000,قلفونية وأحماض راتنجية,0
38062000000,أملاح قلفونية ( عدا المعدلة) أو أملاح أحماض راتنجية أو أملاح مشتقاتهما,0
38063000000,صموغ استرية,0
38069000000,مشتقات قلفونية وأحماض راتنجية وأرواح وزيوت قلفونية وصموغ مصهورة (غ. م.ك),0
38070000000,قطران خشب زيوت قطران خشب کریوزوت خشب كحول خشب زفت نباتي.. ومحضرات مماثلة أساسها ..,5
38085210000,ضمن عبوات نافثة,5
38085290000,(DDTISO ) كلوفينوتين) INN ) في أغلفة لا يزيد الوزن الصافي لمحتوياتها عن 300 غم,5
38085910000,في عبوات نافثة,5
38085990000,في عبوات غير نافثة (غ.م.ك),5
38086110000,ضمن عبوات نافثة في أغلفة لا يزيد الوزن الصافي لمحتوياتها عن جم300,5
38086190000,عبوات غير نافثة في أغلفة لا يزيد الوزن الصافي لمحتوياتها عن جم300,5
38086210000,"ضمن عبوات نافثة ، في أغلفة يزيد الوزن الصافي لمحتوياتها عن 300 غم ولكن لا يتجاوز 7.5 كغم",5
38086290000,في عبوات غير نافئة ضمن أغلفة يزيد الوزن الصافي لمحتوياتها عن غم 300 ولكن لا يتجاوز 7.5 كغم,5
38086910000,في عبوات نافثة,5
38086990000,في عبوات غير نافثة (غ.م.ك),5
38089112000,مبيدات حشرية.. المحتوية على بروموميثان (بروميد الميثيل اوبرومو كلورو ميثان,5
38089113000,مبيدات حشرية قاتلة في عبوات نافثة (م.ل.ت ) ( عدا المحضرات المنفرة او الطاردة للحشرات),5
38089119000,مبيدات حشرات في عبوات نافثة (م. ل.ت) . (غ. م.ك),5
38089121000,أقراص مشربة .. للاستعمال المنزلي.. المحتوية على برومو ميثان (بروميد الميثيل) اوبرومو كلورو ميثان,5
38089129000,أقراص مشربة بمواد مبيدة للحشرات تعمل مع أجهزة حرارية للاستعمال المنزلي (م. ل. ت) ( غ م ك ),5
38089191100,مبيدات حشرات (م. ل. ت) للزراعة محتوية على بروموميثان (بروميد الميثيل) او برومو كلوروميثان (غ. م.ك),5
38089191900,مبيدات حشرات (م. ل.ت) محتوية على بروموميثان (بروميد الميثيل او برومو كلوروميثان (غ. م.ك),5
38089192000,مصائد جذب الحشرات,0
38089194000,المستوردة من قبل المصانع كمدخلات انتاج,0
38089199100,"مبيدات حشرات (م.ل.ت), للزراعة (غ.م.ك)",5
38089199900,"مبيدات حشرات (م. ل.ت), (غ. م.ك)",5
38089211000,مبيدات فطريات في عبوات نافثة (م. ل. ت) محتوية على بروموميثان برومید (میثل او برومو كلورو ميثان,5
38089219000,مبيدات فطريات في عبوات نافثة (م. ل. ت ) ( غ م ك ),5
38089221000,مبيدات.. مستورد.. مصانع (ضمن عبوات غير م. ل. ت) كمدخلات انتاج محتوية على برومو ميثان.. (غ. م.ك),0
38089229000,مبيدات فطريات المستورد من قبل المصانع ضمن عبوات غير م. ل. ت كمدخلات انتاج (غ. م.ك),0
38089291000,"مبيدات فطريات (م. ل. ت), ( عدا بعبوات نافثة محتوية على برومو ميثان (بروميد الميثل او برومو...",5
38089299000,"مبيدات فطريات (م. ل. ت), ( عدا بعبوات نافثة) (ع) م ك )",5
38089311100,مبيدات أعشاب ومنظمات نمو النبات في عبوات نافثة محتوية على بروموميثان (بروميد ميثل او برومو...,5
38089311900,موقفات الانبات في عبوات نافثة (م. ل. ت) محتوية علىبرومو ميثان (بروميد ميثل او برومو...,5
38089319100,مبيدات أعشاب و منظمات نمو النبات في عبوات نافثة (غ. م.ك),5
38089319900,"موقفات الانبات, في عبوات نافثة (م. ل. ت) (غ .م.ك)",5
38089321100,مبيدات عشب ومنظمات.. مستورد.. مصانع (ضمن .. م . ل . ت) كمدخل انتاج محتوية على بروموميثان او .. غ. م.ك,0
38089321900,موقفات الانبات المستورد.. مصانع (ضمن.. م. ل. ت) كمدخل انتاج محتوية على بروموميثان او .. (غ. م.ك),0
38089329100,مبيد أعشاب ومنظمات انبات مستورد من قبل المصانع ضمن عبوات غيرم. ل. ت) كمدخلات انتاج (غ. م.ك),0
38089329900,موقفات الانبات المستورد من قبل المصانع ضمن عبوات غيرم. ل. ت) كمدخلات انتاج (غ. م.ك),0
38089391100,مبيدات أعشاب ومنظمات نمو النبات (م. ل. ت) محتوية على بروموميثان (بروميد ميثل) او برومو .. (غ. م.ك),5
38089391900,"موقفات الانبات, (م. ل. ت) محتوية على بروموميثان (بروميد ميثل) او بروموكلوروميثان (غ.م.ك)",5
38089399100,"مبيدات أعشاب و منظمات نمو النبات, (م. ل.ت) (غ. م.ك)",5
38089399900,"موقفات الانبات, (م. . لت) (غ. م.ك)",5
38089411100,معقمات للايدي,5
38089411900,مطهرات في عبوات نافثة (م. ل. ت) محتوية على برومو ميثان بروميد ميثل او بروموكلور ميثان (غ. م.ك),5
38089419100,معقمات للايدي,5
38089419900,مطهرات في عبوات نافثة (م. ل. ت) (غ. م.ك),5
38089491100,معقمات للايدي,5
38089491900,مطهرات (م. ل. ت) . ( عدا المعبأة بعبوات نافثة محتوية على بروموميثان (بروميد ميثل) او برومو .. (غ.م.ك),5
38089499100,"معقمات للايدي، بما فيها المكونة من الهيدروجين بيروكسيد",5
38089499900,مطهرات (م. ل. ت) . ( عدا المعبأة بعبوات نافئة) (غ.م.ك),5
38089911000,مبيد قوارض وأصناف مماثلة لمنتجات البند (3808) في عبوات نافثة ( م . ل . ت) محتوية على بروموميثان...,5
38089919000,"مبيد قوارض وأصناف مماثلة لمنتجات البند (3808), في عبوات نافثة (م. ل. ت) (غ. م.ك)",5
38089991000,مبيد قوارض و... (م. ل. ت) أو كمحضرات أو أصناف مماثلة ( أشرطة .. الخ) محتوية على بروموميثان .. (غ.م.ك),5
38089999000,"مبيد قوارض وأصناف مماثلة لمنتجات البند (م. ل. ت), أو كمحضرات أو أصناف مماثلة ( أشرطة .. الخ) (غ. م.ك)",5
38091000000,عوامل تنهية ... الخ أساسها مواد نشوية (غ.م.ك),0
38099100000,عوامل تنهية ... الخ (غ. م.ك) المستعملة في صناعة النسيج وما شابهها,0
38099200000,عوامل تنهية ... الخ (غ. م.ك) من أنواع تستعمل في صناعة الورق وما شابهها,0
38099300000,عوامل تنهية ... الخ من الانواع المستعمله في صناعة الجلود وما شابهها,0
38101010000,"محضرات لتنظيف سطح المعادن ... مساحيق وعجائن.. للحام المعادن, مستورد.. انتاج او استعمال الصناعي",0
38101090000,"محضرات لتنظيف سطح المعادن.. طلائها مساحيق وعجائن.. ومواد أخر للحام المعادن, (غ. م.ك)",5
38109010000,محضرات (فلكس) ومحضرات مساعدة.. محضرات لكسو أو .. مستورد.. كمستلزمات .. لاستخداماتها الخاصة,0
38109090000,"محضرات ( فلكس) ومحضرات مساعدة أخر للحام المعادن, محضرات لكسوأ و حشو قضبان أو عيدان اللحام (غ. م.ك)",5
38111100100,محضرات ضبط إشعال وقود المحركات أساسها مركبات الرصاص تحتوي على زيوت نفطية أو زيوت معدنية قارية,5
38111100900,محضرات ضبط إشعال وقود المحركات أساسها مركبات الرصاص (غ.م.ك),5
38111900100,محضرات ضبط الاشعال في وقود المحركات ( عدا التي أساسها مركبات الرصاص) تحتوي على زيوت نفطية أو زيوت معدنية قارية,5
38111900900,محضرات ضبط الاشعال في وقود المحركات ( عدا التي أساسها مركبات الرصاص) (غ. م.ك),5
38112100000,محضرات تضاف لزيوت التشحيم تحتوي زيوت نفطية أو زيوت معدنية قارية,5
38112900000,محضرات تضاف لزيوت التشحيم ( عدا المحتوية على زيوت نفطية أو زيوت معدنية قارية,5
38119000100,محضرات آخر تضاف للزيوت المعدنية أو للسوائل الأخرى تستعمل كزيوت معدنية تحتوي على زيوت نفطية او زيوت معدنية قارية,5
38119000900,محضرات آخر تضاف للزيوت المعدنية أو للسوائل الأخرى تستعمل كزيوت معدنية (غ. م.ك),5
38121000000,مسرعات محضرة البركنة المطاط,0
38122000000,ملدنات مركبة للمطاط أو للدائن (غ. م.ك),0
38123100000,"مخاليط اوليجوميرات 2 ، 2 ، 4 ثالث ميثيل 1 ، 2 ثاني هيدروكينولين ( TMQ",0
38123900000,منتجات كيماوية ( غ.م .ك ),0
38130010000,محضرات ... قذائف.. المحتوية على بروموكلور ثنائي فلوروميثان بروموثلاثي.. او ثنائي برومو رباعي..,0
38130020000,محضرات ... قذائف .. المحتوية على ميثان ايثان او بروبان كربونات الهيدروبروم والفلور ()HBFCS,0
38130030000,محضرات .. قذائف.. المحتوية على ميثان ايثان اوبروبان كربونات الهيدروكلور والفلور ()HCFCS,0
38130040000,محضرات ... قذائف.. المحتوية على برومو كلورو ميثان,0
38130090000,محضرات وشحنات لأجهزة اطفاء الحريق قذائف معبأة لإطفاء الحريق ( غ م ك ),0
38140020000,مذيبات ... محتوية على ميثان ايثان اوبروبان كربونات الكلور .. وان كانت محتوية على كربونات ...,5
38140030000,مذيبات ... محتوية على ميثان ايثان اوبروبان كربونات هيدروكلور وفلورولكن غير محتوية على,5
38140040000,"مذيبات... محتوية على رباعي كلوريد الكربون, برومو كلورو ميثان او 1,1,1, - ثلاثي كلوروايثان...",5
38140050000,مذيبات ومخففات عضوية مركبة المستورد من قبل المصانع كمدخلات انتاج,0
38140090000,مذيبات ومخففات عضوية مركبة (غ. م.ك) : محضرات معدة لإزالة الدهان أو الورنيش (غ.م.ك),5
38151100000,محفزات مدعومة تحتوي على النيكل أو مركبات النيكل كمادة فعالة,0
38151200000,محفزات مدعومة تحتوي على معدن ثمين أو مركبات معدن ثمين كمادة فعالة,0
38151900000,محفزات مدعومة (غ. م.ك),0
38159000000,محضرات لبدء التفاعل ومسرعات التفاعل ومحضرات وسيطة محفزة (غ.م.ك),0
38160000100,اسمنت متحمل للحرارة (غ. م.ك),0
38160000900,ملاط وخرسانة ومركبات مماثلة متحملة للحرارة عدا الاسمنت ومنتجات البند () 3801(غ. م.ك),0
38170000000,"الكيل بنزينات مخلوطة والكيل نفتيلات مخلوطة, عدا تلك المذكورة في البند 2707 أو 2902",0
38180000000,عناصر كيماوية بشكل أقراص أو ألواح أو أشكال مماثلة ومركبات كيماوية منشطة للالكترونيات,0
38190010100,سوائل للفرامل الهيدروليكية وسوائل محضرة أخر لنقل الحركة الهيدروليكية لا تحتوي زيوت نفط او زيوت معدنية قارية مستورد.. المصانع كمستلزمات...,0
38190010900,غيرها من سوائل للفرامل الهيدروليكية وسوائل محضرة أخر لنقل الحركة الهيدروليكية تحتوي على أقل من %70 وزناً من زيوت النفط أو الزيوت المعدن,0
38190090100,"غيرها من سوائل للفرامل الهيدروليكية وسوائل محضرة أخر لنقل الحركة الهيدروليكية، لا تحتوي على زيوت نفط ولا على زيوت معدنية قارية",5
38190090900,"غيرها من سوائل للفرامل الهيدروليكية وسوائل محضرة أخر لنقل الحركة الهيدروليكية، تحتوي على اقل من %70 زيوت نفط او زيوت معدنية قارية",5
38200000110,"محضرات مضادة للتجمد, أساسها جلايكول الإيثيلين, للرديترات",5
38200000190,محضرات مضادة للتجمد (غ. م.ك) وسوائل مذيبة للجليد أساسها جلايكول الإيثيلين,5
38200000910,"محضرات مضادة للتجمد, للرديترات ( عدا التي أساسها جلايكول الإيثيلين)",5
38200000990,محضرات مضادة للتجمد وسوائل مذيبة للجليد. (غ. م.ك),5
38210000100,COVID 19 محضرات وسيطة لاستنبات الكائنات المجهرية خاصة بفيروس كورونا,5
38210000900,غيرها من محضرات وسيطة لاستنبات الكائنات المجهرية بما فيها الفيروسات عدا الكورونا وما يماثلها أو الخلايا النباتية أو البشرية او الحيوان,5
38221100000,"كواشف للتشخيص أو للمختبرات على حامل وكواشف محضرة للتشخيص أو للمختبرات، وإن كانت على حامل، وإن كانت مهيأة بشكل أطقم للملاريا",0
38221200000,كواشف للتشخيص أو للمختبرات على حامل وكواشف محضرة للتشخيص أو للمختبرات ... للزيكا وغيرها من الأمراض التي ينقلها البعوض من جنس إيديس,0
38221300000,"كواشف للتشخيص أو للمختبرات على حامل وكواشف محضرة للتشخيص أو للمختبرات، وإن كانت على حامل، وإن كانت مهيأة ... لتحديد فئات أو عوامل الدم",0
38221910100,شرائح فحص السكري المنزلية,0
38221910900,أشرطة لفحص تركيز الجلوكوز للتشخيص او المختبرات عدا تلك الداخلة في البند 3006 (غ.م.ك),0
38221990100,"19-COVID كواشف للتشخيص تعتمد على تفاعلات سلسلة البلمرة ، خاصة بفحص الكورونا",0
38221990900,كواشف على حوامل وكواشف محضرة للتشخيص أو للمختبرات (غ. م.ك),0
38229000000,مواد مرجعية معتمدة (غ. م.ك),0
38231100000,حمض الدهن (ستيارين),0
38231200000,حمض الزيت (اولييك),0
38231300000,أحماض دهنية من زيت الصنوبر,0
38231900000,أحماض دهنية صناعية أحادية الكربوكسيليك زيوت حمضية ناتجة عن التكرير (غ.م.ك),0
38237000100,جلايكول الاثيلين,0
38237000900,كحولات دسمة صناعية عدا جلايكول الاثيلين,0
38241000000,روابط محضرة لقوالب السبك,0
38243000000,كربيدات معدنية غير مكتلة مخلوطة فيما بينها أو مع روابط معدنية,0
38244010000,اضافات محضرة للاسمنت والملاط أو الخرسانة للاستعمال المخبري او مستوردة .. المصانع كمدخلات انتاج,0
38244090000,اضافات محضرة للاسمنت والملاط أو الخرسانة (غ. م.ك),5
38245010000,ملاط وخرسانة غير متحملة للحرارة المستوردة من قبل المصانع كمدخلات انتاج,0
38245090000,ملاط وخرسانة غير متحملة للحرارة (غ. م.ك),5
38246000000,سوربيتول عدا الداخل في البند الفرعي 2905441,0
38248100000,مخاليط او محضرات تحتوي اوكسيران اوكسيد الايثلين),0
38248200000,"مخاليط ومحضرات تحوشنائي الفينيلات.. ()PCB, ثلاثي الفينيلات () PCTsاو ثنائي الفينيلات ()PBBs",0
38248300000,"مخاليط ومحضرات تحتوي ثلاثي ) 2,3ثاني برومو بروبيل الفوسفات",0
38248400000,"تحتوي على الدرين ()ISO, كامفيكلور () ISO(توكسافين), كلوردين ()ISO, كلورديكون ()ISO,",5
38248500000,"تحتوي على 6,5,4,3,2,1 - سادس كلوروسيكلوهيكسان (((HCH ISO)، بما فيها ليندان () ISOINN)",5
38248600000,تحتوي على خامس كلوروبنزين () ISOسادس سكلورو بنزين ()ISO,5
38248700000,"تحتوي على حمض سلفونيك بيروفلورواوكتان أو أملاحه، سلفونو أميدات بيروفلورواوكتان أو فلور",5
38248800000,تحتوي على اثيرات رابع أو خامس أو سادس أو سابع أو ثامن بروموثاني فينيل,5
38248900000,"الأصناف المحددة في ملاحظة البند الفرعي رقم (3) لهذا الفصل، تحتوي على بارافينات كلورية قصيرة السلسلة",5
38249100000,"المخاليط المحضرات المكونة بصورة رئيسية من () 5إيثيل - ميثيل -2- أوكسيدو - - 2,31 ثاني",5
38249200000,"غيرها، استيرات بولي جلايكول من حامض ميثيل فوسفونيك",5
38249910100,المخصبات الزراعية,5
38249910900,ماء نشادري وأوكسيد متخلف عن عملية تنقية غاز الإستصباح,5
38249930000,--- املاح البحر الميت,5
38249940100,أملاح الأسيد للإستعمال المخبري أو المستورد من قبل المصانع كمدخلات إنتاج,0
38249940200,"حمض الفوسفونيك ، ثنائي ميثيل ميثيل فوسفونات ، بوليمر مع أوكسيران وأكسيد الفوسفور ، للاستعمال المخبري أو للاستعمال الصناعي أو المستورد من قبل المصانع كمدخلات انتاج",0
38249940900,"غيرها، للاستعمال المخبري أو للاستعمال الصناعي أو المستورد من قبل المصانع كمدخلات إنتاج",0
38249950100,أملاح الأسيد المستورد من قبل المصانع كمستلزمات انتاجل لاستخداماتها الخاصة,0
38249950200,"حمض الفوسفونيك ، ثنائي ميثيل ميثيل فوسفونات ، بوليمر مع أوكسيران وأكسيد الفوسفور المستورد من قبل المصانع كمستلزمات انتاج لاستخداماتها الخاصة",0
38249950900,منتجات ومحضرات أخر و مخاليط الصناعات .. المستورد.. كمستلزمات .. لاستخداماتها الخاصة (غ.م.ك),0
38249990100,أملاح الأسيد ( غ. م ك ),5
38249990200,محضرات كيماوية أساسها كربونات الكاليسوم ( غ. م . ك ),5
38249990300,"حمض الفوسفونيك ، ثنائي ميثيل ميثيل فوسفونات ، بوليمر مع أوكسيران وأكسيد الفوسفور (غ.م.ك)",5
38249990900,"منتجات ومحضرات أخر و مخاليط الصناعات الكيماوية والمرتبطة بها, ومخلفاتها (غ. م.ك)",5
38251000000,نفايات البلدية,5
38252000000,وحل المجاري,5
38253000000,نفايات العيادات الطبية),0
38254100000,نفايات مذيبات عضوية مهلجنة,5
38254900000,نفايات مذيبات عضوية عدا المهلجنة,5
38255000000,"نفايات سوائل تنظيف المعادن, وسوائل الهيدروليك نفايات سوائل الفرامل, وسوائل منع التجمد",5
38256100000,نفايات الصناعات الكيماوية أو الصناعات المرتبطة بها محتوية بصورة رئيسة على مكونات عضوية (غ. م.ك),5
38256900000,نفايات أخر من الصناعات الكيماوية أو الصناعات المرتبطة بها (غ.م.ك),5
38259000000,نفايات اخر محددة في الملاحظة 6 لهذا الفصل (غ. م.ك),5
38260000000,ديزل حيوي ومخالطيه غير محتوي أو محتوي على أقل من % 70وزنا من زيوت نفط أو زيوت متحصل عليها من مواد معدنية قارية,0
38271100100,R-500,0
38271100200,R-502,0
38271100900,"محتوية على كلورو فلورو الكربونات () CFCsوإن كانت محتوية على هيدرو كلورو فلورو الكربونات ()HCFCS، بيرفلورو الكربونات (PFCS) أو هيدرو فلورو الكربونات () HFCS(غ. م.ك)",0
38271200000,محتوية على هيدرو برومو فلورو الكربونات ()HBFCS,5
38271300000,محتوية علي رابع كلوريد الكربون,0
38271400000,"محتوية علي - ) 1,11ثلاثي كلورو الإيثان مثيل كلورو فورم",0
38272000000,محتوية على برومو كلورو ثنائي فلورو ميثان (1211-) Halonأو برومو ثلاثي فلورو ميثان (Halon (1301) أو إيثانات ثنائي برومو رباعي فلورو (Halon,5
38273100100,R-401A,0
38273100200,R-408A(FX 10),0
38273100300,R-415B,0
38273100900,محتوية على مواد داخلة في البنود الفرعية من 2903.41 إلى 2903.48 (غ.م.ك),0
38273200100,R-406A,0
38273200200,R-409A(FX 50),0
38273200900,"غيرها، محتوية على مواد داخلة في البنود الفرعية من 2903.71 الى 2903.75 (غ. م.ك)",0
38273900000,غيرها من المخاليط محتوية علي هيدرو كلورو فلورو الكربونات وإن كانت محتوية علي بيرفلورو الكربونات أو هيدرو فلورو الكربونات,0
38274000000,مخاليط محتوية علي مثيل البروميد برومو ميثان أو برومو كلورو ميثان,0
38275100000,مخاليط محتوية علي ثلاثي فلورو الميثان (23-)HFC,0
38275900000,"غيرها، عدا محتوية على ثلاثي فلورو الميثان (23-)HFC",0
38276100100,R-507,0
38276100200,R-404A,0
38276100900,"محتوية على 15% أو أكثر وزنا من 1،1،1 - ثلاثي فلورو الإيثان (-HFC143a) (.م.ك)",0
38276200000,"غيرها، غير داخلة في البند الفرعي أعلاه، محتوية على % 55أو أكثر وزنا من خماسي فلورو إيثان (HFC (125) ولكن غير محتوية على مشتقات هيدروكربو",0
38276300100,R-410A,0
38276300200,R-417A,0
38276300900,"غيرها، غير داخلة في البنود الفرعية أعلاه، محتوية على % 40أو أكثر وزنا من خماسي فلورو إيثان ...) (HFC-125)",0
38276400100,R-407C,0
38276400900,"غيرها، غير داخلة في البنود الفرعية أعلاه، محتوية على % 30أو أكثر وزنا من 1،1،1-2 رباعي فلورو إيثان -HFC134a) لكن غير محتوية على مشتقات هيدروكربونات لا دورية فلورية غير مشبعة ()HFO ). غم.ك(",0
38276500000,"غيرها، غير داخلة في البنود الفرعية أعلاه، محتوية على % 20أو أكثر وزنا من خماسي فلورو ميثان ! % 20و أو أكثر وزناً من خامس فلورو )HFC-32(",0
38276800000,"غيرها، غير داخلة في البنود الفرعية أعلاه، محتوية على مواد داخلة في البنود الفرعية من 2903.41 إلى 2903.48",0
38276900000,"غيرها من اصناف البند 3827.60 ، عدا اصناف البنود من الى 3827.68382761 )",0
38279000000,غيرها من اصناف البند 3827,5
39011000100,"بولي إيثلين بوزن نوعي < 94%, بشكله الأولي بكر",0
39011000900,بولي إيثلين بوزن نوعي < 94% بشكله الأولي مكرر,0
39012000100,"بولي إيثلين بوزن نوعي >= 94%, بشكله الأولي بكر",0
39012000900,بولي إيثلين بوزن نوعي >= 94% بشكله الأولي مكرر,0
39013000000,كوبوليمرات الإيثلين - أسيتات الفنيل) بأشكالها الأولية,0
39014000000,كوبوليمرات الإيثيلين - ألفا - أوليفين وزنه النوعي يقل عن 0.94,0
39019000100,"بوليمرات إيثلين بأشكالها الأولية، بكر",0
39019000200,"بوليمرات إيثلين بأشكالها الأولية، مكرر",0
39019000900,"بوليمرات إيثلين بأشكالها الأولية، (غ. م.ك)",0
39021000100,بولي برولين بشكله الأولي بكر,0
39021000900,بولي برولين بشكله الأولي مكرر,0
39022000000,بولی ایزوبوتيلين بشكله الأولى,0
39023000000,بوليمرات بروبلين مركبة بأشكالها الأولية,0
39029000000,بوليمرات اوليفينات أخر بأشكالها الأولية (غ.م.ك),0
39031100100,بولي ستيرين قابلة للمد بشكله الأولي بكر,0
39031100900,بولي ستيرين قابلة للمد بشكله الأولي مكرر,0
39031900000,بولي ستيرين ( عدا القابل للمد) بشكله الأولي,0
39032000000,كوبوليمرات استيرين - اكريلونترايل مركبة بشكلها الأولى,0
39033000000,كوبليمرات اكريلونترايل ( بوتادين) ستيرين مركبة بشكلها الأولي,0
39039000000,بوليمرات الستيرين بأشكالها الأولية (غ) م ك ),0
39041000100,"بولي كلوريد الفينيل)، غير ممزوج بمواد أخر بشكلة الأولي ، بكر",0
39041000200,"بولي كلوريد الفينيل)، غير ممزوج بمواد أخر، معادة التدوير",0
39042100100,"بولي كلوريد الفينيل أخر غير ملدن بشكلة الأولي ، بكر",0
39042100200,"بولي كلوريد الفينيل) أخر غير ملدن بشكلة الأولي، معادة التدوير",0
39042200100,"بولي كلوريد الفينيل أخر ملدن بشكلة الأولي ، بكر",0
39042200200,"بولي كلوريد الفينيل ) أخر ملدن بشكلة الأولي، معادة التدوير",0
39043000000,كوبوليمرات من كلوريد الفينيل - اسيتات الفينيل بشكلة الأولى,0
39044000000,"كوبوليمرات أخر من كلوريد الفينيل, بشكلة الأولي",0
39045000000,"بوليمرات كلوريد الفنيليدين, بشكلة الأولي",0
39046100000,بولی تترافلورو ايثلين بشكله الأولى,0
39046900000,بوليمرات فلورو فينيل أخر بشكلة الأولى,0
39049000000,بوليمرات من أوليفينات مهلجنة بشكلة الأولي (غ.م.ك),0
39051200000,"أسيتات البولي فنيل في تبددات مائية, بشكلها الأولي",0
39051900100,أسيتات البولي فنيل ( عدا المبددة مانيا) بشكلها الأولي بكر,0
39051900200,"أسيتات البولي فنيل ( عدا المبددة مائيا بشكلها الأولي ، معادة التدوير",0
39052100000,كوبوليمرات اسيتات الفنيل في تبددات مائية بشكلها الأولي,0
39052900100,كوبوليمرات أسيتات الفنيل ( عدا المبددة مائيا بشكلها الأولي بكر,0
39052900200,"كوبوليمرات أسيتات الفنيل ( عدا المبددة مائيا بشكلها الأولي، معادة التدوير",0
39053000000,بولي (فنيل الكحول وان احتوت على مجموعة اسيتات غير متحللة بالماء بشكلها الأولي,0
39059100100,"كوبوليمرات بشكلها الأولى، بكر",0
39059100200,"كوبوليمرات, بشكلها الأولي، معادة التدوير",0
39059900100,"بوليميرات اسيتات الفينيل أو استيرات الفينيل الأخر، بأشكالها الأولية ؛ بوليميرات فينيل أخر، بأشكالها الأولية (غ.م.ك)، بكر",0
39059900200,"بوليميرات اسيتات الفينيل أو استيرات الفينيل الأخر، بأشكالها الأولية ؛ بوليميرات فينيل أخر، بأشكالها الأولية (غ.م.ك)، معادة التدوير",0
39061000100,"بولي ميثيل ميتاكريلات, بشكله الأولي ، بكر",0
39061000200,"بولي ميثيل ميتاكريلات, بشكله الأولي ، معادة التدوير",0
39069000100,"بوليمرات أكريليكية, بأشكالها الأولية (غ.م.ك) ، بكر",0
39069000200,"بوليمرات أكريليكية بأشكالها الأولية (غ.م.ك)، معادة التدوير",0
39071000000,"بولي استيالات, بشكلها الأولي",0
39072100000,مكرر (بولي أوكسيثيلين ميثيل فوسفونات,0
39072900000,غيرها عدا مكرر ( بولي أوكسيثيلين) ميثيل فوسفونات,0
39073000000,"راتنجات أيبوكسيديه, بأشكالها الأولية",0
39074000100,"بولي كربونات, بشكله الأولي، بكر",0
39074000200,"بولي كربونات, بشكله الأولي، معادة التدوير",0
39075000000,راتنجات الكيدية بشكلها الأولي,0
39076100100,بولي إيثيلين تيرفثالات ذو مؤشر لزوجة يبلغ 78 مل/ غرام أو أعلى بكر,0
39076100200,بولي إيثيلين تير فثالات ذو مؤشر لزوجة يبلغ 78 مل غرام أو أعلى معادة التدوير,0
39076900100,"بولي إيثيلين تيرفثالات) (غ. م .ك) ، بكر",0
39076900200,"بولي إيثيلين تير فثالات) (غ.م .ك)، معادة التدوير",0
39077000000,بولي حامض اللاكتيك),0
39079100000,"بولي إسترات أخر غير مشبعة, بشكلها الأولي",0
39079900100,"بولي إسترات أخر (غ. م.ك), بشكلها الأولي، بكر",0
39079900200,"بولي إسترات أخر (غ. م.ك) بشكلها الأولي، معادة التدوير",0
39081000100,"- بولي أميد - 6 ، - 11 ، - 12 ، - 6,6 ، - 6,9 ، - 6,10 أو - 6,12, بأشكالها الأولية، بكر",0
39081000200,"بولي أميد - 6 ، - 11 ، - 12 - 6,6 ، - 6,9 ، - أو 16,10 - 6,12 بأشكالها الأولية ، معادة التدوير",0
39089000100,"بولي أميدات أخر بأشكالها الأولية (غ. م.ك) ، بكر",0
39089000200,"بولي أميدات أخر بأشكالها الأولية (غ.م.ك) ، معادة التدوير",0
39091000000,"راتنجات يوريا و راتنجات ثيويوريا, بأشكالها الأولية",0
39092000000,"راتنجات ميلامين, بشكلها الأولي",0
39093100000,بولي ميثيلين فينيل ايزوسیانیت ) ( MDI خام MDI بوليميرك),0
39093900000,"غيرها, راتنجات أمينية أخر ( غ. م .ك )",0
39094000000,"راتنجات فينولية, بشكلها الأولي",0
39095000000,"بولي يوريثانات, بشكلها الأولي",0
39100000100,"سليكونات بأشكالها الأولية (غ.م.ك) ، بكر",0
39100000200,"سليكونات بأشكالها الأولية (غ. م.ك)، مكرر",0
39100000900,سليكونات بأشكالها الأولية (غ.م.ك),0
39111000000,"راتنجات نفط وكومارون وأندين و كوماريون - أندين والبولي تيربين, بأشكالها الأولية",0
39112000000,"بولي (1، فينيلين 3- ميثيل فوسفونات",0
39119000000,"بولي كبريتيدات و بولي سلفونات و منتجات أخر, بأشكالها الأولية",0
39121100000,أسيتات سليلوز غير ملدنة بشكلها الأولي,0
39121200000,أسيتات سليلوز ملدنة بشكلها الأولي,0
39122000000,"نترات سليلوز بما في ذلك الكولوديون ), بشكله الأولي",0
39123100000,كاربوكسي ميثيل السليلوز وأملاحه بشكله الأولي,0
39123900000,أثيرات سليلوز أخر بأشكالها الأولية (غ.م.ك),0
39129000000,سليلوز ومشتقاته الكيماوية بشكلة الأولي (غ. م.ك),0
39131000000,بوليمرات طبيعية من حمض الألجنيك و أملاحه و أستراته بشكلة الأولي,0
39139000000,"بوليمرات طبيعية و بوليمرات طبيعية معدلة, أخر بأشكالها الأولية",0
39140000000,مبادلات أيونة أساسها البوليمرات الداخلة في البنود 3901 الى 3913 بأشكالها الأولية,0
39151000100,لعبوات التعبئة والتغليف غير صالح للاستخدام مستهلكة التي لا تصلح الا لاعادة التدوير,0
39151000900,غيرها من نفايات وقصاصات وفضلات من بوليمرات الايثيلين,0
39152000100,لعبوات التعبئة والتغليف غير صالح للاستخدام مستهلكة التي لا تصلح الا لاعادة التدوير,0
39152000900,غيرها من نفايات وقصاصات وفضلات من بوليمرات الستيرين,0
39153000100,"نفايات و قصاصات و فضلات, من بوليمرات كلوريد الفنيل",0
39153000900,"غيرها من نفايات و قصاصات و فضلات, من بوليمرات كلوريد الفنيل",0
39159000100,لعبوات التعبئة والتغليف غير صالح للاستخدام مستهلكة التي لا تصلح الا لاعادة التدوير,0
39159000900,نفايات وقصاصات وفضلات من لدائن أخر (غ. م.ك),0
39161010000,خيوط مفردة يتجاوز أكبر مقاس المقطعها العرضي عن 1 مم من بوليمرات الإيثيلين,0
39161020000,قضبان و عيدان وأشكال خاصة من بولي إيثيلين المستورد من قبل مصانع كمدخلات انتاج,0
39161090000,قضبان و عيدان وأشكال خاصة من بولي إيثيلين (غ.م.ك),5
39162010000,خيوط مفردة يتجاوز أكبر مقاس مقطعها العرضي 1 مم من من بوليمرات كلوريد الفنيل,0
39162020000,قضبان و عيدان و أشكال خاصة من بوليمرات كلوريد الفنيل المستورد من قبل مصانع كمدخلات انتاج,0
39162090000,"قضبان و عيدان و أشكال خاصة, من بوليمرات كلوريد الفنيل (غ. م.ك)",5
39169010000,خيوط مفردة يتجاوز أكبر مقاس مقطعها العرضي 1 مم من لدائن أخر (غ. م.ك),0
39169020000,قضبان وعيدان وأشكال خاصة من لدائن أخر (غ. م.ك) المستورد من قبل مصانع كمدخلات انتاج,0
39169090000,قضبان وعيدان وأشكال خاصة من لدائن أخر (غ. م.ك),5
39171000000,مصارين صناعية ( أغلفة سجق من بروتين مقسى أو من لدائن سليولوزية,0
39172110000,"أنابيب ومواسير وخراطيم, صلبة من بوليمرات الإيثيلين مستورد من قبل المصانع كمدخلات انتاج",0
39172190000,"أنابيب و مواسير وخراطيم, صلبة من بوليمرات الإيثيلين (غ) م ك )",5
39172210000,أنابيب ومواسير وخراطيم صلبة من بوليمرات البروبلين مستورد من قبل مصانع كمدخلات انتاج,0
39172290000,"أنابيب ومواسير وخراطيم, صلبة من بوليمرات البروبلين (غ) م ك )",5
39172310000,"أنابيب ومواسير وخراطيم, صلبة من بوليمرات كلوريد الفنيل مستورد من قبل مصانع كمدخلات انتاج",0
39172390000,"أنابيب ومواسير وخراطيم, صلبة من بوليمرات كلوريد الفنيل (ع) م ك)",5
39172910000,"أنابيب ومواسير وخراطيم, صلبة من لدائن أخر مستورد من قبل مصانع كمدخلات انتاج",0
39172990000,"أنابيب و مواسير وخراطيم, صلبة من لدائن أخر (غ. م.ك)",5
39173110000,أنابيب و ... من لدائن أخر مرنة يمكن أن.. MPa 27.6 مستورد.. مرخصة.. انتاج طاقه.. مثل الشمسية...,5
39173190000,أنابيب ومواسير وخراطيم من لدائن أخر مرنة يمكن أن تتحمل على الاقل درجة ضغط MPa (غ.م.ك) 27.6,5
39173210000,أنابيب و... من لدائن.. غير مقواة ولا متحدة ... دون لوازم مستورد.. مصانع مستلزمات طبية كمدخلا تانتاج,0
39173290100,"أنابيب ومواسير وخراطيم من لدائن... ولا متحدة بطريقة ... دون لوازم، للإستخدام الطبي، الدوائي",5
39173290900,أنابيب ومواسير وخراطيم من لدائن... ولا متحدة بطريقة ... دون لوازم (غ. م.ك),5
39173300000,أنابيب ومواسير وخراطيم من لدائن أخر غير مقواة ولا متحدة بطريقة ما مع مواد اخر مع اللوازم,5
39173940100,"أنابيب ومواسير وخراطيم اخر .... المستوردة من... المصانع كمدخلات انتاج، للإستخدام الطبي، دوائي",0
39173940900,"أنابيب ومواسير وخراطيم اخر .... المستوردة من... المصانع كمدخلات انتاج، (غ.م.ك)",0
39173990000,أنابيب ومواسير وخراطيم من لدائن (غ. م.ك),5
39174020100,لوازم أنابيب ومواسير وخراطيم الشبكات الري من اللدائن المستورد من قبل المصانع كمدخلات انتاج,0
39174020900,لوازم أنابيب ومواسير وخراطيم من اللدائن المستورد من قبل المصانع كمدخلات انتاج,0
39174090100,لوازم أنابيب ومواسير وخراطيم لشبكات الري من اللدائن (غ. م.ك),5
39174090900,لوازم أنابيب ومواسير وخراطيم (غ.م.ك) من اللدائن,5
39181010000,أغطية جدران أو أسقف لفات عرض سم 45 من بوليمر كلوريد الفنيل,5
39181090000,"أغطية أرضيات من بوليمرات كلوريد الفنيل, لفات أو ترابيع أو بلاط (غ. م.ك)",5
39189010000,"أغطية جدران أو أسقف, لفات عرض = سم 45 من لدائن أخر كما هي معرفة بالملاحظة 9 من الفصل 39",5
39189090000,أغطية أرضيات من لدائن أخر لفات أو ترابيع أو بلاط (غ.م.ك),5
39191040000,ألواح وصفائح .. أخر من لدائن لاصقة ذاتيا بعرض سم 20 المستورد من قبل المصانع كمدخلات انتاج,0
39191050000,ألواح وصفائح .. وأشكال مسطحة أخر من لدائن لاصقة ذاتيا بعرض 20 سم من النوع العاكس لأشعة الشمس,5
39191090000,الواح وصفائح .. وأوراق وأشكال مسطحة أخر من لدائن لاصقة ذاتيا بعرض 20 سم (غ. م.ك),5
39199020000,ألواح وصفائح .. مسطحة أخر من لدائن لاصقة ذاتيا (غ. م.ك) مستوردة من قبل المصانع كمدخلات انتاج,0
39199030000,ألواح وصفائح .. مسطحة أخر من لدائن لاصقة ذاتيا (غ. م.ك) من النوع العاكس لاشعة الشمس,5
39199090000,ألواح وصفائح وقدد وأوراق وأشكال مسطحة أخر من لدائن لاصقة ذاتيا .... (غ. م.ك),5
39201010000,لفائف شفافة ومطبوعة من بولي إيثيلين غير خلوية وغير مقواة أو منضدة أو متحدة.. دون حوامل,5
39201020000,ألواح وصفائح من بولي إيثلين غير خلوية و غير مقواة .. دون حوامل المستورد ... المصانع... انتاج,0
39201090100,الملش الزراعي من بولي إيثلين غير خلوي و غير مقوى.. دون حوامل,5
39201090900,ألواح وصفائح من بولي إيثلين غير خلوية و غير مقواة .. دون حوامل ( عدا الملش الزراعي),5
39202010000,لفائف شفافة ومطبوعة من بولي بروبلين غير خلوية وغير مقواة أو منضدة أو متحدة.. دون حوامل,5
39202020100,"ألواح وصفائح ولفات وأشرطة وقدد من بولي بروبلين غير خلوية .. دون حوامل, للاستخدام طبي، غذائي، دوائي ، مستوردة... انتاج",0
39202020900,ألواح وصفائح ولفات وأشرطة وقدد من بولي بروبلين غير خلوية دون حوامل (غ. م.ك) مستوردة .. انتاج,0
39202090000,"ألواح وصفائح ولفات وأشرطة وقدد من بولي بروبلين غير خلوية .... دون حوامل, (غ.م.ك)",5
39203010000,ألواح لفات وصفائح من بولي ستيرين غير خلوية وغير مقواة أو منضد أو متحدة.. دون حوامل المستورد من قبل المصانع كد مخلات انتاج,0
39203090000,ألواح ولفات وأشرطة وقدد من بولي ستيرين غير خلوية وغير مقواة أو منضد أو متحدة .. دون حوامل (غ.م.ك),5
39204310000,"ألواح ... وقدد من بوليمرات كلورور الفنيل, غير خلوية ... تحتوي % 6وزنا من الملدنات مستورد.. انتاج",0
39204390000,"ألواح ... وقد د من بوليمرات كلورور الفنيل, غير خلوية... تحتوي على % 6وزنا من الملدنات (غ. م.ك)",5
39204910000,"ألواح ... وقد د بوليمرات كلورور الفنيل, غير خلوية... عدا المحتوي % 6وزنا من ملدنات مستورد.. انتاج",0
39204990000,"ألواح ... وقدد من بوليمرات كلورور الفنيل, غير خلوية ... عدا المحتوي % 6وزنا من الملدنات (غ. م.ك)",5
39205110000,ألواح وصفائح من بولي (ميتاكريلات الميثيل غير خلوية أو مقواة ... المستورد.. كمدخلات انتاج,0
39205190000,ألواح وصفائح لفات وأشرطة وقدد من بولي (ميتاكريلات الميثيل غير خلوية أو مقواة .. (غ. م.ك),5
39205910000,"ألواح وصفائح ... من بولي إكريليك أخر غير خلوي, غير مقواة .. المستورد من قبل المصانع كد مخلات انتاج",0
39205990000,"ألواح وصفائح ولفات وأشرطة وقدد, من بولي إكريليك أخر غير خلوية و غير مقواة .. (غ. م.ك)",5
39206110000,ألواح وصفائح... من بولي كربونات غير خلوية وغير مقواة .. المستورد من قبل المصانع كد مخلات انتاج,0
39206190000,ألواح وصفائح ولفات وأشرطة وقدد من بولي كربونات غير خلوية وغير مقواة .. (غ. م.ك),5
39206210000,ألواح وصفائح.. من بولي إيثيلين تيريفتالات غير خلوية ولا مقواة .. المستورد من قبل المصانع كد مخلات انتاج,0
39206290000,ألواح وصفائح ولفات وأشرطة وقدد من بولي إيثيلين تيريفتالات غير خلوية وغير مقواة .. (غ.م.ك),5
39206310000,ألواح وصفائح .... من بولي استر غير مشبع غير خلوية و غير مقواة .. المستورد من قبل المصانع كدمخلات انتاج,0
39206390000,ألواح وصفائح ولفات وأشرطة وقدد من بولي استر غير مشبع غير خلوية و غير مقواة .. (غ.م.ك),5
39206910000,ألواح وصفائح ... من بولي استر اخر ( عدا الغير مشبع غير خلوية وغير مقواة .. المستورد من قبل المصانع کد مخلات انتاج,0
39206990000,ألواح وصفائح ولفات وأشرطة وقدد من بولي استر اخر ( عدا غير مشبع) غير خلوية وغير مقواة .. (غ.m.k),5
39207120000,الواح ولفات وأشرطة وقدد من سيليلوز مجدد غير خلوية وغير مقواة.. المستورد من قبل المصانع کد مخلات انتاج,0
39207190000,ألواح وصفائح ولفات وأشرطة وقدد من سيليلوز مجدد غير خلوية وغير مقواة.. (غ.م.ك),5
39207310000,"لفائف شفافة من السلوفان المطبوع, من أسيتات السيليلوز غير خلوية و غير مقواة وغير .. دون حوام",5
39207320000,الواح وصفائح .. من أسيتات السيليلوز غير خلوية وغير مقواة وغير .. دون حوامل المستورد من قبل المصانع کد مخلات انتاج,0
39207390000,الواح وصفائح ولفات وأشرطة وقدد من أسيتات السيليلوز غير خلوية وغير مقواة وغير .. دون حوامل (غ.م.ك),5
39207910000,لفائف شفافة من السلوفان المطبوع من مشتقات سيلوز أخر غير خلوية و غير مقواة...,5
39207920000,"ألواح وصفائح لفات وأشرطة وقدد من مشتقات سليلوز أخر (غ. م.ك), غير خلوية ...... المستوردة.. انتاج",0
39207990000,ألواح وصفائح لفات وأشرطة وقدد من مشتقات سليلوز أخر (غ. م.ك) غير خلوية .... دون حوامل,5
39209110000,ألواح وصفائح.. من بولي (فنيل بوتيرال غير خلوية وغير مقواة وغير منضدة أو متحدة.. المستورد من قبل المصانع كد مخلات انتاج,0
39209190000,"ألواح وصفائح ولفات وأشرطة و قدد من بولي فنيل بوتيرال), غير خلوي وغير مقواة وغير منضدة أو متحدة.. (غم.ك)",5
39209210000,"ألواح وصفائح ... من بولي أميد, غير خلوية وغير مقواة وغير منضدة .. المستورد من قبل المصانع کد مخلات انتاج",0
39209290000,ألواح وصفائح ولفات وأشرطة وقدد من بولي أميد غير خلوية وغير مقواة وغير منضدة .. (غ. م.ك),5
39209310000,ألواح وصفائح ولفات وأشرطة وقدد من راتنجات أمينية غير خلوية و غير مقواة.. المستورد من قبل المصانع كد مخلات انتاج,0
39209390000,ألواح وصفائح ولفات وأشرطة وقدد من راتنجات أمينية غير خلوية و غير مقواة .. (غ. م.ك),5
39209410000,ألواح وصفائح ولفات و أشرطة و قدد من راتنجات فينولية غير خلوية و غير مقواة.. المستورد من قبل المصانع كد مخلات انتاج,0
39209490000,ألواح وصفائح ولفات و أشرطة و قدد من راتنجات فينولية غير فينولية غير خلوية و غير مقواة .. (غ.م.ك),5
39209910100,"لفائف شفافة من مادة بولي إيثيلين وبولي بروبلين وورق سلوفان المطبوعة, غير خلوية وغير مقواة للاستخدام الطبي ، الدوائي ، الغذائي",0
39209910900,"لفائف شفافة من مادة بولي إيثيلين وبولي بروبلين وورق سلوفان المطبوعة, غير خلوية وغير مقواة .. (غ. م.ك)",0
39209960000,ألواح وصفائح ولفات وأشرطة وقدد من لدائن غير خلوية .. مقواة .. (غ. م.ك) المستورد.. كمدخلات انتاج,0
39209990000,"ألواح وصفائح ولفات وأشرطة وقدد من لدائن أخر, غير خلوية وغير مقواة",5
39211100000,منتجات خلوية من بوليميرات الستيرين على شكل ألواح وصفائح ولفات و أشرطة و قدد,5
39211210000,الالواح الصلبة المستوردة من قبل المصانع كمدخلات انتاج,0
39211290000,منتجات خلوية من بوليميرات كلوريد الفينيل على شكل ألواح وصفائح و لفات و أشرطة و قدد (ع.م.ك),5
39211300000,منتجات خلوية من بولي يوريثانات على شكل لواح وصفائح و لفات وأشرطة و قدد,5
39211400000,منتجات خلوية من سيليلوز مجدد على شكل ألواح وصفائح ولفات و أشرطة و قدد,5
39211910000,منتجات خلوية من إيثيلين فينيل أسيتيت على شكل ألواح وصفائح و لا لفات و أشرطة و قدد,0
39211920000,منتجات خلوية من بولي إيثيلين على شكل لفائف المستوردة من قبل المصانع كمدخلات انتاج,0
39211990000,منتجات خلوية من لدائن أخر (غ. م. ك) على شكل ألواح وصفائح ولفات وأشرطة وقدد,5
39219050000,المستورد من قبل المصانع كمدخلات انتاج,0
39219090000,ألواح وصفائح ولفات وأشرطة وقدد من لدائن (غ.م.ك),5
39221000000,"مغاطس، أحواض مرشات (دوش) ومغاسل",5
39222000000,مقاعد وأغطية مراحيض,5
39229000000,أحواض استبراء ومراحيض وخزانات تدفق المياه واصناف مماثلة لاستعمالات صحية من لدائن (غ. م.ك),5
39231010000,صناديق وعلب وأقفاص وأصناف مماثلة من لدائن مستورد.. المصانع كمستلزمات .. لاستخدماتها الخاصة,0
39231091000,صناديق وعلب وأقفاص وأصناف مماثلة من لدائن (غ. م.ك),5
39231099000,صناديق وعلب وأقفاص وأصناف مماثلة من لدائن (غ. م.ك),5
39232120100,"أكياس وجعب من بوليمرات الايثيلين ، ملامسة للغذاء ، الدواء الطبي المستوردة من قبل المصانع كمدخلات انتاج",0
39232120900,أكياس وجعب من بوليمرات الايثيلين المستوردة من قبل المصانع كمدخلات انتاج (غ.م.ك),0
39232190100,أكياس وجعب المنتجات الزراعية من بوليمرات الايثيلين,5
39232190200,"أكياس وجعب من بوليمرات الايثيلين ملامسة للغذاء ، للدواء ، طبي",5
39232190900,أكياس وجعب من بوليمرات الايثيلين (غ. م.ك),5
39232930100,"أكياس وحقائب من لدائن أخر ، ملامسة للغذاء ، الدواء الطبي المستورد من قبل المصانع كمدخلات انتاج",0
39232930900,أكياس وحقائب من لدائن أخر المستورد من قبل المصانع كمدخلات انتاج (غ.م.ك),0
39232990100,أكياس بلاستيكية للتخلص من النفايات الخطرة,5
39232990200,"أكياس وحقائب من لدائن آخر ملامسة للغذاء ، للدواء ، طبي",5
39232990900,أكياس وحقائب من لدائن أخر (غ. م.ك),5
39233030000,قوارير وزجاجات ودوارق وأصناف مماثلة من لدائن المستوردة من قبل المصانع كمدخلات انتاج,0
39233090000,قوارير وزجاجات ودوارق وأصناف مماثلة من لدائن (غ. م.ك),5
39234010000,مكبات وملفات وبكرات وحوامل مماثلة من لدائن المستوردة من قبل المصانع كمدخلات انتاج,0
39234090000,مكبات وملفات وبكرات وحوامل مماثلة من لدائن (غ. م.ك),5
39235000000,سدادات وأغطية وكبسولات وغيرها من أصناف الإغلاق من لدائن,0
39239010000,"أصناف لنقل أو تعبئة البضائع من لدائن أخر, (غ. م.ك) المستوردة من قبل المصانع كمدخلات انتاج",0
39239090100,أصناف لنقل أو تعبئة البضائع من لدائن أخر للاستخدام مرة واحدة,5
39239090200,"أصناف لنقل أو تعبئة البضائع من لدائن أخر ، لتعبئة المنتجات الزراعية",5
39239090300,اسطوانات غاز مصنوعة من لدائن,5
39239090900,"أصناف لنقل أو تعبئة البضائع من لدائن آخر, (غ. م.ك)",5
39241000100,أدوات مائدة منزلية مستهلكة من لدائن,5
39241000900,غيرها,5
39249000000,أدوات منزلية أخر وأواني وأدوات للنظافة والعناية بالصحة من لدائن (غ.م.ك),5
39251000000,صهاريج وخزانات ودنان وأوعية مماثلة بسعة 300 لتر من لدائن (غ. م.ك),5
39252000000,أبواب ونوافذ وأطرها وعتبات الأبواب من لدائن (غ.م.ك),5
39253000000,مصاريع أبواب و .. ستائر داخلية بلاستيك بما في ذلك ستائر مضلعة وأصناف مماثلة وأجزاؤها من لدائن,5
39259010000,العجلات البلاستيكية,0
39259020000,الالواح المستخدمة في عزل الابنية,5
39259090000,أصناف تجهيزات بناء أخر من لدائن (غ. م.ك),5
39261000100,محايات من لدائن,5
39261000900,أدوات مكتبية ومدرسية (غ. م.ك) من لدائن,5
39262010000,لوازم الألبسة المستوردة من قبل المصانع كمدخلات إنتاج,0
39262090100,"أقنعة وجه بلاستيكية، تغطي أكثر من العين",5
39262090200,قفازات بلاستيكية,5
39262090300,ألبسة واقية مدعمة بطبقة قماش,5
39262090900,ألبسة ولوازم ألبسة (بما في ذلك القفازات) من لدائن (غ. م.ك),5
39263010000,تركيبات للاثاث من لدائن,0
39263090000,تركيبات للحافلات وماشابه من لدائن,5
39264000100,ميداليات من بلاستيك,5
39264000900,تماثيل وأصناف آخر للزينة من لدائن,5
39269010000,الأكياس المستهلكة المعدة لاستخدام المرضى من اللدائن,0
39269020000,الملاقط المعده لتطعيم الأشتال,0
39269030000,"لوازم صناعة الأحذية، بما فيها القوالب من لدائن",0
39269040000,الأوعية البلاستيكية المستخدمة في حضانة بيض الاسماك,0
39269070000,حلمات لزجاجات الرضاعة من لدائن,5
39269080000,مصنوعات أخر من اللدائن ومصنوعات من... الداخلة في البنود من 3901 الى 3914 المستوردة من.... انتاج,0
39269090100,صواني التشتيل اللازمة للزراعة من الدائن,5
39269090200,علب بلاستيكية كهربائية,5
39269090300,أغطية مناهل,5
39269090900,مصنوعات أخر من اللدائن ومصنوعات من المواد الأخر الداخلة في البنود من 3901 الى 3914 (غ.م.ك),5
40011000000,عصارات من المطاط الطبيعي (لاتكس) وإن أخضعت لبركنة أولية,0
40012100000,ألواح مدخنة من مطاط طبيعي,0
40012200000,مطاط طبيعي محدد الصفات فنيا TSNR,0
40012900000,مطاط طبيعي بأشكال أخر (غ. م.ك),0
40013000000,بلاتة أو طبرخة ؛ جوايول ؛ شيكل ؛ صموغ طبيعية مماثلة بشكل أشرطة أو أشكال أولية,5
40021100000,عصارات (لاتكس),0
40021900000,"مطاط ستيرين - بيوتادين أو من ستيرين - بيوتادين كاربوكسيلي, بأشكال أولية (غ. م.ك)",0
40022000000,مطاط بيوتادين بأشكال أولية (غ. م.ك),0
40023100000,"مطاط إيزوبيوتين - إيزوبرين (بيوتيل) IIR, بأشكال أولية",0
40023900000,"مطاط إيزوبيوتين - إيزوبرين (مهلجن) (او CIIR ), بأشكال أولية BIIR",0
40024100000,عصارات (لاتكس),0
40024900000,مطاط كلوروبرين كلوروبيوتادين CR (غ.م.ك),0
40025100000,عصارات (لاتكس),0
40025900000,مطاط أكريلونتريل - بيوتادين NBR (غ.م.ك),0
40026000000,مطاط إيزوبرين بأشكال أولية (غ. م.ك),0
40027000000,مطاط إثيلين بروبلين دين غير مقترنة بأشكال أولية (غ. م.ك),0
40028000000,مخاليط أي من منتجات البند مع 4001 أي من منتجات البند 4002 بأشكال أولية (غ. م.ك),0
40029100000,عصارات ( لا تكس) من مطاط تركيبي أخر وأبدال مطاط مشتقة من الزيوت (غ.م.ك),0
40029900000,مطاط تركيبي أخر وأبدال مطاط مشتقة من الزيوت باشكال أولية (غ. م.ك),0
40030000000,مطاط مجدد بأشكاله الأولية أو بشكل ألواح أو صفائح أو أشرطة,0
40040000000,نفايات وفضلات وقصاصات من مطاط غير مقسى ومساحيق وحبيبات متحصل عليها منها,0
40051000100,صفائح وأشرطة وألواح من مطاط مخلوط غير مبركن مضاف إليه هباب الفحم أو .. لتلبيس الإطارات,0
40051000900,مطاط مخلوط غير مبركن مضاف إليه هباب الفحم أو السليكا باشكال أولية (غ. م.ك),0
40052000000,محاليل من مطاط مخلوط غير مبركن تبددات من مطاط غير مبركن. عدا البند بشكل 400510 اولي ( غ م ك ),0
40059100000,صفائح وألواح وأشرطة من مطاط مخلوط غير مبركن (غ.م.ك),0
40059900000,مطاط مخلوط غير مبركن باشكال أولية (غ. م.ك),5
40061000000,أشكال خاصة لتلبيس الإطارات المطاطية من مطاط غير مبركن,0
40069000000,أشكال وأصناف أخر من مطاط غير مبركن (غ. م.ك),0
40070000000,"خيوط وحبال أو أمرأس، من مطاط مبركن",0
40081100000,ألواح وصفائح وأشرطة,0
40081900000,غيرها,0
40082100000,صفائح وألواح وأشرطة من مطاط غير خلوي مبركن وغير مقسى (غ.م.ك),0
40082900000,عيدان وأشكال خاصة من مطاط غير خلوي مبركن وغير مقسى (غ.م.ك),0
40091120000,انابيب... من مطاط مبركن غير ... غير مقواة أو .. أخر دون لوازم مستورد من.. المصانع كمدخلات انتاج,0
40091130000,"الاكمام المطاطية, مبركنة غير مقسى غير مقواة أو .. دون لوازم المستورد.. مصانع البسة كمستلزم انتاج",0
40091190000,خراطيم ..... من مطاط مبركن غير مقسى غير مقواة أو متحدة بمواد أخر دون لوازم (غ.م.ك),5
40091210000,انابيب .... من مطاط مبركن غير مقسى مقواة) أو متحدة بمواد أخر بلوازمها مقطع دائري وقطر - انش3,0
40091220000,انابيب... من مطاط مبركن ... غير مقواة أو متحدة ... بلوازمها مستوردة من قبل المصانع كمدخلات انتاج,0
40091290000,انابيب .... من مطاط مبركن غير مقسى غير مقواة أو متحدة بمواد أخر بلوازمها (غ. م.ك),5
40092110000,"انابيب... من مطاط مبركن غير مقسى, مقواة أو متحدة بمعدن فقط دون, لوازم, مقطع دائري وقطر - انش3",0
40092190000,انابيب ..... من مطاط مبركن غير مقسى مقواة أو متحدة ... بمعدن فقط دون لوازم (غ. م.ك),5
40092210000,انابيب... من مطاط مبركن غير مقسى مقواة أو متحدة بمعدن فقط بلوازمها مقطع دائري وقطر انش3,0
40092290000,انابيب ..... من مطاط مبركن غير مقسى مقواة أو متحدة ... بمعدن فقط بلوازمها (غ. م.ك),5
40093110000,أنابيب و ... من مطاط مبركن غير مقسدأو .. أو متحدة بمواد نسجية دون لوازم مقطع دائري وقطر داخلي 3,0
40093120000,أنابيب ومواسير .. 75 - قطر - 1 نش من مطاط مبركن غير .. نسجية بلا لوازم..... للحريق كمدخلات انتاج,0
40093190100,خراطيم مطاطية لانظمة الاطفاء,5
40093190900,"أنابيب ومواسير وخراطيم (غ. م.ك) من مطاط مبركن غير مقسدأو .. أو متحدة بمواد نسجية, دون لوازم",5
40093210000,"أنابيب و ... من مطاط مبركن غير مقسى.. أو متحدة بمواد نسجية, بلوازمها مقطع دائري وقطر داخلي =>انش3",0
40093290000,أنابيب ومواسير وخراطيم من مطاط مبركن غير مقسأو .. أو متحدة بمواد نسجية مع لوازم (غ.م.ك),5
40094110000,"انابيب... من مطاط مبركن غير مقسى, مقواة أو متحدة بمواد أخر دون لوازم مقطع دائري وقطر انش3",0
40094190000,"خراطيم ..... من مطاط مبركن غير مقسى, مقواة أو متحدة بمواد أخر دون لوازم (غ. م.ك)",5
40094210000,"انابيب .... من مطاط مبركن غير مقسى, مقواة أو متحدة بمواد أخر بلوازمها مقطع دائري وقطر - انش3",0
40094290000,"انابيب.... من مطاط مبركن غير مقسى مقواة أو متحدة بمواد أخر, بلوازمها (غ. م.ك)",5
40101100000,سيور نقل مواد من مطاط مبركن مقواة بمعدن فقط,0
40101200000,سيور نقل مواد من مطاط مبركن مقواة بمواد نسجية فقط,0
40101900000,سيور نقل مواد من مطاط مبركن (غ. م.ك),0
40103100000,سيور نقل حركة .. بمقطع شبة منحرف بشكل حرف V محززة بمحيط خارجي - 60 سم <= 180سم,0
40103200000,سيور نقل حركة .. بمقطع شبة منحرف بشكل حرف V غير محززة بمحيط خارجي > 60 سم <= سم180,0
40103300000,سيور نقل حركة .. بمقطع شبة منحرف بشكل حرف V محززة بمحيط خارجي - 180 سم = سم240,5
40103400000,سیور نقل حركة .. بمقطع شبة منحرف بشكل حرف V غير محززة بمحيط خارجي > 180 سم <= 240 سم,0
40103500000,سيور نقل حركة متزامنة مقفلة .. مسننة بمحيط خارجي - 60 سم <= 150سم,0
40103600000,سيور نقل حركة متزامنة مقفلة .. مسننة بمحيط خارجي - 150 سم <= 198سم,5
40103900000,سيور نقل حركة اخر (غ.م.ك),0
40111000000,إطارات خارجية هوائية جديدة من مطاط المستعملة لسيارات الركوب (بما فيها الستيشن والسباق),5
40112010100,إطارات خارجية ... للحافلات ( باصات والشاحنات تركب على جنطات قطرها الداخلي من 20 ولغاية 24 إنش,5
40112010900,إطارات خارجية ... للحافلات ( باصات والشاحنات تركب على جنطات قطرها الداخلي أكبر من 24 إنش,5
40112090100,إطارات خارجية ... للحافلات ( باصات والشاحنات تركب على جنطات 17 قطرها الداخلي انش20,5
40112090900,إطارات خارجية ... للحافلات ( باصات) والشاحنات تركب على جنطات قطرها الداخلي أقل من 17 إنش,5
40113000000,إطارات خارجية هوائية جديدة من مطاط المستعملة للطائرات,5
40114000000,إطارات خارجية هوائية جديدة من مطاط المستعملة للدراجات النارية,5
40115000000,إطارات خارجية هوائية جديدة من مطاط المستعملة للدراجات العادية,5
40117000000,من الأنواع المستعملة على المركبات والآلات الزراعية أو الحراجية,5
40118010000,من الأنواع المستعملة للمركبات والآلات الإنشائية و المناولة الصناعية معدة لاطارت حديدية (جنط) ذات قطر لا يزيد عن 61 سم,0
40118020000,"من الأنواع المستعملة للمركبات والآلات الإنشائية و المناولة الصناعية، معدة لاطارت حديدية (جنط) ذات قطر يزيد عن 61 سم",0
40118090000,معدة لاطارت حديدية (جنط) ذات قطر يزيد عن 61 سم (غ.. م.ك ),5
40119000000,"إطارات خارجية هوائية جديدة، من مطاط (غ. م.ك)",0
40121100000,إطارات خارجية مجددة (ملبسة) من مطاط للسيارات بما فيها سيارات الستايشن وسيارات السباق,5
40121200100,"إطارات خارجية مجددة ( ملبسة) من مطاط المستعملة في الحافلات (باصات والشاحنات, قياس () 17-24انش",5
40121200900,إطارات خارجية مجددة (ملبسة) من مطاط من الأنواع المستعملة.. الحافلات ( باصات) والشاحنات (غ. م.ك),5
40121300000,إطارات خارجية مجددة (ملبسة) من مطاط من الأنواع المستعملة في الطائرات,5
40121900000,إطارات خارجية مجددة (ملبسة) من مطاط (غ.م.ك),5
40122010100,"إطارات خارجية مستعملة من مطاط للحافلات والشاحنات قياس () 17-24انش, مستوردة.. تلبيس الاطارات.",0
40122010900,إطارات خارجية مستعملة من مطاط للحافلات والشاحنات (غ. م.ك) مستوردة .. تلبيس الاطارات.. انتاج,0
40122090100,"إطارات خارجية مستعملة من مطاط للحافلات والشاحنات من قياس () 17-24انش, (غ. م.ك)",5
40122090900,إطارات خارجية مستعملة من مطاط للحافلات والشاحنات (غ.م.ك),5
40129010000,"أشرطة للإطارات قابلة للتبديل وبطانات أنابيب ( فلابس) ، من مطاط المستورد من قبل مصانع تلبيس الاطارات كمدخلات انتاج",0
40129090000,"إطارات مصمتة جوفاء (نصف مصمتة وأشرطة للإطارات قابلة للتبديل بطانات أنابيب, من مطاط )(غ.م.ك",5
40131000000,أنابيب داخلية هوائية من مطاط المستعملة السيارات الركوب الستيشن والسباق أو الحافلات أو الشاحنات,5
40132000000,"أنابيب داخلية هوائية من مطاط, تستعمل للدراجات العادية",5
40139000000,"أنابيب داخلية هوائية من مطاط, (غ. م.ك)",5
40141000000,واقيات لمنع الحمل من مطاط مبركن غير مقسى,0
40149010000,"الوصلات المعدة لأكياس البول, من مطاط مبركن غير مقسى",0
40149090000,أصناف للاستعمال الصحي والصيدلي (بما فيها رضاعات الأطفال من مطاط مبركن غير مقسى (غ.م.ك),5
40151200000,من الأنواع المستعملة في الطب أو الجراحة أو طب الأسنان أو الطب البيطري,5
40151900000,قفازات من مطاط مبركن غير مقسى (غ. م.ك),5
40159000000,غيرها,0
40161010000,مصنوعات أخر من مطاط خلوي مبركن وغير مقسى المستورد من قبل المصانع كمدخلات إنتاج,0
40161090000,مصنوعات أخر من مطاط خلوي مبركن وغير مقسى (غ. م.ك),5
40169100100,أرضيات السيارات من مطاط مبركن غير مقسی,5
40169100900,أغطية أرضيات وبسط (غ. م.ك) من مطاط مبركن غير مقسى,5
40169200000,محايات من مطاط مبركن غير مقسى,5
40169300000,حلقات وفواصل من مطاط مبركن غير مقسى,0
40169400000,واقيات صدمات معدة لرسو السفن وان كانت قابلة للنفخ) من مطاط مبركن غير مقسى,5
40169500100,"حشايا وسائد و مساند هوائية قابلة للنفخ, من مطاط مبركن غير مقسى",5
40169500900,"أصناف آخر قابلة للنفخ, من مطاط مبركن غير مقسى (غ. م.ك)",5
40169920000,أصناف آخر من مطاط مبركن غير مقسى (غ.م.ك) للمركبات والمعدات الداخلة في الفصول ()86 ()88,5
40169930100,أصناف آخر من مطاط مبركن غير مقسى (غ. م.ك) المستوردة من قبل مصانع تلبيس الاطارات كمدخلات انتاج,0
40169930900,أصناف أخر من مطاط مبركن غير مقسى (غ.م.ك) المستوردة من قبل المصانع كمدخلات انتاج,0
40169990000,أصناف أخر من مطاط مبركن غير مقسى (غ.م.ك),5
40170010000,نفايات وفضلات ومساحيق من مطاط مقسى,5
40170020000,سدادات قوارير من مطاط مقسى,0
40170040000,انابيب ذات مقطع عرضي دائري بقطر داخلي 3 إنش من مطاط مقسى,0
40170080000,مطاط ومصنوعات اخر من مطاط مقسى معد للاستعمال الصناعي والمستورد من قبل المصانع كمدخلات انتاج,0
40170090000,مطاط مقساخر بجميع أشكاله ومصنوعاته (غ.م.ك),5
41012000000,جلود.. كاملة غير مشطورة من البقر والخيل وزن كغ 8 جاف أو 10 كغ مملح جاف أو 16 كغ محفوظ بطرق...,0
41015000000,"صلال وجلود خام من البقر والخيل, كاملة, وزن من 16 كغم, طرية او .. غير مدبوغة ... محفوضة بطرق أخر",0
41019000000,صلال وجلود خام من البقر و الخيل بما فيها صلال الظهر والظهر النصفية والجوف.... (غ. م.ك),0
41021000000,صلال وجلود خام من فصيلة الضأن بصوفها,0
41022100000,صلال وجلود خام من فصيلة الضأن محمضة ومنزوعة الصوف,0
41022900000,"صلال وجلود خام من فصيلة الضأن منزوعة الصوف, (عدا المحمضة)",0
41032000000,صلال وجلود خام من الزواحف,0
41033000000,صلال وجلود خام من الخنازير,0
41039000000,صلال وجلود خام أخر (غ.م.ك),0
41041100000,"صلال وجلود البقر او الخيل... كامل, خام ومدبوغ منزوعة الشعر, رطبة وغير مشطورة, قطع من اوجه جلود",0
41041900000,"صلال وجلود كاملة ومنزوعة الشعر من فصيلتي البقر أو الخيل, مدبوغة أو خام, رطبة (غ.م.ك)",0
41044100000,"صلال وجلود البقر او الخيل... كامل, خام, منزوعة الشعر جافة, وغير مشطورة قطع من اوجه الجلود",0
41044900000,"صلال وجلود كاملة ومنزوعة الشعر من فصيلتي البقر أو الخيل, خام, جافة (غ. م.ك)",0
41051000000,"جلود ضان مدبوغة او خاما رطبة, منتوفة, وان كانت مشطورة وغير محضرة أكثر من ذلك",0
41053000000,"جلود ضان خام, جافة, منتوفة, وان كانت مشطورة وغير محضرة أكثر من ذلك",0
41062100000,"صلال وجلود مدبوغة او خام من ماعز رطبة, منتوفة, وان كانت مشطوره, وغير محضرة أكثر من ذلك.",0
41062200000,"صلال وجلود خام من ماعز, جافة, منتوفة, وان كانت مشطوره, وغير محضرة أكثر من ذلك.",0
41063100000,"صلال وجلود مدبوغة او خام من خنازير رطبة, منتوفة, وان كانت مشطوره, وغير محضرة أكثر من ذلك.",0
41063200000,"صلال وجلود خام من خنازير جافة, منتوفة, وان كانت مشطوره وغير محضرة أكثر من ذلك.",0
41064000000,"صلال وجلود مدبوغة او خام من زواحف, منتوفة, وان كانت مشطوره و غير محضرة أكثر من ذلك.",0
41069100000,"صلال وجلود مدبوغة او خام من حيوانات اخر (غ. م.ك) رطبة منتوفة وان كانت مشطوره, ولكن ...... ذلك",0
41069200000,"صلال وجلود خام من حيوانات اخر (غ. م.ك) جافة, منتوفة وان كانت مشطوره, ولكن ..... ذلك",0
41071100000,"صلال اوجلود البقر او الخيل كاملة اكثر من دباغة او تجفيف منتوفة, جانب جلد خارجي, غير مشطور",0
41071200000,"صلال اوجلود البقر او الخيل كاملة, اكثر من دباغة او تجفيف منتوفة الجلد الخارجي مشطورا",0
41071900000,صلال او جلود البقر او الخيل كاملة مهيأة اكثر من دباغة او تجفيف منتوفة (غ. م.ك......,0
41079100000,"جلود البقر او الخيل مهياء .. دباغة او تجفيف (غ. م.ك) منتوفة جانب جلد خارجي, غير مشطور ( عدا البند 4114)",0
41079200000,"جلود البقر او الخيل, مهيأء .. دباغة او تجفيف (غ. م.ك) منتوفة الجلد الخارجي, مشطور ( عدا البند 4114)",0
41079900000,جلود البقر او الخيل بما فيها الجوانب مهيأة اكثر من دباغة او تجفيف منتوفة (غ. م.ك) (عدا بند 4114),0
41120000000,"جلود الضأن مهيأة.. الدباغة او التجفيف بما فيها الجلود... منتوفة وان كانت مشطورة, عدا البند 4114",5
41131000000,جلود من الماعز مهيأة..... او التجفيف بما فيها الجلود.... منتوفة وان كانت مشطورة عدا البند 4114,5
41132000000,"جلود من خنازير مهيأة..... او التجفيف بما فيها الجلود.... منتوفة وان كانت مشطورة, عدا البند 4114",0
41133000000,"جلود من زواحف مهيأة .... او التجفيف بما فيها الجلود.... منتوفة وان كانت مشطورة, عدا البند 4114",0
41139000000,"جلود حيوانات اخر (غ. م.ك) مهيأة..... بما فيها الجلود... منتوفة وان كانت مشطورة, عدا البند 4114",0
41141000000,جلود مطراة (المعروفة بالشمواه) (بما في ذلك الجلود البيضاء الشبيهة بها,5
41142000000,جلود ملمعة أو مكسوة؛ جلود ممعدنة,0
41151000000,"جلود مجددة، أساسها الجلد أو أليافه، ألواحاً أو صفائح أو أشرطة، وإن كانت بشكل لفات",0
41152000000,"قصاصات ونفايات جلود طبيعية أو جلود مجددة, لا تستعمل في صناعة الجلد نشارة ومسحوق ودقيق جلود",0
42010000000,أصناف السراجة والعدة لجميع الحيوانات ... من جميع المواد,5
42021100100,حقائب مدرسية سطحها الخارجي من جلد طبيعي أو مجدد,5
42021100900,"صناديق أمتعة وحقائب ( عدا المدرسية) .. و أوعية مماثلة, سطحها الخارجي من جلد طبيعي أو مجدد",5
42021200100,حقائب مدرسية سطحها الخارجي من لدائن أو من مواد نسجية,5
42021210000,حقائب مدرسية سطحها الخارجي من لدائن أو من مواد نسجية,5
42021290000,صناديق أمتعة وحقائب ( عدا المدرسية).. وأوعية مماثلة سطحها الخارجي من لدائن أو مواد نسجية ) ( )غ م ك,25
42021900100,حقائب مدرسية سطحها الخارجي من الياف مبركنة أو من ورق مقوى أو مغطاة بمواد مختلفة,5
42021900900,صناديق أمتعة وحقائب ألبسة وأدوات تجميل.. وأوعية سطحها الخارجي من ألياف مبركنة أو ورق مقوى,5
42022100000,حقائب يد سطحها الخارجي من جلد طبيعي أو مجدد,25
42022200000,حقائب يد بسطح خارجي من صفائح من لدائن أو من مواد نسجية,25
42022900000,حقائب يد أخر (غ.م.ك),25
42023100000,أصناف تحمل عادة في الجيب أو في حقائب يد سطحها الخارجي من جلد طبيعي أو مجدد,5
42023200000,أصناف تحمل عادة في الجيب أو في حقائب يد بسطح خارجي من صفائح من لدائن أو من مواد نسجية,5
42023900000,أصناف تحمل عادة في الجيب أو في حقائب يد (غ.م.ك),5
42029100000,"أكياس ومحافظ وأغلفة وعلب وأوعية مماثلة, سطحها الخارجي من جلد طبيعي أو مجدد",5
42029200000,أكياس ومحافظ وأغلفة وعلب وأوعية مماثلة بسطح خارجي من صفائح من لدائن أو من مواد نسجية,5
42029910000,حقائب وأكياس ومحافظ .. مماثلة (غ. م.ك) مستوردة من قبل المصانع كمستلزمات انتاج لاستخداماتها .,0
42029990000,حقائب وأكياس ومحافظ وأغلفة و علب وأوعية مماثلة (غ. م.ك),25
42031000000,ألبسة من جلد طبيعي أو مجدد,5
42032100000,قفازات من جلد طبيعي أو جلد مجدد مصممة خصيصا للإستعمال في الرياضة,5
42032910000,قفازات (غ. م.ك) من جلد طبيعي أو مجدد مستورد من قبل المصانع كمستلزمات انتاج لاستخداماتها الخاصة,0
42032990000,قفازات (غ. م.ك) من جلد طبيعي أو مجدد,5
42033000000,أحزمة وحمالات وأحزمة أكتاف من جلد طبيعي أو مجدد,5
42034000000,لوازم ألبسة أخر من جلد طبيعي أو مجدد (غ. م.ك),5
42050000000,أصناف أخر (غ. م.ك) من جلد طبيعي أو مجدد,5
42060000000,مصنوعات من مصارين ( عدا مصارين دودة القز او مصنوعات من مثانات أو من أوتار العضلات,5
43011000000,"جلود بفراء المنك (الفيزون), خام, كاملة",5
43013000000,"جلود بفراء خراف أستراخان أو برودتيل أو كراكول أو إيران فراء خراف الهند أو .. الخ, خام, كاملة",5
43016000000,"جلود بفراء الثعلب, خام, كاملة",5
43018000000,"جلود بفراء أخر (غ. م.ك), خام, كاملة",5
43019000000,رؤوس أو ذيول أو أقدام أو أجزاء أخر أو قطع صالحة للاستعمال في صناعة الفراء خام,5
43021100000,"جلود بفراء مدبوغة أو مهيأة كاملة غير مجمعة, من فراء المنك",5
43021900000,"جلود بفراء مدبوغة أو مهيأة, كاملة, غير مجمعة (غ. م.ك), عدا تلك الداخلة في البند 4303",5
43022000000,"رؤوس أو ذيول أو أقدام أو قطع وأجزاء, (غ.م.ك), غير مجمعة",5
43023000000,"فراء كاملة وقطعها وأجزائها (ع.م.ك) مجمعة, عد تلك الداخلة في البند 4303",5
43031000100,ألبسة من الفراء,5
43031000900,لوازم ألبسة من الفراء,5
43039000000,أصناف أخر من الفراء (غ. م..ك),5
43040000000,فراء صناعية ومصنوعاتها,5
44011100000,"من عائلة المخروطيات "" الصنوبريات """,0
44011200000,"من غير عائلة المخروطيات "" الصنوبريات """,0
44012100000,خشب بشكل رقائق أو شظايا من فصيلة الصنوبريات,0
44012200000,خشب بشكل رقائق أو شظايا من غير فصيلة الصنوبريات,0
44013100000,نشارة ونفايات وفضلات خشب وإن كانت مكتلة بشكل كريات,0
44013200000,قوالب الخشب,0
44013900000,نشارة ونفايات وفضلات خشب وإن كانت مكتلة بشكل قطع أو قوالب أو بأشكال مماثلة عدا كريات (غ. م.ك),0
44014100000,نشارة خشب,0
44014900000,"غيرها نفايات وفضلات خشب، غير مكتلة",0
44021000000,فحم خشبي من البوص الهندي (بامبو),0
44022000000,من قشور أو نوى,0
44029000000,فحم خشبي بما في ذلك فحم القشور او النوى وان كان مكتلا (غ. م.ك),0
44031100000,"من عائلة المخروطيات "" الصنوبريات """,5
44031200000,"من غير عائلة المخروطيات "" الصنوبريات """,5
44032110000,"خشب لصناعة عيدان الثقاب ، جذوع الخشب الصناعة الخشب ، من الصنوبر ( pinus spp ) مقاس أي مقطع عرضي لها 15 سم أو أكثر",0
44032190000,خشب خام وجذوع الخشب الخام من الصنوبر ( pinus spp ) مقاس أي مقطع عرضي لها 15 سم أو أكثر,0
44032210000,"خشب الصناعة عيدان الثقاب ، جذوع الخشب الصناعة الخشب ، من الصنوبر ( pinus spp ) ، أخر",0
44032290000,"من الصنوبر ( pinus spp ) ، أخر : خشب خام وجذوع خشب خام (غ. م. ك) من فصيلة الصنوبريات",0
44032310000,"خشب الصناعة عيدان الثقاب ، جذوع الخشب من الشوح ، مقاس أي مقطع عرضي لها 15 سم أو أكثر",0
44032390000,"خشب خام وجذوع خشب خام (غ. م.ك) من فصيلة الصنوبريات ، خشب خام وجذوع خشب خام",0
44032410000,"خشب الصناعة عيدان الثقاب ، جذوع الخشب الصناعة الخشب الشوح والتاتوب ، أخر",0
44032490000,"من الشوح (Abies spp) والثانوب (Picea spp) ، اخر ، خشب خام وجذوع خشب خام",0
44032510000,"خشب الصناعة عيدان الثقاب ، جذوع الخشب الصناعة الخشب ( غ. م .ك ) ، مقاس أي من مقطع عرضي لها 15 سم أو أكثر",0
44032590000,"غيرها ، مقاس أي من مقطعها العرضي 15 سم أو أكثر ، خشب خام وجذوع خشب خام (غ. م.ك )",0
44032610000,"غيرها ، خشب الصناعة عيدان الثقاب ، جذوع الخشب الصناعة الخشب",0
44032690000,خشب خام وجذوع خشب خام ( غ. م ك ),0
44034110000,خشب خام لصناعة عيدان الثقاب جذوع خشب خام الصناعة الخشب من ميرانتي ( أحمر قاتم أحمر فاتح باكاو),0
44034190000,"خشب خام وجذوع خشب خام من ميرانتي أحمر قاتم أو أحمر فاتح أو باكاو, (غ.م.ك)",0
44034200000,خشب الساج أو التيك,0
44034910000,خشب خام الصناعة عيدان الثقاب وجذوع خشب خام الصناعة الخشب من خشب الحور,0
44034990000,خشب خام وجذوع خشب خام من الأخشاب الإستوائية,0
44039110000,جذوع خشب خام من بلوط سنديان) من نوع كوير كاس الصناعة الخشب,0
44039190000,خشب خام وجذوع خشب خام (غ. م.ك) من بلوط (سنديان) من نوع كويركاس,0
44039310000,جذوع الخشب الصناعة الخشب من زان (Fagus spp) مقاس أي من مقطع عرضي لها 15 سم أو أكثر,0
44039390000,خشب خام وجذوع خشب من زان (Fagus spp) مقاس أي من مقطع عرضي لها 15 سم أو أكثر,0
44039410000,"من زان (Fagus spp), اخر: جذوع الخشب الصناعة الخشب",0
44039490000,"من زان (Fagus spp), اخر خشب خام وجذوع خشب",0
44039510000,"الصناعة عيدان الثقاب جذوع الخشب الصناعة الخشب ، من القضبان ( Betula spp) ، مقاس أي من مقطع عرضي لها 15 سم أو أكثر",0
44039590000,"من القضبان ( Betula spp) ، مقاس أي من مقطع عرضي لها 15 سم أو أكثر خشب خام وجذوع خشب",0
44039610000,"من القضبان Betula spp ، اخر لصناعة عيدان الثقاب ؛ جذوع الخشب الصناعة الخشب",0
44039690000,"من القضبان ( Betula spp, اخر خشب خام وجذوع خشب",0
44039710000,لصناعة عيدان الثقاب جذوع الخشب الصناعة الخشب من الحور و الحور الرجراج ( Populus spp),0
44039790000,من الحور و الحور الرجراج ( Populus spp خشب خام وجذوع خشب,0
44039810000,الصناعة عيدان الثقاب جذوع الخشب الصناعة الخشب من الكينا Eucalypyus spp,0
44039890000,"من الكينا Eucalypyus spp ، خشب خام و جذوع خشب",0
44039910000,خشب خام الصناعة عيدان الثقاب وجذوع خشب خام لصناعة الخشب (غ. م.ك),0
44039990000,خشب خام وجذوع خشب خام (غ. م.ك),0
44041000000,خشب أطواق ركائز مفلقة أوتادو خوابير غير منشورة طوليا مدببة عصي خشبية ... من فصيلة الصنوبريات,0
44042000000,خشب أطواق ركائز مغلقة أوتاد و خوابير غير منشورة طوليا مدببة عصي خشبية ... من غير الصنوبريات,0
44050000000,صوف الخشب : دقيق الخشب,5
44061100000,"من عائلة المخروطيات "" الصنوبريات "" عوارض من خشب للسكك الحديدية والترام غير مشربة",5
44061200000,"من غير عائلة المخروطيات "" الصنوبريات "" ، عوارض من خشب للسكك الحديدية والترام غير مشربة",5
44069100000,"من عائلة المخروطيات "" الصنوبريات "" عوارض من خشب للسكك الحديدية والترام (غ.م.ك)",5
44069200000,"من غير عائلة المخروطيات "" الصنوبريات "" ، عوارض من خشب للسكك الحديدية والترام (غ. م.ك)",5
44071100000,من الصنوبر ( Apinus spp ) خشب منشور أو مقطع طوليا أو مشرح أو مقشور وان كان ممسوحا او ..... بسمك 6 ملم من فصيلة الصنوبريات,0
44071200000,من الشوح ( Apies spp ) والثانوب Picea spp ) خشب منشور او مقطع طوليا أو مشرح أو مقشور وان كان ممسوحا او .... بسمك - ملم 6 من فصيلة الصنوبريات,0
44071300000,من (picea spp) وثانوب (pinus spp) وصنوبر (Abies spp) وشوح,0
44071400000,من (Hem-fir) شوكران غربي (Tsuga heterophylla) وشوح (Abies spp),0
44071900000,"غيرها ، خشب منشور أو مقطع طوليا أو مشرح أو مقشور وان كان ممسوحا او .... بسمك - ملم 6 من فصيلة الصنوبريات",0
44072100000,خشب منشور أو مقطع طوليا أو مشرح أو مقشور سمك - مم 6 نوع ما هوجني ( نوع سوتينيا),0
44072200000,"خشب منشور أو مقطع طوليا أو مشرح أو مقشور, سمك 6 مم نوع فيرولا, إمبويا وبلسا",0
44072300000,الساج أو التيك,0
44072500000,خشب منشور أو مقطع طوليا أو مشرح أو مقشور .... بسمك - 6 مم نوع ميرانتي أحمر قاتم أو أحمر فاتح أوباكاو,0
44072600000,"خشب منشور أو مقطع طوليا أو مشرح أو مقشور , سمك - 6 مم نوع لوان وسيرايا, أبيض, الان, ميرانتيابيض وأصفر",0
44072700000,خشب منشور أو مقطع طوليا أو مشرح أو مقشور سمك 6 مم نوع سبيللي,0
44072800000,"خشب منشور أو مقطع طوليا أو مشرح أو مقشور, سمك - مم 6 نوع ايروكو",0
44072900000,خشب منشور أو مقطع طوليا أو مشرح أو مقشور ..... بسمك - مم 6 من خشب إستوائي محدد بالملاحظة (1) (غ.م.ك),0
44079100000,خشب منشور أو مقطع طوليا أو مشرح أو مقشور .... بسمك - ملم 6 من بلوط (سنديان) من نوع كويركاس,0
44079200000,خشب منشور أو مقطع طوليا أو مشرح أو مقشور ..... بسمك - 6 ملم من زان من نوع فاجاس,0
44079300000,"خشب منشور أو مقطع طوليا أو مشرح أو مقشور, سمك - مم 6 نوع القيقب من نوع ايسر)",0
44079400000,"خشب منشور أو مقطع طوليا أو مشرح أو مقشور, سمك - 6 مم نوع كرز من نوع برونوس",0
44079500000,"خشب منشور أو مقطع طوليا أو مشرح أو مقشور, سمك - 6 مم نوع دردار من نوع فراكسينوس)",0
44079600000,من القضبان ( Betula spp ),0
44079700000,من الحور والحور الرجراج (Populous spp),0
44079900000,خشب منشور أو مقطع طوليا أو مشرح أو مقشور ...... بسمك - 6 ملم من أخشاب (غ.م.ك),0
44081000000,صفائح للتلبيس والصناعة خشب متعاكس و غيرها من خشب منشور طوليا .. سمك 6 ملم من صنوبريات,0
44083100000,صفائح للتلبيس و .. الخ من أخشاب ميرانتي أحمر قائم أو فاتح أو باكاو وبسمك = 6 ملم (غ.م.ك),0
44083900000,"صفائح للتلبيس والصناعة خشب متعاكس وغيرها من خشب .. الخ, سمك - 6 ملم من خشب إستوائي (غ. م.ك)",0
44089000000,صفائح للتلبيس والصناعة خشب متعاكس و غيرها من خشب منشور ... سمك 6 ملم من أخشاب أخر (غ. م.ك),0
44091000000,"خشب بأشكال خاصة ملسن مخدد معشق, مشطوف ... الخ ) على طول أي من أطرافة أو نهاياته .... من الصنوبريات",5
44092100000,خشب باشكال خاصة ملسن مخدد..) على طول أي من أطرافة أو نهاياته .. من غير صنوبريات من بوص هندي ( بامب),5
44092200000,خشب بأشكال خاصة ملسن مخدد معشق.. الخ) علي طول أي من أطرافة أو نهاياته .. من غير الصنوبريات (غ.م.ك),5
44092900000,خشب بأشكال خاصة ملسن مخدد معشق.. الخ) علي طول أي من أطرافة أو نهاياته .. من غير الصنوبريات (غ.م.ك),5
44101100000,ألواح خشب من جزيئات الخشب (حبيبي),0
44101200000,"ألواح اورنيتد ستراند بورد, من خشب",0
44101900000,ألواح مماثلة من خشب او من مواد نباتية اخر (غ.م.ك),0
44109000000,"ألواح من دقائق وألواح مماثلة من مواد خشبية أخر, وان كانت مكتلة براتنجات او بغيرها من روابط..",0
44111210000,ألواح مشغولة للارضيات والجدران من الباركية من ألياف خشب .. الكثافة ذات سماكة لا تزيد عن 5 ملم,5
44111290000,ألواح من ألياف خشب أو مواد خشبية أخر متوسطة الكثافة ذات سماكة لا تزيد عن 5 ملم (غ. م.ك),0
44111310000,ألواح مشغولة للارضيات و... الباركية من ألياف خشب أو .. الكثافة ذات سماكة تزيد 5 ملم ولا تتجاوز 9 ملم,5
44111390000,ألواح من ألياف خشب أو .. متوسطة الكثافة ذات سماكة تزيد عن 5 ملم ولا تتجاوز 9 ملم (غ. م.ك),0
44111410000,ألواح مشغولة للارضات والجدران من الباركية من ألياف خشب أو .. الكثافة ذات سماكة تزيد عن 9 ملم,5
44111490000,ألواح من ألياف خشب أو مواد خشبية أخر متوسطة الكثافة ذات سماكة تزيد عن 9 ملم (غ.م.ك),0
44119210000,ألواح مشغولة للارضيات والجدران من الباركية من ألياف خشب أو مواد خشبية أخر بكثافة 0.8 غم /سم3,5
44119290000,ألواح من ألياف خشب أو مواد خشبية أخر بكثافة 0.8 غم سم 3 (غ. م.ك),0
44119310000,ألواح مشغولة للارضيات والجدران من الباركية من ألياف خشب أو .. بكثافة 0.5 غم /سم3 و 0.8 غم /سم3,5
44119390000,ألواح من ألياف خشب أو مواد خشبية أخر بكثافة 0.5 غم / سم 3 و 0.8 غم /سم3 (غ.م.ك),0
44119410000,ألواح مشغولة للارضيات والجدران من الباركية من ألياف خشب أو .. بكثافة لا تزيد عن 0.5 غم / سم 3,5
44119490000,"ألواح من ألياف خشب أو مواد خشبية أخر بكثافة لا تزيد عن 0.5 غم سم 3, (غ. م.ك)",0
44121000000,خشب متعاكس ( ابلكاج) وخشب مصفح ( ملبس ) ( مكسو بقشرة خشبية ) وخشب منضد مماثل من البوص الهندي (بامبو),0
44123100000,يتضمن على الأقل طبقة واحدة خارجية من الأخشاب الاستوائية,0
44123200000,خشب متعاكس اخر مكون من صفائح خشب بسمك 6 مم به طبقة على الأقل خارجية من اخشاب غير المخروطية,0
44123300000,"غيرها، ذو طبقة خارجية واحدة على الأقل من الأخشاب غير الصنوبرية من أنواع الالدر (Alnus)",0
44123400000,"غيرها، ذو طبقة خارجية واحدة على الأقل من الأخشاب من غير المخروطيات غير مذكورة تحت البند الفرعي 4412.33",0
44123900000,خشب متعاكس اخر مكون حصرا من صفائح خشب بسمك <= 6 مم (غ. م.ك),0
44124110000,ذو طبقة خارجية واحدة على الأقل من الأخشاب الاستوائية,5
44124190000,غيرها عدا الالواح المشغولة للأرضيات والجدران من نوع الباركيه,0
44124210000,ألواح مشغولة للأرضيات والجدران من نوع الباركيه ذو طبقة خارجية واحدة على الأقل من الأخشاب من غير المخروطيات,5
44124290000,"غيرها، عدا لواح مشغولة للأرضيات والجدران من نوع الباركيه ذو طبقة خارجية واحدة على الأقل من الأخشاب من غير المخروطيات",0
44124910000,"ألواح مشغولة للأرضيات والجدران من نوع الباركيه، كلتا الطبقتين الخارجيتين من الأخشاب من المخروطيات",5
44124990000,"غيرها عدا ألواح مشغولة للأرضيات والجدران من نوع الباركيه، كلتا الطبقتين الخارجيتين من الأخشاب من المخروطيات",0
44125100000,"ألواح منضددة ""بلوك بورد"" ، ""لامن بورد"" ، ""باتن بورد"" ذو طبقة خارجية واحدة على الأقل من الأخشاب الاستوائية",0
44125200000,"غيرها، ذو طبقة خارجية واحدة على الأقل من الأخشاب من غير المخروطيات",0
44125900000,"غيرها، كلتا الطبقتين الخارجيتين من الأخشاب من المخروطيات",0
44129110000,ألواح مشغولة للأرضيات والجدران من نوع الباركيه ذو طبقة خارجية واحدة على الأقل الأخشاب الاستوائية,5
44129190000,غيرها عدا ألواح مشغولة للأرضيات والجدران من نوع الباركيه ذو طبقة خارجية واحدة على الأقل الأخشاب الاستوائية,0
44129210000,"ألواح مشغولة للأرضيات والجدران من نوع الباركيه، ذو طبقة خارجية واحدة على الأقل من الأخشاب من غير المخروطيات",5
44129290000,"غيرها، عدا ألواح مشغولة للأرضيات والجدران من نوع الباركيه ذو طبقة خارجية واحدة على الأقل من الأخشاب من غير المخروطيات",0
44129910000,الواح باركية من خشب .. للارضيات ابلكاج وخشب مصفح (ملبس) ( مكسو بقشرة خشبية) وخشب منضد مماثل (غ. م.ك),5
44129990000,خشب اخر متعاكس (ابلكاج) وخشب مصفح (ملبس) (مكسو بقشرة خشبية ( وخشب منضد مماثل (غ. م.ك),0
44130000000,خشب مكثف بشكل كتل أو ألواح أو أشرطة أو صفيحات أو أشكال خاصة,0
44141000000,أطر من خشب للوحات أو الصور أو المرايا أو ما يماثلها من أخشاب استوائية,5
44149000000,غيرها عدا أطر من خشب للوحات أو الصور أو المرايا أو ما يماثلها,5
44151010000,علب الثقاب الفارغة من خشب,5
44151020000,صناديق وأقفاص من خشب معدة فقط لتعبئة المنتجات الزراعية,0
44151030000,بكرات للكابلات من خشب,5
44151090000,علب ( عدا علب الثقاب وأوعية اسطوانية وأوعية مماثلة وصناديق وأقفاص الغير منتجات الزراعة من خشب,5
44152010000,طبليات صناديق معدة فقط لتعبئة منتجات زراعية (1),5
44152090000,طبليات وطبليات صناديق وألواح تحميل أخر و أطواق طبليات (غ.م.ك),25
44160000000,دنان (براميل) كبيرة وصغيرة وغيرها من أصناف الدنان وأجزاؤها من خشب,5
44170010000,قوالب الأحذية من خشب,0
44170030000,هياكل ومقابض للمكانس من خشب المستوردة من قبل المصانع كمدخلات انتاج,0
44170090000,عدد وحواملها وأيديها و حوامل وأيدي فراجين (فرش) أو مكانس من خشب ( ع م ك ),5
44181100000,"نوافذ ، نوافذ أبواب نوافذ فرنسية)، وهياكلها وأطرها من أخشاب استوائية",25
44181900000,"غيرها من نوافذ ، نوافذ أبواب نوافذ فرنسية)، وهياكلها وأطرها",25
44182100100,أبواب خشب مقاومة للحريق,25
44182100900,أبواب وأطر وعتبات أبواب من خشب,25
44182900100,أبواب خشب مقاومة للحريق,25
44182900900,أبواب وأطر وعتبات أبواب من خشب,25
44183000000,أعمدة وعوارض غير المنتجات الداخلة في البنود الفرعية من 4418.81 الى 4418.89,5
44184000000,هياكل خشبية مؤقته لدعم الخرسانة المصبوبة,5
44185000000,"قدد خشبية شنكلز) و (شيكز), ( لويحات وفلق التسقيف)",5
44187300000,من خيزران أو يتضمن على الأقل طبقة واحدة خارجية طبقة التلبيس من خيزران,5
44187400000,"غيرها، لأرضيات الفسيفساء (موزاييك)",5
44187500000,"غيرها، متعددة الطبقات",5
44187900000,"ألواح الأرضيات المجمعة, من خشب, (غ.م.ك)",5
44188110000,أعمدة وعوارض من خشب منضد مغرى (الجلولام),5
44188120000,خشب منضد مغرى (الجلولام المستورد من قبل المصانع كمدخلات انتاج,0
44188190000,غيرها من خشب منضد مغرى الجلولام) عدا أعمدة وعوارض و المستورد من قبل المصانع كمدخلات انتاج,5
44188210000,أعمدة وعوارض من خشب منضد متقاطع (XCLT أو X-Lam),5
44188220000,خشب منضد متقاطع (CLT أو X-Lam) المستورد من قبل المصانع كمدخلات انتاج,0
44188290000,غيرها من خشب منضد متقاطع (CLT أو X-Lam) عدا الأعمدة وعدا المستورد من قبل المصانع كمدخلات انتاج,5
44188300000,عوارض بشكل حرف I,5
44188910000,اعمدة وعوارض,5
44188920000,"اعمدة وعوارض ، المستورد من قبل المصانع كمدخلات انتاج",0
44188990000,"غيرها، من منتجات الأخشاب للأغراض الإنشائية والهندسية ( عدا اصناف البنود من 4418.81 الى 4418.83)",5
44189110000,المستورد من قبل المصانع كمدخلات انتاج,0
44189190000,مصنوعات نجارة,5
44189210000,"ألواح الخشب الخلوية ، المستورد من قبل المصانع كمدخلات انتاج",0
44189290000,غيرها من ألواح الخشب الخلوية عدا المستورد من قبل المصانع كمدخلات انتاج,5
44189910000,المستورد من قبل المصانع كمدخلات انتاج,0
44189990000,مصنوعات نجارة ؛ أصناف من خشب للأغراض الإنشائية ( غ.م .ك ),5
44191100000,ألواح الخبز وألواح تقطيع وألواح مماثلة,5
44191200000,عيدان تناول الطعام,5
44191910000,المستورد من قبل مصانع البوظة والمثلجات كمدخلات انتاج,0
44191990000,ادوات مائدة وأدوات مطبخ من خشب ( غ. م .ك ),5
44192000000,أدوات مائدة وأدوات مطبخ من أخشاب استوائية,5
44199010000,المستورد من قبل مصانع البوظة والمثلجات كمدخلات انتاج,0
44199090000,أدوات مائدة وادوات مطبخ من خشب ( غ. م. ك ),25
44201100000,تماثيل وأصناف زينة أخر من أخشاب استوائية,5
44201900000,غيرها من تماثيل وأصناف زينة أخر من خشب آخر (غ.م.ك),5
44209000000,علب وصناديق صغيرة للحلي وأصناف مماثلة وأصناف أثاث خشبي غير التابعة للفصل 94 من خشب (غ.م.ك),5
44211000000,مشاجب ألبسة من خشب,5
44212000000,توابيت من خشب,5
44219110000,"مواسير وبكرات للغزل والنسيج والخيوط الخياطة، وأصناف مماثلة من خشب مخروط",0
44219120000,خلايا النحل الخشبية,5
44219130000,العيدان الخشبية المستوردة من قبل المصانع كمدخلات انتاج,0
44219140000,خافضات اللسان,0
44219190000,من بوص هندي ( ع . م .ك ),5
44219910000,"مواسير وبكرات للغزل والنسيج والخيوط الخياطة، وأصناف مماثلة من خشب مخروط",0
44219920000,خلايا النحل الخشبية,5
44219930000,العيدان الخشبية المستوردة من قبل المصانع كمدخلات انتاج,0
44219940000,خافضات اللسان,0
44219990000,أصناف اخر من خشب ( غ.م .ك ),25
45011000000,فلين طبيعي خام أو محضر بطريقة بسيطة,0
45019000000,نفايات فلين فلين مهروس أو مجروش أو مسحوق,5
45020000000,"فلين طبيعي, مقشر أو مربع بصورة بسيطة بشكل مكعبات أو ألواح أو أشرطة بشكل مربع أو مستطيل",0
45031000000,سدادات من فلين طبيعي,0
45039010000,حلقات وأقراص وحوامل للسدادات من فلين طبيعي,0
45039090000,مصنوعات من فلين طبيعي (غ. م.ك),5
45041000000,مكعبات وصفائح وألواح (غ. م.ك) وأجر وأشرطة وترابيع وإسطوانات مصمتة من فلين مكتل,0
45049000000,فلين مكتل بلواصق أو بدونها ومصنوعات من فلين مكتل (غ. م.ك),0
46012100000,حصر وبسط وحواجز من البوص الهندي (بامبو),5
46012200000,حصر وبسط وحواجز من اسل الهند,5
46012900000,حصر وبسط وحواجز من مواد نباتية (غ.م.ك),5
46019210000,ضفائر وأصناف مماثلة من مواد ضفر من البوص الهندي ( بامبو ) وان كانت مجمعة بشكل اشرطة,0
46019290000,مواد ضفر وضفائر وأصناف مماثلة من البوص الهندي ( بامبو ) منسوجة أو مترابطة بالتوازي بشكل مسطح..,5
46019310000,"ضفائر وأصناف مماثلة من مواد ضفر من اسل الهند, وان كانت مجمعة بشكل أشرطة",0
46019390000,"مواد ضفر وضفائر وأصناف مماثلة من اسل الهند, منسوجة أو مترابطة بالتوازي بشكل مسطح...",5
46019410000,"ضفائر وأصناف مماثلة من مواد ضفر من مواد نباتية اخر, وان كانت مجمعة بشكل اشرط",0
46019490000,مواد ضفر وضفائر و أصناف مماثلة من مواد نباتية اخر منسوجة أو مترابطة بالتوازي بشكل مسطح....,5
46019910000,"مواد ضفر وضفائر وأصناف مماثلة (غ. م.ك), وان كانت مجمعة بشكل اشرطة",0
46019990100,حصر بلاستيكية منسوجة أو مترابطة بالتوازي بشكل مسطح,5
46019990900,مواد ضفر وضفائر .. مماثلة من مواد (غ. م.ك) منسوجة أو مترابطة بالتوازي بشكل مسطح ( عدا حصر البلاستيك),5
46021110000,اصناف صناعة السلال... مصنوعات من لوف ليف نباتي قفف لمعاصر الزيت من البوص الهندي (بامبو),5
46021120100,اصناف صناعة السلال... مصنوعات من لوف... معدة لتعبئة منتجات زراعية طازجة من البوص الهندي (بامبو),0
46021120900,اصناف صناعة السلال... مصنوعات من لوف... معدة لتعبئة منتجات زراعية (غ. م.ك) من البوص الهندي ( بامبو,0
46021190000,"اصناف صناعة السلال... مصنوعات من لوف ليف نباتي, من البوص الهندي (بامبو), (غ. م.ك)",5
46021210000,"اصناف صناعة السلال... مصنوعات من لوف ليف نباتي, قفف لمعاصر الزيت من اسل الهند",5
46021220100,اصناف صناعة السلال... مصنوعات من لوف ليف نباتي معدة لتعبئة منتجات زراعية طازجة من اسل الهند,0
46021220900,اصناف صناعة اسلال... مصنوعات من لوف (ليف نباتي) معدة لتعبئة منتجات زراعية (غ. م.ك) من اسل الهند,0
46021290000,"اصناف صناعة السلال... مصنوعات من لوف ليف نباتي من اسل الهند, (غ. م.ك)",5
46021910000,"اصناف صناعة السلال... مصنوعات من لوف ليف نباتي, من مواد نباتية (غ. م.ك), قفف المعاصر الزيت",5
46021920100,اصناف صناعة السلال... مصنوعات من لوف... من مواد نباتية (غ. م.ك) معدة .. لتعبئة منتجات زراعية طازجة,0
46021920900,اصناف صناعة السلال... مصنوعات من لوف... من مواد نباتية (غ. م.ك ) معدة . . لتعبئة منتجات زراعية اخر,0
46021990000,"اصناف صناعة السلال... مصنوعات من لوف ليف نباتي, من مواد نباتية (غ. م.ك)",5
46029010000,#NAME?,5
46029030100,أصناف صناعة السلال متحصل.. بشكلها من مواد ضفر (غ. م.ك) معدة .. لتعبئة منتجات زراعية طازجة,0
46029030900,أصناف صناعة السلال متحصل.. بشكلها من مواد ضفر (غ. م.ك) معدة .. لتعبئة منتجات زراعية ( عدا الطازجة),0
46029090000,#NAME?,5
47010000000,عجينة خشب آلية,0
47020000000,عجينة خشب كيماوية بطريقة الإذابة,0
47031100000,عجينة خشب كيماوية مصنوعة بالصودا أو بالكبريتات ( عدا بطريقة الإذابة) غير مقصورة من صنوبريات,5
47031900000,عجينة خشب كيماوية مصنوعة بالصودا أو بالكبريتات (عدا بطريقة الإذابة) غير مقصورة من غير صنوبريا,5
47032100000,"عجينة خشب كيماوية مصنوعة بالصودا أو بالكبريتات (عدا بالإذابة), شبه مقصورة أو مقصورة من صنوبريا",0
47032900000,"عجينة خشب كيماوية مصنوعة بالصودا أو بالكبريتات (عدا بالإذابة) شبة مقصورة, مقصورة من غير صنوبريا",0
47041100000,عجينة خشب كيماوية مصنوعة بطريقة ثاني السلفيت (عدا بالاذابة) غير مقصورة من صنوبريات,5
47041900000,"عجينة خشب كيماوية مصنوعة بطريقة ثاني السلفيت ( عدا بطريقة الإذابة, غير مقصورة من غير صنوبريا",5
47042100000,عجينة خشب كيماوية مصنوعة بطريقة ثاني السلفيت (عدا بالإذابة) شبه مقصورة أو مقصورة من صنوبريا,0
47042900000,عجينة خشب كيماوية مصنوعة بطريقة ثاني السلفيت (عدا بالإذابة) شبة مقصورة مقصورة من غير صنوبريا,0
47050000000,عجينة خشب متحصل عليها بعمليات الية وكيماوية معا,0
47061000000,عجينة زغب بذر قطن,0
47062000000,عجينة من ألياف متحصل عليها من نفايات وفضلات الورق أو الورق المقوى المسترجع,0
47063000000,عجينة من مواد ليفية سليلوزية من البوص الهندي (بامبو) (غ. م.ك),0
47069100000,عجينة من مواد ليفية سليلوزية آخر آلية (غ.م.ك),0
47069200000,عجينة من موادليفية سليلوزية أخر كيماوية (غ. م.ك),0
47069300000,عجينة من مواد ليفية سليلوزية آخر متحصل عليها بعمليات الية وكيماوية معا (غ. م.ك),0
47071000000,"نفايات وفضلات من ورق أو ورق مقوى كرافت غير مقصور, أو من ورق أو ورق مقود مموج معدة لاعادة تصنيع",5
47072000000,"ورق أو ورق مقوى أخر، مصنوع بصورة رئيسية من عجائن كيميائية مقصورة غير ملونة في كتلتها",5
47073000100,نفايات وفضلات معدة لاعادة التصنيع من ورق جرائد مصنوع بصورة عامة من عجائن آلية,5
47073000900,نفايات وفضلات معدة لاعادة التصنيع من ورق أو .. مقوى ( عدا ورق (صحف) مصنوع بصورة عامة من عجائن آلية,5
47079000100,نفايات وفضلات غير مفروزة من ورق أو ورق مقوى مع كرتون (غ. م.ك),5
47079000900,"نفايات وفضلات غير مفروزة من ورق أو ورق مقوى عد الكرتون, (غ.م.ك)",5
48010000000,ورق صحف بشكل لفات أو صفائح,0
48021000000,ورق وورق مقوى يدوي الصنع,0
48022000000,ورق وورق مقوى غير مطلي يستعمل كحامل للورق أو الورق المقوى الحساس للضوء أو للحرارة أو الكهرباء,0
48024000000,"ورق غير مطلي معد كحامل لورق الحائط والجدران, بشكل لفات أو صفائح",5
48025400000,يزن أقل من 40 غم / م 2,0
48025500000,"يزن 40 غم / م 2 أو أكثر ولكن لا يتجاوز 150 جم / م، 2بشكل لفات",0
48025630100,ورق يستخدم للطباعة الأمنية,5
48025630900,ورق كتابة وطباعة من قياس ( A4 غيرها),5
48025690000,ورق وورق مقوى أخر غير مطلي للكتابة أو صفائحل.ي.ع.أوزن غممغم.ك,0
48025700000,"غيرها، مما يزن 40 غم / م 2 أو أكثر ولكن لا يتجاوز 150 غم / م2",0
48025800000,يزن أكثر من 150 غم / م2,0
48026100000,بشكل لفات,0
48026200000,"بشكل صفائح، لا يتجاوز طول أحد أضلاعها 435 مم، ولا يتجاوز طول الضلع الآخر 297 مم، في حالتها غير المطوية",0
48026900100,ورق يستخدم للطباعة الامنية,0
48026900900,"ورق ووررق مقوى آخر محتواه الكلي من الباف متحصل عليها بطريقة آلية أو كيميائية - آلية ، يزيد عن 10% (وزناً غ.م.ك)",0
48030010000,الحشو السليلوزي,15
48030090000,#NAME?,25
48041110000,"ورق حزم وتغليف كرافت لاينر غير مصقول أو مصقول على وجه واحد غير مطلي, لفات أو صفائح, غير مبيض",5
48041190000,"ورق وورق مقوى كرافت لاينر غير مطلي, لفات أو صفائح, غير مبيض (غ.م.ك)",0
48041910000,"ورق حزم وتغليف كرافت لاينر ) غير مصقول أو مصقول على وجه واحد غير مطلي, لفات أو صفائح, (غم.ك)",5
48041990000,ورق وورق مقوى كرافت لاينر غير مطلي لفات أو صفائح (غ. م.ك),0
48042100000,"ورق كرافت لصنع الأكياس, غير مطلي, لفات أو صفائح, غير مبيض",0
48042900000,"ورق كرافت لصنع الاكياس, غير مطلي لفات أو صفائح عدا) غير المبيض وأصناف (4802 أو ()4803",0
48043100000,غير مبيض,0
48043900000,غيرها,0
48044100000,غير مبيض,0
48044200000,مبيض بطريقة موحدة في كتلته والذي تمثل فيه الألياف الخشبية المتحصل عليها بطريقة كيماوية أكثر من % 95وزناً من المحتوى الكلي لمجمو.....,0
48044910000,ورق حزم وتغليف غير مصقول او مصقول على وجه واحد .. بوزن 150 و 225 غم / م2 غير مطلي لفات أو صفائح,5
48044990000,ورق وورق مقوى كرافت بوزن 150 و 225 غم /م2 غير مطلي لفات أو صفائح (غ. م.ك),0
48045110000,"ورق حزم وتغليف غير مصقول أو مصقول على وجه واحد ... بوزن 225 غم / م, 2غير مطلي لفات أو صفائح, غير مبيض",5
48045190000,"ورق وورق مقوی کرافت بوزن 225 غم / م2 غير مطلي لفات أو صفائح, غير مبيض ) (غ.م.ك)",0
48045210000,"ورق حزم وتغليف غير مصقول أو مصقول على وجه واحد ... بوزن 225 غم / م, 2غير مطلى, لفات أو صفائح, مبيض...",5
48045290000,ورق وورق مقوى كرافت بوزن 225 غم م 2 غير مطلي لفات أو صفائح مبيض.. (غ. م.ك),0
48045910000,"ورق حزم وتغليف غير مصقول أو مصقول على وجه واحد ... بوزن 225 غم / م, 2غير مطلي, لفات أو صفائح (غ. م.ك)",5
48045990000,"ورق وورق مقوى كرافت أخر بوزن 225 غم / م, 2غير مطلي لفات أو صفائح (غ. م.ك)",0
48051100000,"ورق نصف كيميائي، معد للتحزيز",0
48051200000,"ورق قش، معد للتحزيز",0
48051900000,ورق مخدد غير مطلي لفات أو صفائح غير مشغول أكثر من المحددة بالملاحظة 3 (غ. م.ك),0
48052400000,بوزن لا يتجاوز 150 غم / م 2,0
48052500000,بوزن يتجاوز 150 غم / م2,0
48053000000,ورق سلفيت للتغليف غير مطلي لفات أو صفائح غير مشغول أكثر من تلك المحددة بالملاحظة 2,5
48054000000,ورق وورق مقوى للترشيح,0
48055000000,"ورق وورق مقوى ملبد, غير مطلي, لفات أو صفائح غير مشغول أكثر من تلك المحددة بالملاحظة 2",5
48059100000,بوزن لا يتجاوز 150 غم / م2,0
48059200000,بوزن يتجاوز 150 غم / م2 وأقل من 225 غم / م 2,0
48059300000,بوزن 225 غم / مأو 2 أكثر,0
48061000000,"ورق وورق مقوى مكبرت (بارشمان) (مرقرق), لفات أو صفائح",5
48062010000,ورق كتيم للشحوم لفات أو صفائح المستورد من قبل المصانع كمدخلات إنتاج,0
48062090000,ورق كتيم للشحوم لفات أو صفائح (غ. م.ك),5
48063000000,"ورق نقل الرسم, لفات أو صفائح",5
48064000000,ورق كريستال وغيره من ورق مصقول شفاف أو نصف شفاف لفات أو صفائح (غ. م.ك),5
48070000000,"ورق وورق مقوى مجمع طبقات مسطحة مجمعه باللصق غير مطلي السطح ولا مشرب، وإن كان مقوى من الداخل، لفات أو صفائح",0
48081000000,"ورق وورق مقوى مموج, لفات أو صفائح, عدا أصناف البند 4803",5
48084000000,"ورق كرافت ، مجعد أو مثني، وإن كان مبصوماً، أو مثقباً",0
48089000000,"ورق وورق مقوى, مجعد أو مثني أو مبصوم أو مثقب, لفات أو صفائح (غ. م.ك)",0
48092000000,"ورق استنساخ ذاتي, لفات أو صفائح مستطيلة أو مربعة أحد أضلاعه - 36 سم وهي في حالة غير مطوية",0
48099000000,"ورق استنساخ أو نقل, لفات أو صفائح مستطيلة أو مربعة أحد أضلاعه 36 سم وهي في حالة غير مطوي",0
48101300000,ورق وورق مقوى للكتابة أو ... مطلية بمواد غير عضوية بشكل لفات,0
48101400000,"بشكل صفائح لا يتجاوز أحد أضلاعها 435 مم ولا يتجاوز الضلع الآخر 297 مم ، في حالتها غير المطوية",0
48101900000,"ورق وورق مقوى للكتابة أو ... مطلية بمواد غير عضوية ..., لفات أو صفائح (غ. م.ك)",0
48102200000,"ورق وورق مقوى للكتابة أو .. الخ. مطلية بمواد غير عضوية خفيف الوزن, لفات أو صفائح LWC",0
48102900000,ورق وورق مقوى للكتابة أو .. الخ. مطلية بمواد غير عضوية أكثر من 10% من .. (غ. م.ك) لفات أو صفائح,0
48103100000,"ورق وورق مقوى كرافت (غ. م.ك), مطلي بمواد غير عضوية مبيض بطريقة .. الألياف بوزن <= 150/غمم2",5
48103200000,"ورق وورق مقوى كرافت (غ. م.ك), مطلي بمواد غير عضوية مبيض بطريقة .. الألياف بوزن - 150 غم 2م",5
48103910000,ورق مقوی كرافت (غ. م.ك مطلي بالكاولين أو بمواد غير عضوية لفات أو صفائح معد لصناعة علب الثقاب,0
48103990000,"ورق وورق مقوى كرافت مطلية بالكاولين أو بمواد غير عضوية أخر, لفات أو صفائح (غ. م.ك)",5
48109210000,"ورق مقوى مطلي بالكاولين أو بمواد غير عضوية متعدد الطبقات, لفات أو صفائح, معد لصناعة علب الثقاب",0
48109220000,"ورق وورق مقوى اخر مطلية بالكاولين أو بمواد ..... متعدد الطبقات, لفات أو صفائح مدهون وغير مطبوع",0
48109290000,ورق وورق مقوى مطلية بالكاولين أو بمواد غير عضوية متعدد الطبقات لفات أو صفائح (غ. م.ك),5
48109910000,"ورق مقوى (غ. م.ك مطلي بالكاولين أو بمواد غير عضوية لفات أو صفائح, معد لصناعة علب الثقاب",0
48109990000,ورق وورق مقوى مطلي بالكاولين أو بمواد غير عضوية لفات أو صفائح (غ. م.ك),5
48111000000,"ورق وورق مقود مطلي بالقطران أو القار أو الإسفلت, لفات أو صفائح",5
48114100000,ورق ذاتي اللصق أشرطة أولفات من ورق أو .. أو حشو السليلوز أو طبقات ....,0
48114900000,ورق وورق مقوى مصمغ لفات أو صفائح ( عدا اللاصق ذاتيا,0
48115100000,"مبيض، بوزن يتجاوز 150 غم / م2",0
48115900000,"ورق وورق مقوى, مطلي أو مشرب أو مغطى بلدائن (غ.م.ك), لفات أو صفائح",0
48116000000,"ورق وورق مقوى، مطلي أو مشرب أو مغطى بشمع، أو بشمع برافين أو ستيارين أو زيت أو جليسرول",0
48119000000,"ورق وورق مقوى وحشو السيليولوز وطبقات من ألياف سيليولوزية، أخر",0
48120000000,كتل والواح مرشحة من عجائن الورق,0
48131000000,ورق سجائر بشكل دفاتر أو أنابيب,5
48132000000,بشكل لفات لا يزيد عرضها عن 5 سم,0
48139000000,ورق سجائر وإن كان مقطعا بقياسات معينة (غ.م.ك),0
48142000000,ورق حائط وأغطية جدران مماثلة من ورق مطلي أو مغطى خارجيا بلدائن محببة أو مبصومة أو ملونة...,5
48149000000,ورق حائط وأغطية جدران مماثلة (غ. م.ك),5
48162000000,ورق إستنساخ ذاتي صفائح قياس أحد أضلاعه سم 3 وهي في حالة غير مطوية,0
48169010000,#NAME?,5
48169020000,#NAME?,5
48169090000,- ورق الإستنساخ أو النقل (غ. م.ك) صفائح قياس أحد أضلاعه سم 36 وهي غير مطوية,5
48171000000,مغلفات (ظروف) من ورق أو ورق مقوى,5
48172000000,بطاقات رسائل وبطاقات بريد غير مصورة وبطاقات للمراسلة من ورق أو ورق مقوى,5
48173000000,علب وجعب ومحافظ وما يماثلها من ورق أو ورق مقوى محتوية على مجموعات من أوراق المراسلة,25
48181000000,ورق صحي بشكل لفات بعرض = 36 سم لأغراض منزلية أو صحية,25
48182000000,مناديل ومناديل إزالة مواد التطرية ومناشف الأغراض منزلية أو صحية من عجائن الورق أو الورق أو حشو.,25
48183000000,أغطية وفوط المناضد أو الطاولات لأغراض منزلية من عجائن الورق أو الورق أو حشو السليولوز أو ...,5
48185000100,كمامات ورقية من عجائن الورق أو الورق أو حشو سيليولوز أو من طبقات من ألياف سليولوزية,5
48185000900,ألبسة ولوازمها ( عدا الكمامات من عجائن الورق أو الورق أو حشو سيليولوز أو من طبقات من ألياف سليولوزية,5
48189000100,أغطية اسرة ورقية للإستخدام الصحي,25
48189000900,حشو السليلوز أو طبقات .. لأغراض منزلية أو صحية مصنوعات منزلية أو صحية من عجائن الورق... (غ.م.ك,25
48191010000,#NAME?,15
48191090100,علب وصناديق من الورق أو ورق مقوى مموج للمنتجات الزراعية,25
48191090900,علب وصناديق من الورق أو ورق مقوى مموج (غ.م.ك),25
48192000100,#NAME?,25
48192000900,"علب ، صناديق قابلة للطي من ورق أو ورق غير مموج",25
48193010000,أكياس من ورق معدة للتعبئة بالمنتجات الصناعية عرض قاعدتها 40 سم,0
48193090100,أكياس من ورق أو ورق مقود أو حشو . . معدة لتعبئة المنتجات الزراعية عرض قاعدتها 40 سم,25
48193090900,أكياس من ورق أو ورق مقوى أو حشو .. معدة للتعبئة (غ. م.ك) عرض قاعدتها - سم40,25
48194010000,أكياس من ورق معدة للتعبئة بالمنتجات الصناعية,0
48194030000,مخاريط من حشو السليلوز أو طبقات من ألياف سليولوزي المستوردة من قبل المصانع كمدخلات انتاج,0
48194090000,"أكياس أخر وجعب ومخاريط من ورق أو ورق مقوى أو حشو السليلوز أو طبقات من ألياف سليولوزية, (غ.م.ك)",25
48195010000,#NAME?,15
48195020100,"علب الكرتون المشمع ، وإن كان مغطى بطبقة من الألمنيوم لا يزيد سمكها عن 0.2 ملم المستورد لتعبئة المنتجات الصناعية",0
48195020900,"علب الكرتون المشمع ، وإن كان مغطى بطبقة المنيوم لا يزيد سمكها عن 0.2 ملم المستورد لتعبئة المنتجات الزراعية الطازجة",0
48195030000,#NAME?,0
48195090000,#NAME?,25
48196000000,"علب لحفظ الورق والملفات والرسائل وما يماثلها, للمكاتب والمحلات .. من ورق أو ورق مقوى..",25
48201000000,سجلات ودفاتر محاسبة وطلبات وإيصالات ومذكرات وجيب ومفكرات وورق رسائل... من ورق أو ورق مقوى,15
48202010000,دفاتر التمارين من ورق أو ورق مقوى لتعليم الخط محتوية على نماذج,5
48202090000,دفاتر التمارين من ورق أو ورق مقوى (غ.م.ك),25
48203000000,مصنفات ( عدا أغلفة الكتب وملفات أوراق وأغلفة ملفات من ورق أو ورق مقوى,25
48204000000,رزم و دفاتر المانيفولد من ورق أو ورق مقوى,25
48205000000,مجاميع حفظ النماذج أو الصور أو المجموعات من ورق أو ورق مقوى,25
48209010000,الدفاتر المدرسية عدا دفاتر المحاضرات الجامعية,25
48209090100,دفاتر المحاضرات الجامعية,25
48209090900,"مجموعات ورق النشاف, وغلافات كتب وأصناف مكتبية او قرطاسية أخر ( عدا الدفاتر) من ورق أو ورق مقوى",25
48211000000,مطبوعة,0
48219000000,رقاع من جميع الأنواع من ورق أو ورق مقوى ( عدا المطبوعة) (غ. م.ك),0
48221000000,بكرات ومواسير ومكبات وحوامل مماثلة مستعملة في لف خيوط النسج من عجائن ورق أو ورق أو ورق مقو,5
48229000000,بكرات ومواسير ومكبات وحوامل مماثلة من عجائن الورق أو الورق أو الورق المقوى,5
48232000000,ورق وورق مقوى للتصفية (الترشيح),0
48234000000,أوراق خطوط بيانية مطبوعة لأجهزة التسجيل الذاتي صفائح أولفات أو أقراص من ورق أو ورق مقوى...,5
48236100000,صواني وأطباق وأكواب وما يماثلها من ورق أو ورق مقوى من البوص الهندي (بامبو),5
48236900000,"صواني وأطباق وأكواب وما يماثلها من ورق أو ورق مقوى, (غ.م.ك)",15
48237000100,أطباق البيض من عجائن الورق,25
48237000900,أصناف مقولبة أو مضغوطة عدا أطباق البيض من عجائن الورق,25
48239010000,نماذج تفصيل الألبسة ورق رقيق مطبوع والمقطع المعد لتغليف المنتجات الزراعية,0
48239040000,بطاقات وأشرطة لأنوال الجاكار دولالات تثقيب البطاقات ... أوعية مستعملة .. مصانع الغزل.. مواد نسجية,0
48239050000,رولات ورقية معقمة تستخدم لتعبئة الادوات الطبية,0
48239080000,أصناف ومصنوعات أخر من عجائن الورق المقوى أو من... المستورد من قبل المصانع كمدخلات انتاج,0
48239090000,أصناف ومصنوعات أخر من عجائن الورق أو الورق أو الورق المقود أو من حشو السليلوز ... (غ. م.ك),5
49011000000,"كتب ومطبوعات مماثلة من أوراق منفردة, وإن كانت مطوية",0
49019100000,قواميس وموسوعات وأجزاء متسلسلة منها,0
49019900000,كتب ومطبوعات مماثلة (غ. م.ك),0
49021000000,صحف ومجلات ونشرات دورية مطبوعة تصدر على الأقل أربع مرات في الاسبوع,0
49029000000,صحف ومجلات ونشرات دورية مطبوعة (غ. م.ك),0
49030000000,مجاميع صور أو كتب مصورة ومجاميع أو كتب للرسم أو للتلوين للأطفال,5
49040000000,أوراق موسيقى مطبوعة أو مخطوطة مصورة أو غير مصورة,5
49052000000,"مصورات جغرافية من جميع الأنواع، بما في ذلك الأطلس وخرائط الجدران؛ ومصورات المساحة والكرات الأرضية، مطبوعة ، بشكل كتب أو كتيبات",5
49059000000,"غيرها ، من مصورات جغرافية من جميع الأنواع، بما في ذلك الأطلس وخرائط الجدران؛ ومصورات المساحة، والكرات الأرضية ( عدا الكتب والكتيبات)",5
49060000000,تصاميم ورسوم هندسية وما يماثلها أصلية برسم يدوي نصوص مكتوبة باليد نسخ منقولة بالتصوير...,5
49070010000,دفاتر الشيكات ( عدا دفاتر الشيكات السياحية),5
49070090100,اوراق نقد,0
49070090900,"طوابع بريدية.. وما يماثلها غير مبطل, وذات قيمة .... ورق موسوم بطابع أسهم وسندات .",0
49081000000,أوراق مطبوعة بمحضرات قابلة للتزجج,0
49089000000,صور ورسوم وماشابة استنساخية من جميع الأنواع (غ. م.ك),5
49090000000,بطاقات بريدية مطبوعة أو مصورة أو مزينة بطاقات مطبوعة للتهاني أو الدعوات مع أو دون مغلفات,25
49100000000,"تقاويم من جميع الانواع مطبوعة, بما في ذلك تقاويم المكاتب",25
49111010000,مطبوعات للدعاية السياحية للمملكة فقط,0
49111090000,مطبوعات للدعاية والاعلان وكتالوجات تجارية وما يماثلها (غ. م.ك),5
49119100000,صور وصور مطبوعة وصور فوتوغرافية,5
49119910000,"لوحات التعليم, أصناف صور مطبوعة (صفائح) لصنع الكتب المصورة أو مجاميع الصور المعدة للاطفال",5
49119990000,مطبوعات أخر. (غ.م.ك),0
50010000000,شرانق دودة القز صالحة للحل لتصبح حرير خام,0
50020000000,حرير خام ( غير مغزول,0
50030000000,فضلات حرير وفضلات خيوط الحرير والنسالة,0
50040000000,خيوط حرير ( عدا خيوط فضلات الحرير) (غ. م.ل),0
50050000000,خيوط فضلات الحرير (غ. م.ل),0
50060000000,خيوط حرير وخيوط فضلات حرير (م. ل. ت) خيوط أحشاء دودة القز,5
50071000000,أقمشة منسوجة من فضلات مشاقة الحرير,0
50072000000,"أقمشة منسوجة أخرى, تحتوي % 85وزنا من الحرير أو فضلات الحرير (غ. م.ك)",0
50079000000,"أقمشة منسوجة أخر من الحرير أو فضلات الحرير, (غ.م.ك)",0
51011100000,صوف جز بدهنه بمافيه الصوف المغسول غير مندوف ولا ممشط,0
51011900000,صوف بدهنه ( عدا صوف الجز) بمافيه الصوف المغسول غير مندوف ولا ممشط,0
51012100000,صوف جز منزوع دهنه وغير مكر بن غير مندوف ولا ممشط,0
51012900000,"صوف منزوع دهنه و غير مكربن ( عدا صوف الجز, غير مندوف ولا ممشط",0
51013000000,صوف مكربن غير مندوف ولا ممشط,0
51021100000,وبر ناعم من ماعز كشمير غير مندوف ولا ممشط,0
51021900000,وبر ناعم ( عدا من ماعز كشمير غير مندوف ولا ممشط,0
51022000000,و بر خشن غير مندوف ولا ممشط,0
51031000000,"فضلات تمشيط الصوف أو الوبر الناعم, عدا النسالات",0
51032000000,"فضلات صوف أو و برناعم أخرى, عدا النسالات (غ. م.ك)",0
51033000000,فضلات و بر خشن,0
51040000000,نسالات صوف ونسالات من وبر ناعم أو خشن,0
51051000000,صوف مندوف,0
51052100000,صوف ممشط مفروط,0
51052900000,صوف ممشط عدا المفروط,0
51053100000,"وبر ناعم من ماعز كشمير, مندوف او ممشط",0
51053900000,"وبر ناعم ( عدا من ماعز كشمير, مندوف او ممشط",0
51054000000,و بر خشن مندوف أو ممشط,0
51061000000,خيوط من صوف مندوف (غ. م.ل) تحتوي = % 85وزنا من الصوف,0
51062000000,"خيوط من صوف مندوف (غ. م.ل), تحتوي % 85وزنا من الصوف",0
51071000000,خيوط من صوف ممشط (غ. م.ل) تحتوي = % 85وزنا من الصوف,0
51072000000,خيوط من صوف ممشط (غ. م.ل) تحتوي < % 85وزنا من الصوف,0
51081000000,خيوط من وبر ناعم مندوفة (غ. م.ل),0
51082000000,خيوط من وبر ناعم ممشطة (غ. م.ل),0
51091000000,"خيوط, تحتوي 85% وزنا من الصوف أو من وبر ناعم (م. ل. ت)",5
51099000000,"خيوط, تحتوي % 85وزنا من الصوف أو من وبر ناعم (م. ل. ت)",5
51100010000,"خيوط من و بر خشن أو من شعر خيل بما فيها خيوط مبرومة من شعر خيل), (م. ل. ت)",5
51100090000,خيوط من وبر خشن أو من شعر خيل ) بما فيها خيوط مبرومة من شعر خيل). (غ. م.ل),0
51111100000,"أقمشة منسوجة, تحتوي 85% وزنا من صوف مندوف أو من وبرناعم مندوف بوزن 300 غم م 2",0
51111900000,أقمشة منسوجة تحتوي % 85وزنا من صوف مندوف أو من وبرناعم مندوف (غ. م.ك),0
51112000000,"أقمشة منسوجة من صوف مندوف أو من وبرناعم مندوف مخلوطة .... مع الياف تركيبية ... مستمرة, (غ.م.ك)",0
51113000000,"أقمشة منسوجة من صوف مندوف أو من وبرناعم مندوف, مخلوطة.. مع الياف تركيبية.. غير مستمرة, (غ.م.ك)",0
51119000000,أقمشة منسوجة من صوف مندوف أو من وبرناعم مندوف (غ.م.ك),0
51121100000,"أقمشة منسوجة, تحتوي 85% وزنا من صوف ممشط أو من وبر ناعم ممشط بوزن 200 غم/م2",0
51121900000,"أقمشة منسوجة, تحتوي % 85وزنا من صوف ممشط أو من وبر ناعم ممشط (غ. م.ك)",0
51122000000,أقمشة منسوجة من صوف ممشط أو من وبر ناعم ممشط مخلوطة ... مع شعيرات ... صناعية مستمرة. (غ.م.ك),0
51123000000,"أقمشة منسوجة من صوف ممشط أو من وبر ناعم ممشط مخلوطة .. مع ألياف .. صناعية غير مستمرة, (غ.م.ك)",0
51129000000,أقمشة منسوجة من صوف ممشط أو من وبر ناعم ممشط (غ. م.ك),0
51130000000,أقمشة منسوجة من وبر خشن أو شعر الخيل,0
52010000000,قطن غير مندوف ولا ممشط,0
52021000000,فضلات خيوط من قطن,0
52029100000,نسالات من قطن,0
52029900000,فضلات قطن (غ. م.ك),0
52030000000,قطن مندوف أو ممشط,0
52041100000,خيوط للخياطة من قطن (غ. م.ل) تحتوي % 85وزنا من القطن,0
52041900000,"خيوط للخياطة من قطن, (غ. م.ل), تحتوي < % 85وزنا من القطن",0
52042000000,خيوط للخياطة من قطن (م. ل. ت),5
52051100000,خيوط مفردة من ألياف غير ممشطة تحتوي % 85وزنا من قطن (غ. م.ل) مقاسها < = 14 رم,0
52051200000,خيوط مفردة من ألياف غير ممشطة تحتوي - % 85وزنا من قطن (غ. م.ل) مقاسها > 14 ولكن - 43 رم,0
52051300000,خيوط مفردة من ألياف غير ممشطة تحتوي % 85وزنا من قطن (غ. م.ل) مقاسها > 43 ولكن 52 رم,0
52051400000,خيوط مفردة من ألياف غير ممشطة تحتوي % 85وزنا من قطن (غ. م.ل) مقاسها 52 ولكن 80 رم,0
52051500000,خيوط مفردة من ألياف غير ممشطة تحتوي % 85وزنا من قطن (غ. م.ل) مقاسها 80 رم,0
52052100000,خيوط مفردة من ألياف ممشطة تحتوي % 85وزنا من قطن (غ. م.ل) مقاسها 14 رم,0
52052200000,خيوط مفردة من ألياف ممشطة تحتوي % 85وزنا من قطن (غ. م.ل) مقاسها 14 ولكن - 43 رم,0
52052300000,خيوط مفردة من ألياف ممشطة تحتوي % 85وزنا من قطن (غ. م.ل) مقاسها > 43 ولكن 52 رم,0
52052400000,خيوط مفردة من ألياف ممشطة تحتوي % 85وزنا من قطن (غ. م.ل) مقاسها 52 ولكن 80 رم,0
52052600000,خيوط مفردة من ألياف ممشطة تحتوي % 85وزنا من قطن (غ. م.ل) مقاسها 80 ولكن 94 رم,0
52052700000,خيوط مفردة من ألياف ممشطة تحتوي % 85وزنا من قطن (غ. م.ل) مقاسها 94 ولكن 120 رم,0
52052800000,خيوط مفردة من ألياف ممشطة تحتوي % 85وزنا من قطن (غ. م.ل) مقاسها 120 رم,0
52053100000,خيوط مزوية من ألياف غير ممشطة تحتوي 85% وزنا من قطن (غ. م.ل) 14 رم للخيط المفرد,0
52053200000,خيوط مزوية من ألياف غير ممشطة تحتوي 85% وزنا من قطن (غ. م.ل) 14 ولكن 43 رم للخيط المفرد,0
52053300000,خيوط مزوية من ألياف غير ممشطة تحتوي % 85وزنا من قطن (غ. م. ل) 43 ولكن 52 رم للخيط المفرد,0
52053400000,خيوط مزوية من ألياف غير ممشطة تحتوي % 85وزنا من قطن (غ. م. ل) 52 ولكن 80 رم للخيط المفرد,0
52053500000,"خيوط مزوية من ألياف غير ممشطة تحتوي % 85وزنا من قطن (غ. م.ل), 80 رم للخيط المفرد",0
52054100000,"خيوط مزوية من ألياف ممشطة تحتوي - 85% وزنا من قطن (غ. م.ل), 14 رم للخيط المفرد",0
52054200000,خيوط مزوية من ألياف ممشطة تحتوي - % 85وزنا من قطن (غ. م.ل) 14 ولكن 43 رم للخيط المفرد,0
52054300000,خيوط مزوية من ألياف ممشطة تحتوي - % 85وزنا من قطن (غ. م. ل) 43 ولكن 52 رم للخيط المفرد,0
52054400000,خيوط مزوية من ألياف ممشطة تحتوي - % 85وزنا من قطن (غ. م.ل) 52 ولكن 80 رم للخيط المفرد,0
52054600000,خيوط مزوية من ألياف ممشطة تحتوي = % 85وزنا من قطن (غ. م.ل) 80 ولكن 94 رم للخيط المفرد,0
52054700000,خيوط مزوية من ألياف ممشطة تحتوي = % 85وزنا من قطن (غ. م.ل) 94 ولكن 120 رم للخيط المفرد,0
52054800000,خيوط مزوية من ألياف ممشطة تحتوي <= % 85وزنا من قطن (غ. م.ل) 120 رم للخيط المفرد,0
52061100000,خيوط مزوية من ألياف غير ممشطة تحتوي 85% وزنا من قطن (غ. م.ل) مقاسها < = 14 رم,0
52061200000,خيوط مزوية من ألياف غير ممشطة تحتوي % 85وزنا من قطن (غ. م.ل) مقاسها 14 ولكن 43 رم,0
52061300000,خيوط مزوية من ألياف غير ممشطة تحتوي 85% وزنا من قطن (غ. م.ل) مقاسها > 43 ولكن 52 رم,0
52061400000,خيوط مزوية من ألياف غير ممشطة تحتوي % 85وزنا من قطن (غ. م.ل) مقاسها 52 ولكن 80 رم,0
52061500000,خيوط مزوية من ألياف غير ممشطة تحتوي 85% وزنا من قطن (غ. م.ل) مقاسها 80 رم,0
52062100000,خيوط مفردة من ألياف ممشطة تحتوي % 85وزنا من قطن (غ. م.ل) مقاسها 14 رم,0
52062200000,خيوط مفردة من ألياف ممشطة تحتوي % 85وزنا من قطن (غ. م.ل) مقاسها 14 ولكن = 43 رم,0
52062300000,خيوط مفردة من ألياف ممشطة تحتوي % 85وزنا من قطن (غ. م.ل) مقاسها > 43 ولكن 52 رم,0
52062400000,خيوط مفردة من ألياف ممشطة تحتوي % 85وزنا من قطن (غ. م. ل) مقاسها 52 ولكن 80 رم,0
52062500000,خيوط مفردة من ألياف ممشطة تحتوي % 85وزنا من قطن (غ. م.ل) مقاسها 80 ر رم,0
52063100000,خيوط مزوية أو متعددة الزوي من ألياف غير ممشطة محتو % 85وزنا من قطن (غ. م.ل) 14 رم للخيط المفر,0
52063200000,خيوط مزوية من ألياف غير ممشطة تحتوي % 85وزنا من قطن (غ. م. ل) 14 ولكن 43 رم للخيط المفرد,0
52063300000,خيوط مزوية من ألياف غير ممشطة تحتوي % 85وزنا من قطن (غ. م. ل) 43 ولكن 52 رم للخيط المفرد,0
52063400000,خيوط مزوية من ألياف غير ممشطة تحتوي % 85وزنا من قطن (غ. م. ل) 52 ولكن 80 رم للخيط المفرد,0
52063500000,خيوط مزوية من ألياف غير ممشطة تحتوي % 85وزنا من قطن (غ. م.ل) 80 رم للخيط المفرد,0
52064100000,خيوط مزوية أو متعددة الزوي من ألياف ممشطة تحتوي % 85وزنا من قطن (غ. م. ل) 14 رم للخيط المفر,0
52064200000,خيوط مزوية من ألياف ممشطة تحتوي % 85وزنا من قطن (غ. م. ل) 14 ولكن 43 رم للخيط المفرد,0
52064300000,خيوط مزوية من ألياف ممشطة تحتوي % 85وزنا من قطن (غ. م. ل) 43 ولكن 52 رم للخيط المفرد,0
52064400000,خيوط مزوية من ألياف ممشطة تحتوي % 85وزنا من قطن (غ. م. ل) 52 ولكن 80 رم للخيط المفرد,0
52064500000,خيوط مزوية من ألياف ممشطة تحتوي % 85وزنا من قطن (غ. م.ل) 80 رم للخيط المفرد,0
52071000000,"خيوط قطن ( عدا خيوط الخياطة), (م. ل. ت) تحتوي % 85وزنا من قطن",5
52079000000,"خيوط قطن ( عدا خيوط الخياطة), (م. ل. ت) تحتوي % 85وزنا من قطن",5
52081100000,أقمشة منسوجة بحياكة سادة غير مقصورة تحتوي % 85وزنا من قطن بوزن 100 غم/م2,0
52081200000,أقمشة منسوجة بحياكة سادة غير مقصورة تحتوي % 85وزنا من قطن بوزن 100 غم م 2 و غم200 2م,0
52081300000,"أقمشة منسوجة بحياكة مبرد من 3 أو 4 خيوط غير مقصورة, تحتوي % 85وزنا من قطن بوزن 200 غم 2م",0
52081900000,أقمشة منسوجة أخر غير مقصورة تحتوي % 85وزنا من قطن (غ. م.ك) بوزن غم200 /م2,0
52082100000,أقمشة منسوجة بحياكة سادة مقصورة تحتوي % 85وزنا من قطن بوزن 100 غم/م2,0
52082200000,أقمشة منسوجة بحياكة سادة مقصورة تحتوي 85% وزنا من قطن بوزن 100 غم / م 2 ولكن 200 غم 2م,0
52082300000,"أقمشة منسوجة بحياكة مبرد من 3 أو 4 خيوط, مقصورة % 85وزنا من قطن بوزن غم200 /م2",0
52082900000,أقمشة منسوجة أخر مقصورة تحتوي % 85وزنا من قطن (غ.م.ك) بوزن غم200 /م2,0
52083100000,أقمشة منسوجة بحياكة سادة مصبوغة تحتوي = % 85وزنا من قطن بوزن 100 غم/م2,0
52083200000,أقمشة منسوجة بحياكة سادة مصبوغة تحتوي % 85وزنا من قطن بوزن 100 غم/م2 ولكن 200غم 2م,0
52083300000,أقمشة منسوجة بحياكة مبرد من 3 أو 4 خيوط مصبوغة تحتوي % 85وزنا من قطن بوزن غم200 2م,0
52083900000,أقمشة منسوجة أخر مصبوغة تحتوي % 85وزنا من قطن (غ.م.ك) بوزن غم200 /م2,0
52084100000,أقمشة منسوجة بحياكة سادة من خيوط بألوان مختلفة تحتوي % 85وزنا من قطن بوزن 100 غم/م2,0
52084200000,أقمشة منسوجة بحياكة سادة... بألوان مختلفة تحتوي % 85وزنا من قطن بوزن 100 و 200 غم/م,0
52084300000,أقمشة منسوجة حياكة مبرد أو 4 3 خيوط بألوان مختلفة تحتوي % 85وزناقطن بوزن 200 غم/م2,0
52084900000,أقمشة منسوجة من خيوط بألوان مختلفة تحتوي % 85وزنا من قطن (غ. م.ك) بوزن 200 غم/م2,0
52085100000,أقمشة منسوجة بحياكة سادة مطبوعة تحتوي > = % 85وزنا من قطن بوزن 100 غم م 2,0
52085200000,أقمشة منسوجة بحياكة سادة مطبوعة تحتوي % 85وزنا قطن بوزن 100 غم / م2 ولكن غم200 /م2,0
52085900000,أقمشة منسوجة أخر مطبوعة تحتوي % 85وزنا من قطن (غ. م.ك) بوزن غم200 /م2,0
52091100000,أقمشة منسوجة بحياكة سادة غير مقصورة تحتوي % 85من قطن بوزن غم200 /م2,0
52091200000,أقمشة منسوجة بحياكة مبرد من أو 4 3 خيوط غير مقصورة تحتوي % 85وزنا من قطن بوزن 200 غم 2م,0
52091900000,أقمشة منسوجة أخر غير مقصورة تحتوي % 85وزنا من قطن (غ. م.ك) بوزن 200 غم/م2,0
52092100000,أقمشة منسوجة بحياكة سادة مقصورة تحتوي % 85وزنا من قطن بوزن غم200 /م2,0
52092200000,"أقمشة منسوجة بحياكة مبرد من 3 أو 4 خيوط مقصورة, تحتوي % 85وزنا من قطن بوزن 200 غم/م2",0
52092900000,أقمشة منسوجة أخر مقصورة تحتوي - % 85وزنا من قطن (غ. م.ك) بوزن 200 غم/م2,0
52093100000,أقمشة منسوجة بحياكة سادة مصبوغة تحتوي > % 85وزنا من قطن بوزن غم200 /م2,0
52093200000,أقمشة منسوجة بحياكة مبرد من 3 أو 4 خيوط مصبوغة تحتوي % 85وزنا من قطن بوزن غم200 /م2,0
52093900000,أقمشة منسوجة أخر مصبوغة تحتوي % 85وزنا من قطن (غ. م.ك) بوزن غم200 /م2,0
52094100000,أقمشة منسوجة بحياكة سادة من خيوط مختلفة الألوان تحتوي % 85وزنا من قطن بوزن 200 غم/م2,0
52094200000,"دنیم من خيوط مختلفة الألوان,",0
52094300000,أقمشة منسوجة حياكة مبرد من أو 4 3 خيوط مختلفة الالوان تحتوي % 85وزنا من قطن بوزن 200 غم/م2,0
52094900000,أقمشة منسوجة أخر من خيوط مختلفة الألوان تحتوي % 85وزنا من قطن (غ. م.ك) بوزن 200 غم 2م,0
52095100000,أقمشة منسوجة بحياكة سادة مطبوعة تحتوي % 85وزنا من قطن بوزن 200 غم/م2,0
52095200000,أقمشة منسوجة بحياكة مبرد من 3 أو 4 خيوط مطبوعة تحتوي % 85وزنا من قطن بوزن 200 غم/م2,0
52095900000,أقمشة منسوجة أخر مطبوعة تحتوي % 85وزنا من قطن (غ. م.ك) بوزن 200 غم/م2,0
52101100000,أقمشة منسوجة بحياكة سادة غير مقصورة تحتوي % 85وزنا من قطن بوزن غم200 /م2,0
52101900000,أقمشة منسوجة أخر غير مقصورة تحتوي % 85وزنا من قطن (غ. م.ك) بوزن 200 غم/م2,0
52102100000,أقمشة منسوجة بحياكة سادة مقصورة تحتوي % 85وزنا من قطن بوزن 200 غم/م2,0
52102900000,أقمشة منسوجة أخر مقصورة تحتوي % 85وزنا من قطن (غ. م.ك) بوزن غم200 /م2,0
52103100000,أقمشة منسوجة بحياكة سادة مصبوغة تحتوي % 85وزنا من قطن بوزن غم200 /م2,0
52103200000,أقمشة منسوجة بحياكة مبرد من 3 أو 4 خيوط مصبوغة تحتوي % 85وزنا من قطن بوزن غم200 /م2,0
52103900000,أقمشة منسوجة أخر مصبوغة تحتوي < % 85وزنا من قطن (غ. م.ك) بوزن 200 غم/م2 (غ.م.ك),0
52104100000,"أقمشة منسوجة بحياكة سادة من خيوط مختلفة الألوان تحتوي % 85وزنا من قطن, بوزن = 200 غم/م2",0
52104900000,أقمشة منسوجة أخر من خيوط مختلفة الألوان تحتوي % 85وزنا من قطن (غ. م.ك) بوزن 200 غم 2م,0
52105100000,أقمشة منسوجة بحياكة سادة مطبوعة تحتوي % 85وزنا من قطن بوزن غم200 /م2,0
52105900000,أقمشة منسوجة أخر مطبوعة تحتوي % 85وزنا من قطن (غ. م.ك) بوزن 200 غم / م 2 (غ. م.ك),0
52111100000,أقمشة منسوجة بحياكة سادة غير مقصورة تحتوي % 85وزنا من قطن ممزوجة بوزن غم200 /م2,0
52111200000,أقمشة منسوجة بحياكة مبرد من أو 4 3 خيوط... تحتوي % 85وزنا من قطن ممزوجة بوزن غم200 /م2,0
52111900000,أقمشة منسوجة أخر غير مقصورة تحتوي % 85وزنا من قطن (غ. م.ك) ممزوجة بوزن غم200 /م2,0
52112000000,"أقمشة منسوجة أخر مقصورة تحتوي % 85وزنا من قطن, مزوجة بوزن 200 غم/م2",0
52113100000,أقمشة منسوجة بحياكة سادة مصبوغة تحتوي % 85وزنا من قطن ممزوجة بوزن غم200 /م2,0
52113200000,"أقمشة منسوجة بحياكة مبرد من أو 4 3 خيوط مصبوغة تحتوي % 85وزنا من قطن, ممزوجة بوزن 200 غم/م2",0
52113900000,"أقمشة منسوجة أخر مصبوغة, تحتوي % 85وزنا من قطن (غ. م.ك) ممزوجة بوزن 200 غم/م2, (غ.م.ك)",0
52114100000,"أقمشة منسوجة بحياكة سادة من خيوط مختلفة ... تحتوي % 85وزناقطن, ممزوجة بوزن 200 غم/م2",0
52114200000,"دنيم من خيوط مختلفة الألوان يحتوي % 85وزنا من قطن, ممزوجة بوزن 200 غم/م2",0
52114300000,"أقمشة منسوجة حياكة مبرد من أو 4 3 خيوط ألوان مختلفة بها 85% وزنا قطن, ممزوجة بوزن 200 غم/م2",0
52114900000,أقمشة منسوجة أخر من خيوط مختلفة الألوان تحتوي % 85وزنا من قطن (غ. م.ك) . ممزوجة بوزن 200 غم/م2,0
52115100000,"أقمشة منسوجة بحياكة سادة مطبوعة تحتوي % 85وزنا من قطن, ممزوجة بوزن غم200 /م2",0
52115200000,أقمشة منسوجة بحياكة مبرد من 3 أو 4 خيوط مطبوعة تحتوي % 85وزنا من قطن ممزوجة بوزن 200 غم 2م,0
52115900000,أقمشة منسوجة أخر مطبوعة تحتوي % 85وزنا من قطن (غ. م.ك) ممزوجة بوزن 200 غم/م2,0
52121100000,"أقمشة منسوجة أخر غير مقصورة من قطن, وزن 200 غم/م (غ.م.ك)",0
52121200000,أقمشة منسوجة أخر مقصورة من قطن بوزن 200 غم/م2 (غ.م.ك),0
52121300000,أقمشة منسوجة أخر مصبوغة من قطن بوزن 200 غم/م2 (غ. م.ك),0
52121400000,"أخر من خيوط مختلفة الألوان من قطن, بوزن 200 غم/م, 2(",0
52121500000,أقمشة منسوجة أخر مطبوعة من قطن بوزن 200 غم / م 2 (غ. م.ك),0
52122100000,أقمشة منسوجة أخر غير مقصورة من قطن وزن 200 غم/م2 (غ. م.ك),0
52122200000,أقمشة منسوجة أخر مقصورة من قطن بوزن 200 غم/م2 (غ. م.ك),0
52122300000,"أقمشة منسوجة أخر مصبوغة من قطن بوزن 200 غم/م, 2(غ. م.ك)",0
52122400000,"أقمشة منسوجة أخر من خيوط مختلفة الألوان من قطن, بوزن 200 غم/م, 2(غ. م.ك)",0
52122500000,أقمشة منسوجة أخر مطبوعة من قطن بوزن غم 200 / م 2 (غ. م.ك),0
53011000000,کتان خام او كتان معطن,0
53012100000,"كتان, مكسر أو محلوج, ولكن غير مغزول",0
53012900000,"كتان ممشط أو معالج بطريقة أخرى, ولكن غير مغزول",0
53013000000,مشاقة و فضلات كتان بما فيها فضلات خيوط والنسالة,0
53021000000,قنب خام او قنب معطن,0
53029000000,قنب ( عدا الخام) غير مغزول مشاقة وفضلات القنب بما فيها فضلات الخيوط والنسالة),0
53031000000,جوت خام وألياف نسجية لحائية أخر ( عدا الكتان و القنب والرامي) خام أو معطنة,0
53039000000,جوت وألياف نسجية لحائية أخر ( عدا الكتان والقنب والرامي). (غ. م.ك) مشاقة وفضلات هذه الألياف,0
53050000000,- ألياف من جوز الهند ابكا قنب مانيلا ... رامي... خاما .. غير مغزولة مشاقة وفضلات هذه الألياف...,0
53061000000,خيوط من كتان مفردة,0
53062000000,خيوط من كتان مزوية أو متعددة الزوي,0
53071000000,خيوط من جوت أو من ألياف نسجية لحائية أخر داخلة في البند 5303 مفردة,0
53072000000,خيوط من جوت أو من الياف نسجية لحائية أخر داخلة في البند 5303 مزوية أو متعددة الزوي,0
53081000000,خيوط من ألياف جوز الهند,0
53082000000,خيوط من قنب,0
53089000000,خيوط من ألياف نسجية نباتية أخر خيوط من ورق (غ. م.ك),0
53091100000,"أقمشة منسوجة من كتان, مقصورة أو غير مقصورة تحتوي % 85وزنا من كتان",0
53091900000,"أقمشة منسوجة من كتان, (غ. م.ك) تحتوي % 85وزنا من كتان",0
53092100000,"أقمشة منسوجة من كتان, مقصورة أو غير مقصورة تحتوي % 85وزنا من كتان, (غ.م.ك)",0
53092900000,أقمشة منسوجة من كتان (غ. م.ك) تحتوي 85% وزنا من كتان (غ. م.ك),0
53101000000,"أقمشة منسوجة من جوت أو من ألياف نسجية لحائية أخر داخلة في البند 5303, غير مقصورة",0
53109000000,"أقمشة منسوجة من جوت أو من ألياف نسجية لحائية آخر داخلة في البند ,5303(غ.م.ك)",0
53110000000,أقمشة منسوجة من ألياف نسجية نباتية أخر. وأقمشة منسوجة من خيوط من ورق,0
54011010000,"خيوط الخياطة من شعيرات تركيبية, (م. ل. ت)",5
54011090000,خيوط الخياطة من شعيرات تركيبية (غ. م.ل),0
54012010000,خيوط الخياطة من شعيرات صناعية (م. ل. ت),5
54012090000,خيوط الخياطة من شعيرات صناعية (غ. م.ل),0
54021100000,خيوط عالية المتانة من أرميدات (غ. م.ل),0
54021900000,خيوط عالية المتانة من نايلون أو من بولي أميدات أخر (غ. م.ل) (غ. م.ك),0
54022000000,"خيوط عالية المتانة من بوليسترات, وإن كانت معدلة البنية التكستورية), (غ. م.ل)",0
54023100000,"خيوط معدلة البنية من نايلون أو من بولي أميدات أخر, مقاس خيطها المفرد - تكس 50 (غ. م.ل)",0
54023200000,"خيوط معدلة البنية من نايلون أو من بولي أميدات أخر, مقاس خيطها المفرد تكس 50 (غ. م.ل)",0
54023300000,خيوط معدلة البنية من بوليسترات (غ. م.ل),0
54023400000,خيوط معدلة البنية ( مسحوبة و مضخمة) (غ. م. ل) من بولي بروبلين,0
54023900000,خيوط معدلة البنية (غ. م.ك) (غ. م.ل),0
54024400000,"خيوط أخر مفردة قابلة للمط الاستومير, غير مفتولة أو مفتولة = برمة 50 / م. (غ. م.ل)",0
54024500000,خيوط أخر مفردة من نايلون أو من بولي أميدات أخر غير مفتولة أو مفتولة = برمة 50 م. (غ. م.ل),0
54024600000,خيوط أخر مفردة من بوليسترات معدلة جزئيا مفتولة 50 برمة م أو غير مفتولة (غ. م.ل),0
54024700000,خيوط أخر مفردة من بوليسترات أخر (غ. م.ك) مقتولة 50 برمة م أو غير مفتولة (غ. م.ل),0
54024800000,خيوط أخر مفردة من بولي بروبلين (غ. م.ك) مفتولة 50 برمة م أو غير مفتولة (غ. م.ل),0
54024900000,خيوط أخر مفردة (غ. م.ك) مفتولة - برمة 50 / م أو غير مفتولة (غ. م.ل),0
54025100000,"خيوط أخر مفردة من نايلون أو من بولي أميدات أخر, مفتولة - برمة 50 / م. (غ. م.ل)",0
54025200000,"خيوط أخر مفردة من بوليسترات مفتولة - 50 برمة م, (غ. م.ل)",0
54025300000,من بولي بروبيلين,0
54025900000,خيوط أخر مفردة (غ. م.ك) مفتولة - برمة 50 م (غ. م.ل),0
54026100000,خيوط أخر مزوية أو متعددة الزوي من نايلون أو من بولي أميدات أخر (غ. م.ل),0
54026200000,خيوط أخر مزوية أو متعددة الزوي من بوليسترات (غ. م.ل),0
54026300000,من بولي بروبيلين,0
54026900000,خيوط أخر مزوية أو متعددة الزوي (غ. م.ك). (غ. م.ل),0
54031000000,"خيوط شديدة التماسك من حرير فسكوز, (غ. م.ل), بمقاس < 67 ديسيتكس",0
54033100000,"خيوط أخر مفردة من حرير فسكوز, تحتوي = 120 برمة م, (غ. م. ل) بمقاس < 67 ديسيتكس",0
54033200000,"خيوط أخر مفردة من حرير فسكوز, تحتوي 120 برمة م, (غ. م.ل) بمقاس < 67 ديسيتكس",0
54033300000,"خيوط أخر مفردة من أسيتات السليلوز (غ. م.ل), بمقاس < 67 ديسيتكس",0
54033900000,"خيوط أخر مفردة من شعيرات صناعية (غ. م.ل), بمقاس < 67 ديسيتكس",0
54034100000,خيوط أخر مزوية أو متعددة الزوي من حرير فسكوز (غ. م.ل) بمقاس - 67 ديسيتكس,0
54034200000,خيوط أخر مزوية أو متعدد الزوي من أسيتات السليلوز (غ. م.ل) بمقاس < 67 ديسيتكس,0
54034900000,خيوط أخر مزوية أو متعددة الزوي من شعيرات صناعية (غ. م.ك) . (غ. م.ل) بمقاس < 67 ديسيتكس,0
54041100000,شعيرات مفردة قابلة للمط (الاستومير) بمقاس 67 ديسيتكس مقاس أي من مقطعها العرضي = 1 مم,0
54041200000,"شعيرات مفردة من بولى بروبلين (غ. م.ك) بمقاس 67 ديسيتكس, مقاس أي من مقطعها العرضي = 1",0
54041900000,شعيرات مفردة تركيبية بمقاس 67 ديسيتكس مقاس (غ. م.ك) أي من مقطعها العرضي = 1 مم,0
54049000000,الصفيحات وأشكال مماثلة أخر للصفيحات من مواد نسجية تركيبية مقاس عرضها الظاهر لا يزيد عن 5 مم,0
54050000000,شعيرات مفردة صناعية بمقاس 67- ديسيتكس؛ صفيحات وشكال أخر مماثلة للصفيحات من مواد نسجية صناعية,0
54060000000,"خيوط من شعيرات تركيبية او صطناعية ( عدا خيوط الخياطة ), (م. ل. ت)",5
54071000000,أقمشة منسوجة من خيوط شديدة التماسك من نايلون من بولي أميدات اخر أو بوليسترات,0
54072000000,أقمشة منسوجة ... من صفيحات أو أشكال مماثلة,0
54073000000,أقمشة منسوجة أخر من شعيرات تركيبية مذكورة في الملاحظة (9) للقسم ()11,0
54074100000,"أقمشة منسوجة أخر, مقصورة أو غير مقصورة تحتوي % 85وزنا من شعيرات نايلون او بولي أميدات اخر",0
54074200000,"أقمشة منسوجة أخر, مصبوغة تحتوي <= % 85وزنا من شعيرات نایلون او بولي أميدات اخر",0
54074300000,"أقمشة منسوجة أخر مخيوط مختلفة الالوان, تحتوي % 85وزنا من شعيرات نايلون او بولي أميدات اخر",0
54074400000,"أقمشة منسوجة أخر, مطبوعة, تحتوي % 85وزنا من شعيرات نايلون او بولي أميدات اخر",0
54075100000,"أقمشة منسوجة أخر, مقصورة أو غير مقصورة تحتوي 85% وزنا من شعيرات بوليستر العدلة البنية (تكستورية)",0
54075200000,"أقمشة منسوجة أخر, مصبوغة, تحتوي % 85وزنا من شعيرات البوليستر العدلة البنية (تكستورية)",0
54075300000,"أقمشة منسوجة أخر من خيوط مختلفة الالوان, تحتوي % 85وزنا من شعيرات بوليستر العدلة... (تكستورية)",0
54075400000,"أقمشة منسوجة أخر, مطبوعة, تحتوي % 85وزنا من شعيرات البوليستر العدلة البنية (تكستورية)",0
54076100000,"أقمشة منسوجة أخر, تحتوي % 85وزنا من شعيرات البوليستر غير المعدلة البنية (غير تكستورية)",0
54076900000,"أقمشة منسوجة أخر, تحتوي <= % 85وزنا من شعيرات بوليسترات أخر, (غ.م.ك)",0
54077100000,"أقمشة منسوجة أخر, مقصورة أو غير مقصورة, تحتوي % 85وزنا او اكثر من الشعيرات التركيبية",0
54077200000,"أقمشة منسوجة أخر, مصبوغة, تحتوي % 85وزنا او اكثر من الشعيرات التركيبية",0
54077300000,"أقمشة منسوجة أخر من خيوط مختلفة الالوان, تحتوي % 85وزنا او اكثر من الشعيرات التركيبية",0
54077400000,"أقمشة منسوجة أخر, مطبوعة تحتوي % 85وزنا او اكثر من الشعيرات التركيبية",0
54078100000,"أقمشة منسوجة أخر, مقصورة أو غير مقصورة تحتوي % 85وزنا او .. شعيرات التركيبية, مخلوطة.. حصر بالقطن",0
54078200000,"أقمشة منسوجة أخر, مصبوغة تحتوي % 85وزنا او .. الشعيرات التركيبية مخلوطة.. او حصر بالقطن",0
54078300000,"أقمشة منسوجة أخر من خيوط مختلفة الالو, تحتوي % 85وزنا او .. شعيرات تركيبية مخلوطة.. حصر بالقطن",0
54078400000,"أقمشة منسوجة أخر, مطبوعة, تحتوي % 85وزنا او .. شعيرات التركيبية, مخلوطة.. او حصر بالقطن",0
54079100000,"أقمشة منسوجة أخر, تحتوي < 85% وزنا من شعيرات تركيبية .... مقصورة أو غير مقصورة . (غ.م.ك)",0
54079200000,"أقمشة منسوجة أخر, من شعيرات تركيبية .. , مصبوغة (غ.م.ك)",0
54079300000,"أقمشة منسوجة أخر, من شعيرات تركيبية .... من خيوط مختلفة الألوان (غ. م.ك)",0
54079400000,"أقمشة منسوجة أخر, من شعيرات تركيبية ..... مطبوعة, (غ.م.ك)",0
54081000000,"أقمشة منسوجة ... متحصل عليها من خيوط عالية المتانة, من حرير الفسكوز",0
54082100000,"أقمشة منسوجة أخر ... مقصورة أو غير مقصورة تحتوي % 85وزنا من شعيرات ... مماثلة, اصطناعية",0
54082200000,"أقمشة منسوجة أخر ... مصبوغة, تحتوي = 85% وزنا من شعيرات ... مماثلة . اصطناعية",0
54082300000,"أقمشة منسوجة أخر... من خيوط مختلفة الالوان, تحتوي % 85وزنا من شعيرات... مماثلة . اصطناعية",0
54082400000,"أقمشة منسوجة أخر ... مطبوعة, تحتوي % 85وزنا من شعيرات... مماثلة, اصطناعية",0
54083100000,"أقمشة منسوجة أخر, من شعيرات اصطناعية .... مقصورة أو غير مقصورة). (غ.م.ك)",0
54083200000,"أقمشة منسوجة أخرى من شعيرات اصطناعية ..... مصبوغة, (غ.م.ك)",0
54083300000,"أقمشة منسوجة أخر من شعيرات اصطناعية ..... من خيوط مختلفة الالوان, (غ.م.ك)",0
54083400000,"أقمشة منسوجة أخر من شعيرات اصطناعية ..... مطبوعة, (غ.م.ك)",0
55011100000,خصل من شعيرات تركيبية ( أراميدات),0
55011900000,خصل من شعيرات تركيبية ( عدا الاراميدات),0
55012000000,خصل من شعيرات تركيبية من بوليسترات,0
55013000000,خصل من شعيرات تركيبية أكريليك أو مواد أكريليك,0
55014000000,خصل من شعيرات تركيبية من بولي بروبلين,0
55018000000,test,0
55019000000,خصل من شعيرات تركيبية أخر (غ.م.ك),0
55020000000,خصل من شعيرات صناعية,0
55021000000,من إسيتات سيليلوز,0
55029000000,خصل من شعيرات إصطناعية,0
55031100000,"ألياف تركيبية غير مستمرة, غير مندوفة ولا ممشطة ولا محضرة.. للغزل من أراميدات",0
55031900000,"ألياف تركيبية غير مستمرة, غير مندوفة ولا ممشطة ولا محضرة. للغزل من نايلون أو بولد أميدات (غ. م.ك)",0
55032000000,"ألياف تركيبية غير مستمرة, غير مندوفة ولا ممشطة ولا محضرة بطريقة أخرى للغزل من بوليسترات",0
55033000000,"ألياف تركيبية غير مستمرة, غير مندوفة ولا ممشطة ولا محضرة .. للغزل من أكريليك أو من مواد أكريليك",0
55034000000,"ألياف تركيبية غير مستمرة, غير مندوفة ولا ممشطة ولا محضرة بطريقة أخرى للغزل من بولي بروبلين",0
55039000000,"ألياف تركيبية غير مستمرة, غير مندوفة ولا ممشطة ولا محضرة بطريقة أخرى للغزل (غ. م.ك)",0
55041000000,"ألياف صناعية غير مستمرة, غير مندوفة ولا ممشطة ولا محضرة بطريقة أخرى للغزل من حرير الفسكوز",0
55049000000,"ألياف صناعية غير مستمرة, غير مندوفة ولا ممشطة ولا محضرة بطريقة أخرى للغزل, (غ.م.ك)",0
55051000000,فضلات من ألياف نسجية تركيبية,5
55052000000,فضلات من ألياف نسجية صناعية,5
55061000000,ألياف تركيبية غير مستمرة مندوفة أو ممشطة أو محضرة .. للغزل من نايلون أو غيره من البولي أميدات,0
55062000000,ألياف تركيبية غير مستمرة مندوفة أو ممشطة أو محضرة بطريقة أخرى للغزل من بولي إستر,0
55063000000,ألياف تركيبية غير مستمرة مندوفة أو ممشطة أو محضرة بطريقة أخرى للغزل من أكريليك أو مواد أكريليك,0
55064000000,من بولي بروبلين,5
55069000000,ألياف تركيبية غير مستمرة مندوفة أو ممشطة أو محضرة بطريقة أخرى للغزل (غ.م.ك),5
55070000000,ألياف صناعية غير مستمرة مندوفة أو ممشطة أو محضرة بطريقة أخرى للغزل,0
55081010000,خيوط للخياطة من ألياف تركيبية غير مستمرة (م.ل.ت),5
55081090000,خيوط للخياطة من ألياف تركيبية غير مستمرة (غ. م.ك),0
55082010000,خيوط للخياطة من ألياف صناعية غير مستمرة (م.ل.ت),5
55082090000,خيوط للخياطة من ألياف صناعية غير مستمرة (غ.م.ك),0
55091100000,"خيوط, عد اللخياطة بها > 85% وزنا ألياف غير مستمرة من نايلون أوبولي أميدات أخر مفردة (غ. م.ل)",0
55091200000,"خيوط, عد اللخياطة بها > = 85% وزنا ألياف غير مستمرة, من نايلون أو ... مزوية أو متعددة الزوي, (غ. م.ل",0
55092100000,"خيوط, عد اللخياطة بها - % 85وزنا ألياف غير مستمرة من بوليسترات مفردة (غ. م.ل)",0
55092200000,"خيوط, عد اللخياطة بها - 85% وزنا ألياف غير مستمرة من بوليسترات مزوية أو متعددة الزوي (غ. م.ل)",0
55093100000,"خيوط, عد اللخياطة بها > - % 85وزنا ألياف غير مستمرة من أكريليك أومود أكريليك, مفردة, (غ. م.ل)",0
55093200000,"خيوط, عد اللخياطة بها > - 85% وزنا ألياف غير مستمرة من أكريليك أو ... مزوية أو متعددة الزوي (غ. م.ل",0
55094100000,"خيوط, عد اللخياطة بها - % 85وزنا ألياف غير مستمرة, تركيبية (غ. م.ك) مفردة (غ. م.ل)",0
55094200000,"خيوط, عد اللخياطة بها - 85% وزنا ألياف غير مستمرة, تركيبية (غ. م.ك), مزوية أو متعددة الزوي (غ. م.ل",0
55095100000,"خيوط, عد اللخياطة من ألياف بوليسترات غير مستمرة مخلوطة بصورة رئيسة أو .. بألياف صناعية (غ. م.ل",0
55095200000,"خيوط, عد اللخياطة من ألياف بوليسترات غير مستمرة مخلوطة بصورة رئيسة أو .. بصوف أو وبرناعم. غ.م.ل",0
55095300000,"خيوط, عد اللخياطة من ألياف بوليسترات غير مستمرة مخلوطة بصورة رئيسية أو حصرية بقطن, (غ.م.ل)",0
55095900000,"خيوط, عد اللخياطة من ألياف بوليسترات غير مستمرة (غ. م.ك) (غ. م.ل)",0
55096100000,"خيوط, عد اللخياطة من ألياف أكريليك .. غير مستمرة مخلوطة بصورة رئيسة أو .. بصوف أو وبرناعم, (غ.م.ل)",0
55096200000,"خيوط, عد اللخياطة, من ألياف أكريليك .. غير مستمرة مخلوطة بصورة رئيسية أو حصرية بقطن (غ. م.ل)",0
55096900000,"خيوط, عدا اللخياطة من ألياف أكريليك .. غير مستمرة (غ. م.ك), (غ. م.ل)",0
55099100000,"خيوط عد اللخياطة, من ألياف تركيبية غير مستمرة, مخلوطة بصورة رئيسية بصوف أو وبر ناعم (غ. م.ل)",0
55099200000,"خيوط, عد اللخياطة من ألياف تركيبية غير مستمرة مخلوطة بصورة رئيسية أو حصرية بقطن, (غ. م.ل)",0
55099900000,"خيوط, عد اللخياطة من ألياف تركيبية غير مستمرة (غ. م.ك), (غ. م.ل)",0
55101100000,"خيوط, عد اللخياطة بها > = 85% وزنا ألياف غير مستمرة صناعية مفردة (غ. م.ل)",0
55101200000,"خيوط, عد اللخياطة بها > 85% وزنا ألياف غير مستمرة صناعية مزوية أو متعددة الزوي, (غ.م.ل)",0
55102000000,خيوط أخر عد اللخياطة من ألياف صناعية غير مستمرة مخلوطة بصورة رئيسة أو حصرية بصوف أو و برناعم (غ. م.ل,0
55103000000,"خيوط أخر, عد اللخياطة, من ألياف صناعية غير مستمرة مخلوطة بصورة رئيسية أو حصرية بقطن, (غ. م.ل)",0
55109000000,"خيوط أخر, عد اللخياطة من ألياف صناعية غير مستمرة (غ. م.ك). (غ. م.ل)",0
55111000000,"خيوط, عد اللخياطة بها > = % 85وزنا ألياف غير مستمرة تركيبية, (م. ل. ت)",5
55112000000,"خيوط, عد اللخياطة بها % 85وزنا ألياف غير مستمرة تركيبية, (م. ل. ت)",5
55113000000,"خيوط, عدا للخياطة من ألياف غير مستمرة صناعية, (م. ل.ت)",5
55121100000,"أقمشة منسوجة بها % 85وزنا من ألياف غير مستمرة من بوليسترات, مقصورة أو غير مقصورة",0
55121900000,"أقمشة منسوجة بها 85% وزنا من ألياف غير مستمرة من بوليسترات, (غ.م.ك)",0
55122100000,"أقمشة منسوجة بها 85% وزنا من ألياف غير مستمرة من أكريليك أو مواد أكريليك, غير مقصورة او مقصورة",0
55122900000,"أقمشة منسوجة بها % 85وزنا من ألياف غير مستمرة من أكريليك أو مواد أكريليك, (غ.م.ك)",0
55129100000,"أقمشة منسوجة بها - % 85وزنا من ألياف تركيبية غير مستمرة أخر, مقصورة أو غير مقصورة. (غ.م.ك)",0
55129900000,"أقمشة منسوجة بها 85% وزنا من ألياف غير مستمرة من ألياف تركيبية, (غ.م.ك)",0
55131100000,أقمشة منسوجة سادة بها % 85ألياف بوليستر غير مستمرة ... بوزن 170 غم / م 2 مقصورة او غير مقصورة,0
55131200000,"أقمشة منسوجة تويل ( سيرجيه) .. بها % 85ألياف بوليستر .. بقطن, بوزن 170 غم/م2 مقصورة أو غير مقصورة",0
55131300000,"أقمشة منسوجة أخر بها % 85ألياف غير .. بوليستر .. بقطن, بوزن 170 غم/م2 مقصورة أو غير مقصورة (غ. م.ك)",0
55131900000,"أقمشة منسوجة أخر بها % 85ألياف تركيبية أخر .. بقطن, وزن 170 غم / م 2 مقصورة أو غير مقصورة (غ.م.ك)",0
55132100000,"أقمشة منسوجة سادة بها % 85ألياف غير مستمرة من بوليستر .. بقطن, بوزن 170 غم م, 2مصبوغة,",0
55132300000,"أقمشة منسوجة أخر بها % 85ألياف غير .. بوليستر .. بقطن, بوزن 170 غم م 2, مصبوغة (غ. م.ك)",0
55132900000,"أقمشة منسوجة أخر, بها <85 ألياف تركيبية أخر .. بقطن, وزن = 170 غم م 2, مصبوغة . (غ.م.ك)",0
55133100000,أقمشة منسوجة سادة بها % 85ألياف بوليستر غير مستمرة ... بوزن 170 غم م 2 من خيوط مختلفة الالوان,0
55133900000,"أقمشة منسوجة أخر بها 85% ألياف تركيبية أخر .. بقطن, وزن 170 غم / م2 من خيوط مختلفة الالوان (غ.م.ك)",0
55134100000,"أقمشة منسوجة سادة بها 85 ألياف غير مستمرة من بوليستر . . بقطن, بوزن 170 غم م , 2مطبوعة,",0
55134900000,"أقمشة منسوجة أخر, بها % 85ألياف تركيبية أخر .. بقطن, وزن = 170 غم م 2, مطبوعة (غ. م.ك)",0
55141100000,أقمشة منسوجة سادة بها % 85ألياف بوليستر غير مستمرة ... بوزن 170 غم م 2 مقصورة او غير مقصورة,0
55141200000,"أقمشة منسوجة تويل ( سيرجيه) . . بها 85% ألياف بوليستر .. بقطن, بوزن - 170 غم/م2 مقصورة أو غير مقصورة",0
55141900000,"أقمشة منسوجة أخر بها <% 85ألياف تركيبية أخر .. بقطن, وزن - 170 غم م 2 مقصورة أو غير مقصورة (غ.م.ك)",0
55142100000,"أقمشة منسوجة سادة بها % 85ألياف غير مستمرة من بوليستر .. بقطن, بوزن - 170 غم م , 2مصبوغة,",0
55142200000,"أقمشة منسوجة مبرد بها % 85ألياف غير .. بوليستر بنسج تويل.. بقطن (غ. م.ك) بوزن 170 غم م , مصبوغة2,",0
55142300000,"أقمشة منسوجة أخر بها 85% ألياف غير .. بوليستر .. بقطن, بوزن - 170 غم /م2, مصبوغة (غ.م.ك)",0
55142900000,"أقمشة منسوجة أخر, بها % 85ألياف تركيبية أخر .. بقطن, وزن - 170 غم م 2, مصبوغة (غ. م.ك)",0
55143000000,"أقمشة منسوجة أخر, بها <85% ألياف تركيبية أخر .. بقطن, وزن 170 غم / م2 من خيوط مختلفة الالوان",0
55144100000,"أقمشة منسوجة سادة بها % 85ألياف غير مستمرة من بوليستر .. بقطن, بوزن - 170 غم م, 2مطبوعة,",0
55144200000,"أقمشة منسوجة, تويل ( سيرجيه) .. بها % 85ألياف غير .. بوليستر .. بقطن بوزن - 170 غم/م2 مطبوعة",0
55144300000,"أقمشة منسوجة أخر بها % 85ألياف غير .. بوليستر .. بقطن, بوزن - 170 غم /م2, مطبوعة (غ.م.ك)",0
55144900000,"أقمشة منسوجة أخر, بها % 85ألياف تركيبية أخر .. بقطن, وزن - 170 غم / م 2, مطبوعة (غ.م.ك)",0
55151100000,"أقمشة منسوجة أخر من ألياف غير مستمرة من بوليستر, مخلوطة .. ألياف حرير فسكوز غير مستمرة",0
55151200000,أقمشة منسوجة أخر من ألياف غير مستمرة من بوليستر مخلوطة.. بشعيرات تركيبية أو اصطناعية,0
55151300000,أقمشة منسوجة أخر من ألياف بوليستر غير مستمرة مخلوطة بصورة رئيسية أو حصرية بصوف أو وبر ناعم,0
55151900000,"أقمشة منسوجة أخر من ألياف غير مستمرة من بوليستر, (غ.م.ك)",0
55152100000,أقمشة منسوجة أخر من ألياف غير مستمرة من أكريليك ... مخلوطة .. رئيسية أو .. شعيرات تركيبية أو اصطناعية,0
55152200000,أقمشة منسوجة أخر من ألياف غير مستمرة من أكريليك مخلوطة بصورة رئيسية او حصرية بصوف أو وبر ناعم,0
55152900000,أقمشة منسوجة أخر من ألياف تركيبية غير مستمرة من أكريليك او مواد اكريليك غير مستمرة,0
55159100000,أقمشة منسوجة من ألياف غير مستمرة تركيبية أخر مخلوطة.. بشعيرات تركيبية أو اصطناعية (غ. م.ك),0
55159900000,"أقمشة منسوجة أخر من ألياف غير مستمرة تركيبية, (غ. م.ك)",0
55161100000,"أقمشة منسوجة, تحتوى - % 85وزنا من ألياف اصطناعية غير مستمرة, مقصورة أو غير مقصورة",0
55161200000,"أقمشة منسوجة, تحتوى <= % 85وزنا من ألياف اصطناعية غير مستمرة, مصبوغة",0
55161300000,"أقمشة منسوجة, تحتوى - % 85وزنا من ألياف اصطناعية غير مستمرة, من خيوط مختلفة الالوان",0
55161400000,"أقمشة منسوجة, تحتوى - % 85وزنا من ألياف اصطناعية غير مستمرة, مطبوعة",0
55162100000,"أقمشة منسوجة, تحتوى % 85وزنا من ألياف اصطناعية ... مخلوطة .. أو اصطناعية . مقصورة أو غير مقصورة",0
55162200000,"أقمشة منسوجة تحتوى % 85وزنا من ألياف اصطناعية ..... مخلوطة .... او اصطناعية, مصبوغة",0
55162300000,أقمشة منسوجة تحتوى % 85وزنا من ألياف اصطناعية ... مخلوطة .. أو اصطناعية من خيوط مختلفة الالوان,0
55162400000,"أقمشة منسوجة تحتوى % 85وزنا من ألياف اصطناعية ..... مخلوطة ..... او اصطناعية, مطبوعة",0
55163100000,"أقمشة منسوجة, تحتوى % 85وزنا من ألياف اصطناعية ... مخلوطة .. بصوف او و برناعم مقصورة أو غير مقصورة",0
55163200000,"أقمشة منسوجة, تحتوى % 85وزنا من ألياف اصطناعية ... مخلوطة .. بصوف او وبرناعم, مصبوغة",0
55163300000,"أقمشة منسوجة, تحوى % 85وزنا من ألياف اصطناعية.. مخلوطة .. بصوف او و برناعم من خيوط مختلفة الالوان",0
55163400000,"أقمشة منسوجة, تحتوى % 85وزنا من ألياف اصطناعية... مخلوطة .. بصوف او وبر ناعم, مطبوعة",0
55164100000,"أقمشة منسوجة, تحتوى % 85وزنا من ألياف اصطناعية ... مخلوطة بصورة.. بقطن مقصورة أو غير مقصورة",0
55164200000,"أقمشة منسوجة, تحتوى < 85% وزنا من ألياف اصطناعية ... مخلوطة بصورة.. بقطن, مصبوغة",0
55164300000,أقمشة منسوجة تحتوى % 85وزنا من ألياف اصطناعية ... مخلوطة بصورة.. بقطن من خيوط مختلفة الالوان,0
55164400000,"أقمشة منسوجة, تحتوى - 85% وزنا من ألياف اصطناعية... مخلوطة بصورة.. بقطن, مطبوعة",0
55169100000,"أقمشة منسوجة أخر, من ألياف غير مستمرة اصطناعية, مقصورة أو غير مقصورة (غ. م.ك)",0
55169200000,"أقمشة منسوجة أخر, من ألياف غير مستمرة اصطناعية, مصبوغة, (غ.م.ك)",0
55169300000,"أقمشة منسوجة أخر, من ألياف غير مستمرة اصطناعية, من خيوط مختلفة الالوان, (ع.م.ك)",0
55169400000,"أقمشة منسوجة أخر, من ألياف غير مستمرة اصطناعية, مطبوعة, (غ.م.ك)",0
56012100000,حشو وأصناف أخر من حشو من قطن,0
56012200000,حشو وأصناف أخر من حشو من ألياف تركيبية أو صناعية,0
56012900000,حشو وأصناف أخر من حشو من مواد نسجية (غ. م.ك),0
56013000000,زغب ألياف نسجية ( بطول 5 مم) و غبار نسجي وعقد من مواد نسجية,0
56021000000,"لباد إبرة ومنتجات التجميع - بالغرز"""" للألياف",0
56022100000,لباد أخر غير مشرب ولا مطلي ولا مكسو ولا منضد من صوف أو من وبر ناعم,0
56022900000,لباد أخر غير مشرب ولا مطلى ولا مكسو ولا منضد من مواد نسجية أخر,0
56029000000,لباد آخر (غ.م.ك),0
56031100000,أقمشة غير منسوجة من شعيرات تركيبية أو صناعية بوزن 25 غم م 2,5
56031200000,"أقمشة غير منسوجة من شعيرات تركيبية أو صناعية $2p/p\dot{t}70>,2p/p\dot{t}25<\dot{\omega}js:$",5
56031300000,"أقمشة غير منسوجة من شعيرات تركيبية أو صناعية, بوزن 70 غم م و 150 2 غم م 2",0
56031400000,أقمشة غير منسوجة من شعيرات تركيبية أو صناعية بوزن 150 غم م 2,0
56039100000,أقمشة غير منسوجة (غ. م.ك) بوزن 25 غم م 2,0
56039200000,أقمشة غير منسوجة (غ. م.ك) بوزن 25 غم م 2 و 70 غم م 2,0
56039300000,أقمشة غير منسوجة (غ. م.ك) بوزن 70 و 150 غم/م2,0
56039400000,أقمشة غير منسوجة (غ. م.ك) بوزن 150 غم م 2,0
56041000000,"خيوط وحبال من مطاط ، مغطاة بمواد نسجية",0
56049020000,خيوط نسجية وصفيحات وأشكال مماثلة من أصناف البندين (5404-5405) مشربة .. الخ (غ. م.ل),0
56049090000,خيوط نسجية وصفيحات وأشكال مماثلة من أصناف البندين () 5404-5405مشربة .. الخ (غ. م.ك),5
56050000000,خيوط نسجية ممعدنة وان كانت بريما من خيوط نسجية أو صفيحات .. أو ما شابة من أصناف (5405 .. )5404الخ(,0
56060000000,"خيوط بريم ، وبريم من صفيحات وأشكال مماثلة مما يدخل في البند 54.04 أو البند 54.05 ، عدا أصناف",البند 56.05 وعدا خيوط بريم شعر الخيل ....
56072100000,"خيوط ربط أو حزم, من سيزال أو من ألياف نسجية أخر من نوع أجاف, وإن كانت مشربة أو .. الخ",5
56072900000,"حبال وأمراس من سيزال أو ألياف نسجية أخر من نوع أجاف, وإن كانت مشربة أو .. الخ",5
56074100000,"خيوط ربط أو حزم من بولي إثيلين أوبولي بروبلين, وإن كانت مشربة أو ...",5
56074900000,"حبال وأمراس, من بولي إيثيلين أو بولي بروبلين, وإن كانت مشربة أو ...",5
56075000000,"خيوط حزم وحبال وأمراس, من ألياف تركيبية أخر, (غ.م.ك)",5
56079000000,خيوط حزم وحبال وأمراس أخر (غ.م.ك),0
56081100100,شباك جاهزة لصيد الأسماك من مواد نسجية صناعية أو تركيبية ذات ثقب أقل من 20 مم (عقرب البحر),0
56081100900,شباك جاهزة لصيد الأسماك من مواد نسجية صناعية أو تركيبية,0
56081900000,"شباك بعيون معقودة من خيوط حزم أو .. حبال, وشباك (غ. م.ك) من مواد نسجية صناعية أو تركيبية",5
56089000000,شباك بعيون معقودة من خيوط حزم أو .. حبال وشباك جاهزة لصيد الأسماك.. إلخ من مواد نسجية أخر (غ.م.ك,5
56090000000,"أصناف مصنوعة من خيوط او صفيحات أو أشكال مماثلة، داخلة في البند 54.04 أو البند 54.05 أو من خيوط حزم أو أمرأس أو حبال، غير مذكورة ولا داخ",0
57011000000,سجاد وأغطية أرضيات أخر من صوف أو من وبر ناعم ذات خمل معقود,15
57019000000,سجاد وأغطية أرضيات أخر من مواد نسجية (غ. م.ك). ذات خمل معقود,15
57021000000,كليم أو شوماك أو كرماني وبسط مماثلة يدوية الحياكة من مواد نسجية غير ما هو بعفارات.. مغروزة,15
57022000000,"أغطية أرضيات منسوجة من ألياف جوز الهند, غير ما هو بعفارات أو بألياف مغروزة",15
57023100000,"سجاد وأغطية أرضيات أخر منسوجة مخملية غير جاهزة من صوف أو من وبرناعم, غير ما هو بعفارات.. مغروزة",15
57023200000,"سجاد وأغطية أرضيات أخر منسوجة مخملية غير جاهزة, من مواد نسجية تركيبية أو صناعية غير ما هو .. مغروزة",15
57023900000,"سجادو أغطية أرضيات أخر منسوجة مخملية غير جاهزة من مواد نسجية أخر (غ. م.ك), غير ما هو بعقارات.. مغروز",15
57024100000,"سجاد وأغطية أرضيات أخر منسوجة مخملية جاهزة من صوف أو من وبرناعم, غير ماهو بعفارات.. مغروز",15
57024200000,سجاد وأغطية أرضيات أخر منسوجة مخملية جاهزة من مواد نسجية تركيبية أو صناعية غير ما هو .. مغروز,15
57024900000,"سجاد وأغطية أرضيات أخر منسوجة مخملية جاهزة من مواد نسجية أخر (غ. م.ك), غير ما هو بعفارات.. مغروزة",15
57025000000,سجاد وأغطية أرضيات أخر منسوجة غير مخملية غير جاهزة من مواد نسجية غير ما هو .. مغروزة,15
57029100000,"سجاد و أغطية أرضيات أخر منسوجة غير مخملية جاهزة من صوف أو من وبرناعم, غير ما هو بعفارات.. مغروز",15
57029200000,سجاد و أغطية أرضيات أخر منسوجة غير مخملية جاهزة من مواد نسجية تركيبية أو صناعية غير ما هو .. مغروز,15
57029900000,"سجاد و أغطية أرضيات أخر منسوجة غير مخملية جاهزة من مواد نسجية (غ. م.ك), غير ما هو بعفارات.. مغروزة",15
57031000000,سجاد واغطية أرضيات أخر ذات عفارات من صوف أو من وبر ناعم,15
57032100000,"سجاد وأغطية أرضيات عشبي (نجيل) ، من نايلون أو من بولي أميدات أخر",15
57032900000,"غيرها من سجاد وأغطية أرضيات أخر، من نايلون أو من بولي أميدات أخر (عدا النجيل الصناعيه",15
57033100000,"سجاد وأغطية أرضيات أخر، عشبي (نجيل) ، من مواد نسجية تركيبية أو صناعية آخر",15
57033900000,"غيرها من سجاد وأغطية أرضيات أخر، من مواد نسجية تركيبية أو صناعية أخر (عدا العشبي (النجيل) (",15
57039000000,"سجاد وأغطية أرضيات أخر, ذات عفارات من مواد نسجية (غ.م.ك)",15
57041000000,"سجاد وأغطية أرضيات أخر من لباد, مربعات مساحة سطحها 20.3 غير ما هو بعفارات أو بألياف مغروزة",15
57042000000,مربعات تتجاوز مساحة سطحها 0.3م2 ولكن لا تزيد عن 1م2,15
57049000000,"سجاد و أغطية أرضيات أخر, من لباد غير ما هو بعقارات أو بألياف مغروزة, (غ.م.ك)",15
57050000000,سجاد وأغطية أرضيات أخر من مواد نسجية (غ. م.ك),15
58011000000,أقمشة منسوجة ذات خمل قصيرة قطيفة) أو طويلة ( بلوش) ونسج من خيوط قطيفية (شينيل) من صوف أو وبرناع,0
58012100000,أقمشة منسوجة ذات خمل من اللحمة غير مقصوصة من قطن,0
58012200000,"أقمشة منسوجة ذات خمل من اللحمة, مقصوصة مضلعة (كوردروي) من قطن",0
58012300000,أقمشة منسوجة ذات خمل من اللحمة (غ. م.ك) من قطن,0
58012600000,أقمشة منسوجة من خيوط قطيفية (شينيل) من قطن,0
58012700000,"أقمشة منسوجة ذات خمل من السدى, من قطن",0
58013100000,أقمشة منسوجة ذات خمل من اللحمة غير مقصوصة من ألياف تركيبية أو صناعية,0
58013200000,أقمشة منسوجة ذات خمل من اللحمة غير مقصوصة من ألياف تركيبية أو صناعية,0
58013300000,أقمشة منسوجة ذات خمل من اللحمة (غ. م.ك) من ألياف تركيبية أو صناعية,0
58013600000,أقمشة منسوجة من خيوط قطيفية (شينيل) من ألياف تركيبية أو صناعية,0
58013700000,"أقمشة منسوجة ذات خمل من السدى, من ألياف تركيبية أو صناعية",0
58019000000,"أقمشة منسوجة ذات خمل قصيرة ( قطيفة) أو طويلة ( بلوش) ونسج من خيوط قطيفية من مواد نسجية أخر, )(غ.م.ك",0
58021000000,"أقمشة منسوجة مزردة من النوع الاسفنجي نسج المناشف وما يماثلها """"تيري"""")، من قطن",5
58021100000,"أقمشة منسوجة مزردة من النوع الأسفنجي, غير مقصورة من قطن, عدا الأصناف الداخلة في البند 5806",5
58021900000,"أقمشة منسوجة مزردة من النوع الأسفنجي (غ. م.ك) من قطن, عدا الأصناف الداخلة في البند 5806",5
58022000000,"أقمشة منسوجة مزردة من النوع الأسفنجي من مواد نسجية أخر, عدا الأصناف الداخلة في البند 5806",5
58023000000,أقمشة ذات عفارات من مواد نسجية عدا المنتجات الداخلة في البند 5703,5
58030000000,"نسج بعقدة غزية، عدا الأصناف الداخلة في البند 58.06",0
58041000000,"تول وتول بوبينو وأقمشة شبكية أخر, عدا الأقمشة المنسوجة أو المصنرة أو الكروشيه",5
58042100000,"مسننات آلية الصنع, من ألياف تركيبية أو صناعية أثواب أو .. زخارف, عدا أصناف البنود 6002 ولغاية 6006",5
58042900000,"مسننات آلية الصنع من مواد نسجية أخر (غ. م.ك) أثواب أو .. زخارف, عدا أصناف البنود 6002 ولغاية 6006",5
58043000000,"مسننات يدوية الصنع من مواد نسجية أثواب أو أشرطة أو زخارف, عدا أصناف البنود 6002 ولغاية 6006",5
58050000000,ديابيج يدوية النسج من أنواع جوبلان أو فلاندر أو أوبيسون وما يماثلها وديابيج مشغولة بالأبرة,5
58061000000,شرائط من أقمشة منسوجة ذات خمل قطيفة أو بلوش أو مزردة (إسفنجية) أو من خيوط قطيفية (شينيل),0
58062000000,شرائط منسوجة أخر تحتوى 5% وزنا من خيوط قابلة للمط أو من خيوط مطاط,0
58063100000,شرائط منسوجة أخر (غ. م.ك) من قطن,0
58063200000,شرائط منسوجة أخر. (غ. م.ك) من ألياف تركيبية أو صناعية,0
58063900000,"شرائط منسوجة أخر, (غ. م.ك) من مواد نسجية أخر",0
58064000000,شرائط سداء دون لحمة من خيوط أو ألياف متوازية مجمعة بواسطة لاصق,0
58071000000,منسوجة,0
58079000000,"رقاع وشارات وأصناف مماثلة من مواد نسجية أثواب أو أشرطة أو .. معينة غير مطرزة, عدا المنسوجة (غ. م.ك)",0
58081000000,ضفائر أثوابا,5
58089010000,شراشيب سجاد,0
58089090000,"عقادة وأصناف زينة مماثلة أثواب بدون تطريز, عدا المصنرة أو الكروشية : طرزو شراريب وأصناف.. (غ. م.ك)",5
58090000000,أقمشة منسوجة من خيوط معدنية أو ممعدنة للألبسة أو المفروشات أو لإستعمالات مماثلة (غ.م.ك),0
58101000000,مطرزات بدون أرضية ظاهرة كيماوية أو هوائية أو مقصوصة الأرضية),5
58109100000,مطرزات أخر (غ. م.ك) من قطن,5
58109200000,مطرزات أخر (غ.م.ك) من ألياف تركيبية أو صناعية,5
58109900000,مطرزات أخر. (غ. م.ك) من مواد نسجية أخر (غ. م.ك),5
58110000000,"منتجات نسجية ذات حشو ، اثوابا ، تتكون من طبقة أو أكثر من مواد نسجية مضمومة إلى حشو بالغرز او بطريقة أخرى ، عدا المطرزات الداخلة في ....",0
58491400000,غير مصنفة وغير محتوية على رصاص أو كادميوم أو زئبق,58
59011000000,نسج مطلية بصمغ أو بغراء أو بمواد نشوية للتغليف الخارجي للكتب وما شابهها,0
59019000000,نسج للإستشفاف وللرسم و بكرام وغيرها من نسج مقساة لصناعة القبعات (غ. م.ك),0
59021000000,"نسج للإطارات الخارجية من خيوط شديدة التماسك, من نايلون أو من بولي أميدات أخر",0
59022000000,"نسج للإطارات الخارجية من خيوط شديدة التماسك, من بوليسترات",0
59029000000,"نسج للإطارات الخارجية من خيوط شديدة التماسك, من حرير فسكوز",0
59031000000,"نسج مشربة أو مطلية أو مغطاة أو منضدة بكلوريد ( البولي فينيل, عدا الداخلة في البند 5902",0
59032000000,"نسج مشربة أو مطلية أو مغطاة أو منضدة ببيولي يوريثان, عدا الداخلة في البند 5902",0
59039000000,"نسج مشربة أو مطلية أو مغطاة أو منضدة بلدائن, عدا الداخلة في البند 5902 (غ. م.ك)",0
59041000000,مشمع أرضية,5
59049010000,أغطية أرضيات مكونة من طلاء أو غطاء على حامل من لباد إبرة,5
59049020000,أغطية أرضيات مكونة من طلاء أو غطاء على حامل نسجي آخر (غ. م.ك) مستوردة من قبل المصانع كمدخل انتاج,5
59049090000,أغطية أرضيات مكونة من طلاء أو غطاء على حامل نسجي آخر (غ. م.ك),5
59050000000,أغطية جدران من مواد نسجية,5
59061000000,أشرطة لاصقة بعرض 20 سم من نسج ممططة,0
59069100000,"نسج ممططة عدا التابعة للبند (5902 (غ. م.ك), مصنرة أو كروشيه",0
59069900000,نسج ممططة عدا التابعة للبند 5902 (غ.م.ك),0
59070010000,نسجة اخر .. نسج ( الكانفا) المتضمنة رسوما للمشاهد ... المستوردة من قبل المصانع كمدخلات انتاج,0
59070090000,نسج أخر مشربة أو مطلية .. . نسج مرسوم عليها مناظر خلفية للمسارح والمراسم أو لإستعمال مماثل (غ.م.ك),5
59080000000,"فتائل منسوجة أو مضفورة أو مصنرة من مواد نسجية، للمصابيح والمواقد والقداحات والشموع أو ما يماثلها رتائن (أغشية) وهاجة المصابيح الغاز .....",0
59090000100,خراطيم كتانية لانظمة الاطفاء,5
59090000900,خراطيم أنبوبية من مواد نسجية وأنابيب نسجية مماثلة,5
59100000000,"سيور نقل الحركة أو المواد من مواد نسجية, وإن كانت مبطنة أو مقواة بمعدن أو مزودة بلوازم معدنية",0
59111000000,"الأقمشة المنسوجة، واللباد والنسج المبطنة بلباد، المطلية أو المغطاة أو المنضدة بمطاط أو بجلد أو بأية مادة أخرى من الأنواع ....",0
59112000000,"نسج النخل, وإن كانت جاهزة",5
59113100000,"أقمشة منسوجة ولباد, متصلة أو موصولة الأطراف, مزودة بأدوات ربط لآلات صنع الورق... بوزن 650 غم م 2",0
59113200000,"أقمشة منسوجة ولباد, متصلة أو موصولة الأطراف مزودة بأدوات ربط لآلات صنع الورق... بوزن 650 غم / 2م",0
59114010000,نسج التصفية والنسج السميكة المستعملة في معاصر الزيتون,0
59114020000,نسج التصفية والنسج السميكة للأصناف المستخدمة في الحفاظ علي صحة البيئة,0
59114090000,"نسج التصفية والنسج السميكة, (غ. م.ك)",5
59119000000,منتجات وأصناف نسجية لاستعمالات فنية محددة في الملاحظة (8) من هذا الفصل (غ. م.ك),0
60011000000,أقمشة طويلة الخمل مصنرة أو كروشيه,0
60012100000,"أقمشة مزردة ( بوبرة دائرية غير مقصوصة من قطن, مصنرة أو كروشيه",0
60012200000,أقمشة مزردة ( بوبرة دائرية غير مقصوصة من ألياف تركيبية أو صناعية مصنرة أو كروشيه,0
60012900000,أقمشة مزردة بوبرة دائرية غير مقصوصة من مواد نسجية أخر مصنرة أو كروشيه,0
60019100000,"أقمشة ذات خمل (غ. م.ك) من قطن, مصنرة أو كروشيه",0
60019200000,"أقمشة ذات خمل (غ.م.ك), من ألياف تركيبية أو صناعية, مصنرة أو كروشيه",0
60019900000,"أقمشة ذات خمل (غ. م.ك) من مواد نسجية أخر (غ. م.ك), مصنرة أو كروشيه",0
60024000000,أقمشة مصنرة بعرض سم 30 تحتوي % 5وزنا خيوط قابلة للمط . عدا الداخلة في البند 6001,0
60029000000,"أقمشة مصنرة اخر بعرض سم 30 (غ. م.ك), عدا الداخلة في البند 6001",0
60031000000,اقمشة مصنرة بعرض % 30سم من صوف او وبر ناعم عدا الداخلة في البندين 6001 و 6002,0
60032000000,اقمشة مصنرة بعرض 30 سم من قطن عدا الداخلة في البندين و 60026001,0
60033000000,اقمشة مصنرة بعرض 30 سم من الياف تركيبية عدا الداخلة في البندين 6001 و 6002,0
60034000000,اقمشة مصنرة بعرض 30 سم من الياف صناعية عدا الداخلة في البندين 6001 و 6002,0
60039000000,اقمشة مصنرة بعرض 30 سم (م.غ.ك) عدا الداخلة في البندين 6001 و 6002,0
60041000000,أقمشة مصنرة بعرض سم 30 تحتوي % 5وزنا خيوط قابلة للمط. عدا الداخلة في البند 6001,0
60049000000,"أقمشة مصنرة اخر بعرض سم 30 (غ. م.ك), عدا الداخلة في البند 6001",0
60052100000,مصنرات السدى من قطن غير مقصورة او مقصورة عدا الداخلة فيالبنود 6001 ولغاية 6004,0
60052200000,مصنرات السدى من قطن مصبوغة عدا الداخلة فيالبنود 6001 ولغاية 6004,0
60052300000,مصنرات السدى من قطن من خيوط ذات الوان مختلفة عدا الداخلة فيالبنود 6001 ولغاية 6004,0
60052400000,مصنرات السدى من قطن مطبوعة عدا الداخلة في البنود 6001 ولغاية 6004,0
60053100000,مصنرات السدى من الياف تركيبية مقصورة او غير مقصورة عدا الداخلة فيالبنود 6001 ولغاية 6004,0
60053200000,مصنرات السدى من الياف تركيبية مصبوغة عدا الداخلة فيالبنود 6001 ولغاية 6004,0
60053300000,مصنرات السدى من الياف تركيبية من خيوط ذات الوان مختلفة عدا الداخلة فيالبنود 6001 ولغاية 6004,0
60053400000,مصنرات السدى من الياف تركيبية مطبوعة عدا الداخلة فيالبنود 6001 ولغاية 6004,0
60053500000,- الأقمشة المحددة في ملاحظة البند الفرعي 1 لهذا الفصل,0
60053600000,"غيرها، غير مقصورة أو مقصورة",0
60053700000,"غيرها، مصبوغة",0
60053800000,"غيرها، من خيوط ذات ألوان مختلفة",0
60053900000,"غيرها، مطبوعة",0
60054100000,مصنرات السدى من الياف اصطناعية غير مقصورة او مقصورة عدا الداخلة فيالبنود 6001 ولغاية 6004,0
60054200000,مصنرات السدى من الياف اصطناعية مصبوغة عدا الداخلة في البنود 6001 ولغاية 6004,0
60054300000,مصنرات السدى من الياف اصطناعية من خيوطذات الوان مختلفة عدا الداخلة فيالبنود 6001 ولغاية 6004,0
60054400000,"مصنرات السدى من الياف اصطناعية مطبوعة, عدا الداخلة فيالبنود 6001 ولغاية 6004",0
60059000000,مصنرات السدى المصنعة على الات تصنير الاشرطة) (غ. م. ك ) عدا الداخلة في البنود 6001 ولغاية . 6004,0
60061000000,أقمشة مصنرة أو كروشيه أخر من صوف او وبر ناعم (غ.م.ك),0
60062100000,أقمشة مصنرة أو كروشيه أخر من قطن غير مقصورة او مقصورة (غ.م.ك),0
60062200000,"أقمشة مصنرة أو كروشيه أخر من قطن, مصبوغة (غ.م.ك)",0
60062300000,أقمشة مصنرة أو كروشيه أخر من قطن من خيوط ذات الوان مختلفة (ع.م.ك),0
60062400000,"أقمشة مصنرة أو كروشيه أخر من قطن, مطبوعة, (غ. م.ك)",0
60063100000,أقمشة مصنرة أو كروشيه أخر من الياف تركيبية غير مقصورة او مقصورة (غ. م.ك),0
60063200000,"أقمشة مصنرة أو كروشيه أخر من الياف تركيبية, مصبوغة (غ. م.ك)",0
60063300000,أقمشة مصدرة أو كروشيه أخر من الياف تركيبية (غ. م.ك) من خيوط ذات الوان مختلفة,0
60063400000,"أقمشة مصدرة أو كروشيه أخر من الياف تركيبية, مطبوعة (غ. م.ك)",0
60064100000,أقمشة مصنرة أو كروشيه أخر من الياف اصطناعية غير مقصوره او مقصورة (غ. م.ك),0
60064200000,"أقمشة مصنرة أو كروشيه أخر من الياف اصطناعية, مصبوغة (غ. م.ك)",0
60064300000,أقمشة مصدرة أو كروشيه أخر من الياف اصطناعية من خيوط ذات الوان مختلفة (غ. م.ك),0
60064400000,"أقمشة مصدرة أو كروشيه أخر من الياف اصطناعية مطبوعة, (غ.م.ك)",0
60069000000,"أقمشة مصنرة أو كروشيه أخر, (غ.م.ك)",0
61012000000,معاطف وأقبية وعباءات .. مماثلة للرجال أو الصبية من مصنرات او كروشية باسثناء اصناف البند من6103 قطن,5
61013000000,"معاطف وأقبية وعباءات .. مماثلة للرجال أو الصبية من مصنرات أو كروشيه باسثناء اصناف البند , 6103من ألياف تركيبية أو صناعية",5
61019000000,معاطف وأقبية وعباءات.. مماثلة للرجال أو الصبية من مصنرات أو كروشيه باسثناء اصناف البند من6103 مواد نسجية اخر (غ. م.ك),5
61021000000,معاطف وأقبية وعباءات .. مماثلة للنساء أو البنات من مصنرات أو كروشيه باسثناء اصناف البند 6104 من صوف أو وبر ناعم,5
61022000000,معاطف وأقبية و عباءات .. مماثلة للنساء أو البنات من مصنرات أو كروشيه اسثناء اصناف البند 6104 من قطن,5
61023000000,معاطف وأقبية و عباءات. . مماثلة للنساء أو البنات من مصنرات او كروشيه باسثناء اصناف البند من6104 ألياف تركيبية أو صناعية,5
61029000000,معاطف وأقبية وعباءات.. مماثلة مصنرة أو كروشيه للنساء أو البنات من مصنرات أو كروشيه اسثناء اصناف البند 6104 من مواد نسجية أخر. (غ.م.ك),5
61031000000,"بدل, مصنرة أو كروشيه, للرجال أو الصبية",5
61032200000,"أطقم, مصنرة أو كروشيه للرجال أو الصبية من قطن",5
61032300000,"أطقم مصنرة أو كروشيه للرجال أو الصبية, من ألياف تركيبية",5
61032900000,أطقم مصنرة أو كروشيه للرجال أو الصبية من مواد نسجية أخر,5
61033100000,جاكيتات وسترات فضفاضة مصنرة أو كروشيه للرجال أو الصبية من صوف أو وبر ناعم,5
61033200000,جاكيتات وسترات فضفاضة مصنرة أو كروشيه للرجال أو الصبية من قطن,5
61033300000,جاكيتات وسترات فضفاضة مصنرة أو كروشيه للرجال أو الصبية من ألياف تركيبية,5
61033900000,"جاكيتات وسترات فضفاضة, مصنرة أو كروشيه للرجال أو الصبية من مواد نسجية آخر",5
61034100000,بنطلونات من جميع الأنواع مصنرة أو كروشيه للرجال أو الصبية من صوف أو وبر ناعم,5
61034200000,بنطلونات من جميع الأنواع مصنرة أو كروشيه للرجال أو الصبية من قطن,5
61034300000,بنطلونات من جميع الأنواع مصنرة أو كروشيه للرجال أو الصبية من ألياف تركيبية,5
61034900000,بنطلونات من جميع الأنواع مصنرة أو كروشيه للرجال أو الصبية من مواد نسجية أخر,5
61041300000,بدل مصنرة أو كروشيه للنساء أو البنات من ألياف تركيبية,5
61041900000,بدل مصنرة أو كروشيه للنساء أو البنات من مواد نسجية آخر,5
61042200000,أطقم مصنرة أو كروشيه للنساء أو البنات من قطن,5
61042300000,أطقم مصنرة أو كروشيه للنساء أو البنات من ألياف تركيبية,5
61042900000,أطقم مصنرة أو كروشيه للنساء أو البنات من مواد نسجية أخر,5
61043100000,"جاكيتات وسترات فضفاضة, مصنرة أو كروشيه للنساء أو البنات من صوف أو وبر ناعم",5
61043200000,جاكيتات وسترات فضفاضة مصنرة أو كروشيه للنساء أو البنات من قطن,5
61043300000,جاكيتات وسترات فضفاضة مصنرة أو كروشيه للنساء أو البنات من ألياف تركيبية,5
61043900000,جاكيتات وسترات فضفاضة مصنرة أو كروشيه للنساء أو البنات من مواد نسجية آخر,5
61044100000,"فساتين, مصنرة أو كروشيه للنساء أو البنات من صوف أو وبر ناعم",5
61044200000,"فساتين, مصنرة أو كروشيه للنساء أو البنات من قطن",5
61044300000,"فساتين, مصنرة أو كروشيه للنساء أو البنات من ألياف تركيبية",5
61044400000,"فساتين, مصنرة أو كروشيه للنساء أو البنات من ألياف صناعية",5
61044900000,"فساتين, مصنرة أو كروشيه للنساء أو البنات من مواد نسجية آخر",5
61045100000,تنانير وتنانير مفصولة مصنرة أو كروشيه للنساء أو البنات من صوف أو وبر ناعم,5
61045200000,تنانير وتنانير مفصولة مصنرة أو كروشيه للنساء أو البنات من قطن,5
61045300000,"تنانير وتنانير مفصولة, مصنرة أو كروشيه للنساء أو البنات من ألياف تركيبية",5
61045900000,تنانير وتنانير مفصولة مصنرة أو كروشيه للنساء أو البنات من مواد نسجية أخر,5
61046100000,بنطلونات من جميع الأنواع مصنرة أو كروشيه للنساء أو البنات من صوف أو وبر ناعم,5
61046200000,بنطلونات من جميع الأنواع مصنرة أو كروشيه للنساء أو البنات من قطن,5
61046300000,بنطلونات من جميع الأنواع مصنرة أو كروشيه للنساء أو البنات من ألياف تركيبية,5
61046900000,بنطلونات من جميع الأنواع مصنرة أو كروشيه للنساء أو البنات من مواد نسجية أخر,5
61051000000,قمصان للرجال أو الصبية مصنرة أو كروشيه من قطن,5
61052000000,قمصان للرجال أو الصبية مصنرة أو كروشيه من ألياف تركيبية أو صناعية,5
61059000000,"قمصان للرجال أو الصبية, مصنرة أو كروشيه من مواد نسجية أخر",5
61061000000,بلوزات و قمصان و بلوزات بشكل قمصان مصنرة أو كروشيه للنساء أو البنات من قطن,5
61062000000,بلوزات و قمصان و بلوزات بشكل قمصان مصدرة أو كروشيه للنساء أو .. من ألياف تركيبية أو صناعية,5
61069000000,بلوزات و قمصان و بلوزات بشكل قمصان مصنرة أو كروشيه للنساء أو البنات من مواد نسجية أخر,5
61071100000,كلسونات وسراويل داخلية أخر مصنرة أو كروشيه للرجال أو الصبية من قطن,5
61071200000,كلسونات وسراويل داخلية أخر مصنرة أو كروشيه للرجال أو الصبية من ألياف تركيبية أو صناعية,5
61071900000,كلسونات وسراويل داخلية أخر مصنرة أو كروشيه للرجال أو الصبية من مواد نسجية أخر,5
61072100000,قمصان نوم وبيجامات مصنرة أو كروشيه للرجال أو الصبية من قطن,5
61072200000,قمصان نوم وبيجامات مصنرة أو كروشيه للرجال أو الصبية من ألياف تركيبية أو صناعية,5
61072900000,"قمصان نوم وبيجامات, مصنرة أو كروشيه للرجال أو الصبية من مواد نسجية أخر",5
61079100000,برانس حمام وأرواب دي شامبر .. مماثلة مصرة أو كروشيه للرجال أو الصبية من قطن,5
61079900000,"برانس حمام وأرواب دي شامبر .. مماثلة, مصنرة أو كروشيه للرجال أو الصبية من مواد نسجية أخر",5
61081100000,"قمصان داخلية وجوبونات وتنانير داخلية أخر, مصنرة أو كروشيه للنساء .. من ألياف تركيبية أو صناعية",5
61081900000,قمصان داخلية وجوبونات وتنانير داخلية أخر مصنرة أو كروشيه للنساء ... من مواد نسجية أخر,5
61082100000,"سراويل داخلية, مصنرة أو كروشيه للنساء أو البنات, من قطن",5
61082200000,"سراويل داخلية مصنرة أو كروشيه للنساء أو البنات, من ألياف تركيبية أو صناعية",5
61082900000,سراويل داخلية مصنرة أو كروشيه للنساء أو البنات من مواد نسجية أخر,5
61083100000,"قمصان نوم وبيجامات, مصنرة أو كروشيه للنساء أو البنات من قطن",5
61083200000,"قمصان نوم و بيجامات, مصنرة أو كروشيه للنساء أو البنات من ألياف تركيبية أو صناعية",5
61083900000,"قمصان نوم وبيجامات, مصنرة أو كروشيه للنساء أو البنات من مواد نسجية أخر",5
61089100000,"ألبسة منزلية فضفاضة وبرانس حمام وأرواب دي شامبر .. مماثلة, مصنرة أو كروشيه للنساء أو البنات من قط",5
61089200000,ألبسة منزلية فضفاضة وبرانس حمام .. مماثلة مصنرة أو كروشيه للنساء أو ... من ألياف تركيبية أو صناعية,5
61089900000,ألبسة منزلية فضفاضة وبرانس حمام .. مماثلة مصرة أو كروشيه للنساء أو البنات من مواد نسجية (غ. م.ك),5
61091000000,"قمصان وقمصان داخلية وصدرات أخر, مصنرة أو كروشيه من قطن",5
61099000000,قمصان و قمصان داخلية وصدرات أخر مصنرة أو كروشيه من مواد نسجية (غ. م.ك),5
61101100000,بلوزات و كنزات منوعة وأصناف مماثلة مصنرة أو كروشيه من صوف,5
61101200000,بلوزات و كنزات منوعة وأصناف مماثلة مصرة أو كروشيه من ماعز كشمير,5
61101900000,بلوزات و كنزات منوعة وأصناف مماثلة مصنرة أو كروشيه من صوف أو وبر ناعم (غ.م.ك),5
61102000000,بلوزات و كنزات منوعة وأصناف مماثلة مصنرة أو كروشيه من قطن,5
61103000000,بلوزات و كنزات منوعة وأصناف مماثلة مصنرة أو كروشيه من ألياف نسجية تركيبية أو صناعية,5
61109000000,بلوزات و كنزات منوعة وأصناف مماثلة مصنرة أو كروشيه من مواد نسجية آخر,5
61112000000,ألبسة وتوابع ألبسة الصغار الأطفال مصنرة أو كروشيه من قطن,5
61113000000,ألبسة وتوابع البسة الصغار الأطفال مصنرة أو كروشيه من ألياف تركيبية,5
61119000000,ألبسة وتوابع ألبسة الصغار الأطفال مصنرة أو كروشيه من مواد نسجية أخر. (غ.م.ك),5
61121100000,أردية (أطقم للرياضة مصنرة أو من قطن,5
61121200000,"أردية (أطقم) للرياضة, مصنرة أو كروشيه من ألياف تركيبية",5
61121900000,"أردية (أطقم) للرياضة, مصنرة أو كروشيه من ألياف نسجية (غ. م.ك)",5
61122000000,"أردية (أطقم) للتزلج, مصنرة أو كروشيه",5
61123100000,ألبسة سباحة للرجال أو الصبية مصنرة أو كروشيه من ألياف تركيبية,5
61123900000,"ألبسة سباحة للرجال أو الصبية, مصنرة أو كروشيه من مواد نسجية أخر",5
61124100000,"ألبسة سباحة للنساء أو البنات, مصنرة أو كروشيه من ألياف تركيبية",5
61124900000,"ألبسة سباحة للنساء أو البنات, مصنرة أو كروشيه من مواد نسجية أخر",5
61130000000,"ألبسة مصنوعة من الأقمشة المصنرة أو الكروشيه, الداخلة في البنود 5906 أو 5903 أو 5907",5
61142000000,ألبسة أخر مصنرة أو كروشيه من قطن (غ. م.ك),5
61143000000,ألبسة أخر مصنرة أو كروشيه من ألياف تركيبية أو صناعية (غ. م.ك),5
61149000000,"ألبسة أخر, مصنرة أو كروشيه من مواد نسجية أخرى (غ.م.ك)",5
61151000000,جوارب نسائية بسراويل مصنرة .... جوارب مدرجة الضغط (مثل جوارب تمدد الأوردة,5
61152100000,"جوارب نسائية بسراويل, مصنرة أو .. ألياف تركيبية مقاس خيطها المفرد ديسيتكس67",5
61152200000,"جوارب نسائية بسراويل, مصنرة أو كروشيه من الياف تركيبية مقاس خيطها المفرد > 67 ديسيتكس",5
61152900000,"جوارب نسائية بسراويل, مصنرة أو كروشيه من مواد نسيجية أخر",5
61153000000,جوارب نسائية طويلة أو نصفية مصدرة أو كروشيه مقاس خيطها المفرد 67 ديسيتكس,5
61159400000,"جوارب طويلة أو قصيرة الساق.. الأقدام, مصنرة أو كروشيه من صوف أو وبر ناعم",5
61159500000,"جوارب طويلة أو قصيرة الساق.. الأقدام, مصنرة أو كروشيه من قطن",5
61159600000,"جوارب طويلة أو قصيرة الساق.. الأقدام, مصنرة أو كروشيه من ألياف تركيبية",5
61159900000,"جوارب طويلة أو قصيرة الساق.. الأقدام, مصنرة أو كروشيه من مواد نسجية أخر",15
61161000000,قفازات مصنرة أو كروشيه مشربة أو مطلية أو مغطاة بلدائن أو مطاط,5
61169100000,قفازات مصنرة أو كروشيه من صوف أو وبر ناعم,5
61169200000,قفازات مصنرة أو كروشيه من قطن,5
61169300000,قفازات مصنرة أو كروشيه من ألياف تركيبية,5
61169900000,قفازات مصنرة أو كروشيه من مواد نسجية أخر,5
61171000000,شالات وأوشحة ولفات عنق و مناديل رأس وأخمرة وبراقع وأصناف مماثلة مصنرة أو كروشيه,5
61178010000,أربطة عنق وأربطة عنق بشكل فراشة وأربطة عنق بشكل مناديل مصنرة أو كروشيه,5
61178090000,"توابع آخر جاهزة للألبسة مصنرة أو كروشيه, (ع.م.ك)",5
61179000000,أجزاء :-,0
62011300000,معاطف وأقبية وعباءات.. وأصناف مماثلة غير مصنرة أو كروشيه للرجال أو .. عدا اصناف 6203 من ألياف تركيبية أو صناعية,5
62012000000,"معاطف ، أقبية، معاطف بدون أكمام، عباءات ، انوراكات، سترات.. ، للرجال أو الصبية، عدا الأصناف الداخلة في البند 62.03 ، من صوف أو من وبر ناعم",5
62013000000,"معاطف، أقبية ، معاطف بدون أكمام ، عباءات ، انوراكات ، سترات.. ، للرجال أو الصبية ، عدا الأصناف الداخلة في البند 62.03 ، من قطن",5
62014000000,"معاطف ، أقبية ، معاطف بدون أكمام ، عباءات ، انوراكات ، سترات.. ، للرجال أو الصبية، عدا الأصناف الداخلة في البند 62.03 من ألياف تركيبية أو إصطناعية",5
62019000000,"معاطف، أقبية ، معاطف بدون أكمام ، عباءات ، انوراكات، سترات... للرجال أو الصبية، عدا الأصناف الداخلة في البند 62.03 من مواد نسجية أخر",5
62021100000,معاطف وأقبية وعباءات .. وأصناف مماثلة غير مصنرة أو كروشيه للنساء أو ... عدا اصناف 6204 من صوف أو وبر ناعم,5
62021200000,"معاطف وأقبية وعباءات .. وأصناف مماثلة غير مصنرة أو كروشيه للنساء أو ... عدا اصناف , 6204من قطن",5
62022000000,"معاطف، أقبية، معاطف بدون أكمام ، عباءات ، انوراكات ، سترات.. للنساء أو البنات ، عدا الأصناف الداخلة في البند 62.04 ، من صوف أو من وبر ناعم",15
62023000000,"معاطف، أقبية ، معاطف بدون أكمام ، عباءات ، انوراکات ، سترات.. ، للنساء أو البنات ، عدا الأصناف الداخلة في البند 62.04 ، من قطن",15
62024000000,"معاطف، أقبية معاطف بدون أكمام ، عباءات ، انوراکات ، سترات.. للنساء أو البنات ، عدا الأصناف الداخلة في البند 62.04 ، من ألياف تركيبية أو إصطناعية",15
62029000000,"معاطف ، أقبية ، معاطف بدون أكمام ، عباءات ، انوراكات، سترات... للنساء أو البنات، عدا الأصناف الداخلة في البند ، 62.04من مواد نسجية أخر",15
62029100000,انوراكات و.. مماثلة غير مصنرة أو كروشيه للنساء أو البنات عدا اصناف 6204 من صوف أو وبر ناعم,5
62031100000,"بدل, غير مصنرة أو كروشيه للرجال أو الصبية من صوف أو وبر ناعم",15
62031200000,"بدل غير مصنرة أو كروشيه للرجال أو الصبية, من ألياف تركيبية",15
62031900000,بدل غير مصنرة أو كروشيه للرجال أو الصبية من مواد نسجية أخر,15
62032200000,"أطقم, غير مصنرة أو كروشيه للرجال أو الصبية من قطن",5
62032300000,أطقم غير مصنرة أو كروشيه للرجال أو الصبية من ألياف تركيبية,5
62032900000,أطقم غير مصنرة أو كروشيه للرجال أو الصبية من مواد نسجية أخر,5
62033100000,جاكيتات وسترات فضفاضة غير مصنرة أو كروشيه للرجال أو الصبية من صوف أو وبر ناعم,5
62033200000,جاكيتات وسترات فضفاضة غير مصنرة أو كروشيه للرجال أو الصبية من قطن,5
62033300000,جاكيتات وسترات فضفاضة غير مصنرة أو كروشيه للرجال أو الصبية من ألياف تركيبية,5
62033900000,جاكيتات وسترات فضفاضة غير مصنرة أو كروشيه للرجال أو الصبية من مواد نسجية (غ. م.ك),5
62034100000,"بنطلونات من جميع الأنواع, غير مصنرة أو كروشيه للرجال أو الصبية من صوف أو وبر ناعم",5
62034200000,بنطلونات من جميع الأنواع غير مصنرة أو كروشيه للرجال أو الصبية من قطن,5
62034300000,"بنطلونات من جميع الأنواع غير مصنرة أو كروسيه للرجال أو الصبية, من ألياف تركيبية",5
62034900000,"بنطلونات من جميع الأنواع, غير مصنرة أو كروشيه للرجال أو الصبية من مواد نسجية (غ. م.ك)",5
62041100000,"بدل, غير مصنرة أو كروشيه للنساء أو البنات من صوف أو وبر ناعم",5
62041200000,بدل غير مصنرة أو كروشيه للنساء أو البنات من قطن,5
62041300000,"بدل, غير مصنرة أو كروشيه للنساء أو البنات من ألياف تركيبية",5
62041900000,"بدل, غير مصنرة أو كروشيه للنساء أو البنات من مواد نسجية (غ.م.ك)",5
62042100000,أطقم غير مصنرة أو كروشيه للنساء أو البنات من صوف أو وبر ناعم,5
62042200000,أطقم غير مصنرة أو كروشيه للنساء أو البنات من قطن,5
62042300000,أطقم غير مصنرة أو كروشيه للنساء أو البنات من ألياف تركيبية,5
62042900000,أطقم غير مصنرة أو كروشيه للنساء أو البنات من مواد نسجية (غ.م.ك),5
62043100000,جاكيتات وسترات فضفاضة غير مصنرة أو كروشيه للنساء أو البنات من صوف أو وبر ناعم,5
62043200000,جاكيتات وسترات فضفاضة غير مصنرة أو كروشيه للنساء أو البنات من قطن,5
62043300000,جاكيتات وسترات فضفاضة غير مصنرة أو كروشيه للنساء أو البنات من ألياف تركيبية,5
62043900000,جاكيتات وسترات فضفاضة غير مصنرة أو كروشيه للنساء أو البنات من مواد نسجية (غ. م.ك),5
62044100000,"فساتين, غير مصنرة أو كروشيه للنساء أو البنات من صوف أو وبر ناعم",5
62044200000,"فساتين, غير مصنرة أو كروشيه للنساء أو البنات من قطن",5
62044300000,"فساتين, غير مصنرة أو كروشيه للنساء أو البنات من ألياف تركيبية",5
62044400000,فساتين غير مصنرة أو كروشيه للنساء أو البنات من ألياف صناعية,5
62044900000,"فساتين, غير مصنرة أو كروشيه للنساء أو البنات من مواد نسجية أخر",5
62045100000,تنانير وتنانير مفصولة غير مصنرة أو كروشيه من صوف أو وبر ناعم,5
62045200000,تنانير وتنانير مفصولة غير مصنرة أو كروشيه من قطن,5
62045300000,"تنانير وتنانير مفصولة, غير مصنرة أو كروشيه من ألياف تركيبية",5
62045900000,تنانير وتنانير مفصولة غير مصنرة أو كروشيه من مواد نسجية أخر,5
62046100000,"بنطلونات من جميع الأنواع, غير مصنرة أو كروشيه للنساء أو البنات من صوف أو وبر ناعم",5
62046200000,بنطلونات من جميع الأنواع غير مصنرة أو كروشيه للنساء أو البنات من قطن,5
62046300000,بنطلونات من جميع الأنواع غير مصنرة أو كروشيه للنساء أو البنات من ألياف تركيبية,5
62046900000,بنطلونات من جميع الأنواع غير مصنرة أو كروشيه للنساء أو البنات من مواد نسجية أخر,5
62052000000,قمصان للرجال أو الصبية غير مصنرة أو كروشيه من قطن,5
62053000000,قمصان للرجال أو الصبية غير مصنرة أو كروشيه من ألياف تركيبية أو صناعية,5
62059000000,قمصان للرجال أو الصبية غير مصنرة أو كروشيه من مواد نسجية أخرب,5
62061000000,بلوزات وقمصان وبلوزات بشكل قمصان غير مصنرة أو كروشيه من حرير أو فضلات حرير,5
62062000000,"بلوزات وقمصان وبلوزات بشكل قمصان, غير مصنرة أو كروشيه للنساء أو البنات من صوف أو وبر ناعم",5
62063000000,بلوزات وقمصان وبلوزات بشكل قمصان غير مصنرة أو كروشيه للنساء أو البنات من قطن,5
62064000000,بلوزات وقمصان وبلوزات بشكل قمصان غير مصنرة أو كروشيه للنساء أو .. من ألياف تركيبية أو صناعية,5
62069000000,"بلوزات وقمصان وبلوزات بشكل قمصان, غير مصنرة أو كروشيه للنساء أو البنات من مواد نسجية أخر",5
62071100000,كلسونات وسراويل داخلية أخر غير مصنرة أو كروشيه للرجال أو الصبية من قطن,15
62071900000,كلسونات وسراويل داخلية أخر غير مصنرة أو كروشيه للرجال أو الصبية من مواد نسجية أخر,15
62072100000,قمصان نوم وبيجامات غير مصنرة أو كروشيه للرجال أو الصبية من قطن,5
62072200000,قمصان نوم وبيجامات غير مصنرة أو كروشيه للرجال أو الصبية من ألياف تركيبية أو صناعية,5
62072900000,"قمصان نوم وبيجامات, غير مصنرة أو كروشيه للرجال أو الصبية من مواد نسجية أخر",5
62079100000,قمصان داخلية وبرانس حمام وأرواب دي شامبر .. مماثلة غير مصنرة أو كروشيه للرجال أو الصبية من قطن,5
62079900000,قمصان داخلية وبرانس حمام وأرواب دي شامبر . . مماثلة غير مصنرة أو كروشيه للرجال أو الصبية من مواد نسجية أخر,5
62081100000,قمصان داخلية وجوبونات وتنانير داخلية أخر غير مصنرة أو كروشيه للنساء .. من ألياف.. أو صناعية,5
62081900000,قمصان داخلية وجوبونات وتنانير داخلية أخر غير مصنرة أو كروشيه للنساء أو البنات من مواد نسجية أخر,5
62082100000,قمصان نوم وبيجامات غير مصنرة أو كروشيه للنساء أو البنات من قطن,5
62082200000,قمصان نوم وبيجامات غير مصنرة أو كروشيه للنساء أو البنات من ألياف تركيبية أو صناعية,5
62082900000,قمصان نوم وبيجامات غير مصنرة أو كروشيه للنساء أو البنات من مواد نسجية أخر,5
62089100000,"ألبسة منزلية فضفاضة و برانس حمام وأرواب ديشامبر .. مماثلة, غير مصنرة أو كروشيه للنساء أو البنات من قطن",15
62089200000,ألبسة منزلية فضفاضة وبرانس حمام .. مماثلة غير مصنرة أو كروشيه للنساء أو .. من ألياف تركيبية أو صناعية,15
62089900000,ألبسة منزلية فضفاضة وبرانس حمام .. مماثلة غير مصنرة أو كروشيه للنساء أو البنات من مواد نسجية أخر,15
62092000000,"البسة وتوابع البسة للأطفال غير مصنرة أو كروشيه, من قطن",5
62093000000,ألبسة وتوابع البسة للأطفال غير مصنرة أو كروشيه من ألياف تركيبية,5
62099000000,ألبسة وتوابع ألبسة للأطفال غير مصنرة أو كروشيه من مواد نسجية أخر. (غ.م.ك),5
62101000100,ألبسة مصنوعة من لباد أو من أقمشة غير منسوجة لأغراض طبية وجراحية,5
62101000900,غيرها من الألبسة مصنوعة من لباد أو من أقمشة غير منسوجة,5
62102000000,معاطف ومعاطف مطر .. مماثلة للرجال أو الصبية من نسج من أصناف البنود () 5906أو 5903 أو ()5907,5
62103000000,معاطف ومعاطف مطر .. مماثلة للنساء أو البنات من نسج من أصناف البنود () 5906أو 5903 أو ()5907,5
62104000000,ألبسة أخر للرجال أو الصبية مصنوعة من نسج من أصناف البنود (5906 أو أو 5903 ()5907,5
62105000000,ألبسة أخر للنساء أو البنات مصنوعة من نسج من أصناف البنود (5906 أو 5903 أو (5907),5
62111100000,ألبسة للسباحة للرجال أو الصبية غير مصنرة أو كروشيه,5
62111200000,"ألبسة للسباحة للنساء أو البنات, غير مصنرة أو كروشيه",5
62112000000,"أردية (أطقم) للتزلج, غير مصنرة أو كروشيه",5
62113200000,ألبسة أخر للرجال أو الصبية من قطن غير مصنرة أو كروشيه,5
62113300000,ألبسة أخر للرجال أو الصبية من ألياف تركيبية أو صناعية غير مصنرة أو كروشيه,5
62113900000,ألبسة أخر للرجال أو الصبية من مواد نسجية أخر غير مصنرة أو كروشيه (غ.م.ك),5
62114200000,"ألبسة آخر للنساء أو البنات من قطن, غير مصنرة أو كروشيه",5
62114300000,ألبسة آخر للنساء أو البنات من ألياف تركيبية أو صناعية غير مصنرة أو كروشيه,5
62114900000,ألبسة أخر للنساء أو البنات من مواد نسجية أخرى غير مصنرة أو كروشيه (غ.م.ك),5
62121000000,حمائل ثدي,5
62122000000,أحزمة شدادة ومشدات بشكل سراويل,5
62123000000,مشدات نسائية كاملة,5
62129000000,حمالات بنطلونات وحمالات ورباطات جوارب وأصناف مماثلة وأجزاؤها,5
62132000000,مناديل جيب أو يد من قطن,5
62139000000,مناديل جيب أو يد من مواد نسجية (غ. م.ك),5
62141000000,شالات و أوشحة ولفات عنق و مناديل رأس وأخمرة وبراقع وأصناف مماثلة من حرير أو فضلات حرير,5
62142000000,شالات وأوشحة ولفات عنق و مناديل رأس وأخمرة وبراقع وأصناف مماثلة من صوف أو وبر ناعم,5
62143000000,شالات و أوشحة ولفات عنق و مناديل رأس وأخمرة وبراقع وأصناف مماثلة من ألياف تركيبية,5
62144000000,شالات وأوشحة ولفات عنق و مناديل رأس وأخمرة وبراقع وأصناف مماثلة من ألياف صناعية,5
62149000000,شالات وأوشحة ولفات عنق ومناديل رأس وأخمرة وبراقع وأصناف مماثلة من مواد نسسجية (غ. م.ك),5
62151000000,"أربطة عنق وأربطة عنق بشكل فراشة وأربطة عنق بشكل مناديل من حرير أو فضلات حرير, غير مصنرة أو كروشيه",5
62152000000,أربطة عنق وأربطة عنق بشكل فراشة أو بشكل مناديل من ألياف تركيبية أو صناعية غير مصنرة أو كروشي,5
62159000000,أربطة عنق وأربطة عنق بشكل فراشة و أربطة عنق بشكل مناديل من مواد نسسجية أخر غير مصنرة أو كروشيه,5
62160000000,"قفازات بأنواعها, غير مصنرة أو كروشيه",5
62171000000,توابع أخر جاهزة للألبسة غير مصنرة أو كروشيه,5
62179000000,أجزاء:-,0
63011000000,بطانيات كهربائية من نسج اخر جاهزة,5
63012000000,بطانيات ( عدا الكهربائية) وأحرمة من صوف أو وبر ناعم,5
63013000000,بطانيات ( عدا الكهربائية) وأحرمة من قطن,5
63014000000,"بطانيات ( عدا الكهربائية) وأحرمة, من ألياف تركيبية",5
63019000000,بطانيات وأحرمة أخر (غ. م.ك),5
63021000000,بياضات للأسرة مصنرة أو كروشيه,5
63022100000,بياضات أخر للأسرة غير مصنرة أو كروشيه مطبوعة من قطن,5
63022200000,بياضات أخر للأسرة غير مصنرة أو كروشيه مطبوعة من ألياف تركيبية أون صناعية,5
63022900000,"بياضات أخر للأسرة, غير مصنرة أو كروشيه مطبوعة من مواد نسجية (غ. م.ك)",5
63023100000,"بياضات أخر للأسرة, غير مصنرة أو كروشيه, غير مطبوعة من قطن",5
63023200000,"بياضات أخر للأسرة غير مصنرة أو كروشيه, غير مطبوعة من ألياف تركيبية أو صناعية",5
63023900000,"بياضات أخر للأسرة, غير مصنرة أو كروشيه غير مطبوعة من مواد نسجية (غ.م.ك)",5
63024000000,بياضات مائدة مصنرة أو كروشيه,5
63025100000,"بياضات أخر للمائدة, غير مصنرة أو كروشيه من قطن",5
63025300000,بياضات أخر للمائدة غير مصنرة أو كروشيه من ألياف تركيبية أو صناعية,5
63025900000,"بياضات أخر للمائدة, غير مصنرة أو كروشيه من مواد نسجية (غ. م.ك)",5
63026000000,بياضات للتواليت أو المطبخ من الأقمشة المزردة من النوع الاسفنجي من قطن,5
63029100000,بياضات للتواليت أو المطبخ ( عدا المزردة من قطن,5
63029300000,بياضات للتواليت أو المطبخ ( عدا المزردة) من ألياف تركيبية أو صناعية,5
63029900000,بياضات للتواليت أو المطبخ ( عدا المزردة من مواد نسجية (غ. م.ك),5
63031200000,"ستائر وستور داخلية حاجبة وسجوف قصيرة للستائر أو الأسرة, مصنرة أو كروشيه من ألياف تركيبية",5
63031900000,"ستائر وستور داخلية حاجبة وسجوف قصيرة للستائر أو الأسرة, مصنرة أو كروشيه من مواد نسجية (غ. م.ك)",5
63039100000,ستائر وستور داخلية حاجبة وسجوف قصيرة للستائر أو الأسرة غير مصنرة أو كروشيه من قطن,5
63039200000,ستائر وستور داخلية حاجبة وسجوف قصيرة للستائر أو الأسرة غير مصنرة أو كروشيه من ألياف تركيبية,5
63039900000,ستائر وستور داخلية حاجبة وسجوف قصيرة للستائر أو الأسرة غير مصنرة أو كروشيه من مواد نسجية (غ. م. ك ),5
63041100000,"أغطية أسرة, مصنرة أو كروشيه عدا الداخلة في البند ()9404",5
63041900000,"أغطية أسرة غير مصنرة أو كروشيه, عدا الداخلة في البند ()9404",5
63042000000,ناموسيات النوم المحددة في ملاحظة البند الفرعي 1 لهذا الفصل,5
63049100000,"أصناف مفروشات أخر من مصنرات أو كروشيه, عدا الداخلة في البند ()9404",5
63049200000,"أصناف مفروشات أخر غير مصنرة أو كروشيه من قطن, عدا الداخلة في البند ()9404",5
63049300000,أصناف مفروشات أخر غير مصنرة أو كروشيه من ألياف تركيبية عدا الداخلة في البند ()9404,5
63049900000,أصناف مفروشات أخر (غ. م.ك) غير مصنرة أو كروشيه من مواد نسجية عدا الداخلة في البند ()9404,5
63051010100,أكياس تعبئة وتغليف من جوت للمنتجات الزراعية,5
63051010900,"أكياس تعبئة وتغليف, من جوتا لغير المنتجات الزراعية",5
63051090100,أكياس تعبئة وتغليف من مواد نسجية لحائية أخر داخلة في البند () 5303للمنتجات الزراعية,5
63051090900,أكياس تعبئة وتغليف من مواد نسجية لحائية أخر داخلة في البند () 5303لغير المنتجات الزراعية,5
63052000100,أكياس تعبئة وتغليف من قطن للمنتجات الزراعية,5
63052000900,"أكياس تعبئة وتغليف, من قطن لغير المنتجات الزراعية",5
63053200100,أوعية مرنة وسيطة لتعبئة المواد الزراعية الفرط من مواد نسجية تركيبية أو صناعية,5
63053200900,أوعية مرنة وسيطة لتعبئة المواد الفرط غير الزراعية من مواد نسجية تركيبية أو صناعية,5
63053300100,أكياس تعبئة وتغليف منتجات زراعية منسوجة من صفيحات أو ما يماثلها من بولي ايثلين أو بروبلين,5
63053300900,أكياس تعبئة وتغليف لغير منتجات زراعية منسوجة من صفيحات أو ما يماثلها من بولي ايثلين أو بروبلين,5
63053900100,"أكياس تعبئة وتغليف أخر من مواد نسجية تركيبية أو صناعية للمنتجات الزراعية ، غير المستخدمة لتغليف التمور على الاشجار قبل الحصاد (غ. م.ك)",5
63053900200,"أكياس شبكية مستخدمة لتغليف التمور على الاشجار قبل الحصاد, (غ.م.ك)",5
63053900900,أكياس تعبئة وتغليف أخر من مواد نسجية تركيبية أو صناعية لغير المنتجات الزراعية (غ. م.ك),5
63059000100,أكياس تعبئة وتغليف أخر من مواد نسجية (غ. م.ك) للمنتجات الزراعية,5
63059000900,أكياس تعبئة وتغليف أخر من مواد نسجية (غ. م.ك) لغير المنتجات الزراعية,5
63061200000,أغطية بضائع وظلل خارجية وحاجبات شمس من ألياف تركيبية,5
63061900000,أغطية بضائع وظلل خارجية وحاجبات شمس من مواد نسجية أخر,5
63062200000,خيام من ألياف تركيبية,5
63062900000,خيام من مواد نسجية ( عدا من قطن أو ألياف تركيبية,5
63063000000,أشرعة,5
63064000000,حشايا او فرش (مراتب هوائية قابلة للنفخ,5
63069000000,"أصناف للتخييم, (غ.م.ك)",5
63071000000,مماسح الأرضيات ومماسح أطباق وفوط نفض الغبار وغيرها من فوط التنظيف من مواد نسجية,5
63072000000,سترات وأحزمة للنجاة من مواد نسجية,5
63079010000,الكمامات,15
63079090100,سترة واقية للرصاص (bullet proof),5
63079090900,أصناف أخر جاهزة بما فيها نماذج تفصيل الالبسة من مواد نسجية (غ.م.ك),5
63080000000,مجموعات مؤلفة من قطع أقمشة منسوجة و من خيوط معدة لصنع البسط أو الديابيج.. أو نسجية مماثلة (م.ل.ت,5
63090010000,أحذية مستعملة,5
63090090100,ألبسة مستعملة من مواد نسجية ( عدا الأحذية),5
63090090900,أصناف آخر مستعملة من مواد نسجية ( عدا الأحذية والألبسة المستعملة),5
63101000000,أسمال وخرق جديدة أو مستعملة وفضلات وأصناف بالية من خيوط حزم... غليظة من مواد نسجية مفروزة,5
63109000000,"أسمال وخرق جديدة أو مستعملة فضلات وأصناف بالية من خيوط حزم.. غليظة من مواد نسجية, عدا المفروز",5
64011000000,أحذية كتيمة للماء بنعال خارجية ووجوه من مطاط أو لدائن.. مماثلة تشتمل في مقدمتها واقية معدنية,5
64019200000,أحذية أخر كتيمة للماء بنعال خارجية و وجوه من مطاط أولدائن... مماثلة تغطي الكاحل ولا تغطي الركبة,5
64019900000,أحذية أخر كتيمة للماء بنعال خارجية ووجوه من مطاط أو لدائن... مماثلة (غ. م.ك),5
64021200000,"أحذية تزلج وأحذية ألواح التزلج على الثلج, بنعال خارجية ووجوه من مطاط أو لدائن",5
64021900000,أحذية للرياضة بنعال خارجية ووجوه من مطاط أو لدائن (غ. م.ك),5
64022000000,أحذية بوجوه من أشرطة أو سيور مثبتة في ثقوب بالنعال بنعال خارجية ووجوه من مطاط أو لدائن,5
64029100100,أحذية آخر بنعال خارجية من مطاط ولدائن ووجوه من مطاط أو لدائن تغطي الكاحل في مقدمتها واقية (سلامة عامة),5
64029100900,أحذية أخر بنعال خارجية من مطاط ولدائن ووجوه من مطاط أو لدائن تغطي الكاحل (غ.م.ك),5
64029900100,أحذية أخر بنعال خارجية من مطاط والدائن ووجوه من مطاط أو لدائن عدا التي تغطي الكاحل في مقدمتها واقية (سلامة عامة),5
64029900900,أحذية آخر بنعال خارجية من مطاط ولدائن ووجوه من مطاط أو لدائن عدا التي تغطي الكاحل (ع.م.ك),5
64031200000,"أحذية تزلج وأحذية ألواح التزلج على الثلج, بنعال من مطاط أو .. مجدد ووجوه من جلد طبيعي",5
64031900000,"أحذية للرياضة بنعال خارجية ووجوه من مطاط أو لدائن أو جلد طبيعي أو مجدد, ووجوه من جلد طبيعي",5
64032000000,"أحذية بنعال خارجية من جلد, ووجوه من سيور من جلد طبيعي تمر فوق مشط القدم لتلتف حول الإبهام",5
64034000000,"أحذية أخر بنعال خارجية من . مطاط أو .. ووجوه من جلد طبيعي, تتضمن في مقدمتها واقية معدنية (سلامة عامة)",5
64035100100,"أحذية سلامة عامة في مقدمتها واقية، تغطي الكاحل بنعال خارجية ووجوه من جلد طبيعي",5
64035100900,"أحذية أخر، تغطي الكاحل بنعال خارجية ووجوه من جلد طبيعي (غ.م.ك)",5
64035900100,"أحذية سلامة عامة في مقدمتها واقية، بنعال خارجية من جلد طبيعي، ووجهها من جلد طبيعي",5
64035900900,"أحذية آخر بنعال خارجية من جلد طبيعي، ووجهها من جلد طبيعي (غ.م.ك)",5
64039100100,أحذية بنعال خارجية من مطاط أو لدائن أو جلد طبيعي أو مجدد ووجوه من جلد طبيعي تغطي الكاحل في مقدمتها واقية غير معدنية (سلامة عامة),5
64039100900,أحذية بنعال خارجية من مطاط أو لدائن أو جلد طبيعي أو مجدد ووجوه من جلد طبيعي تغطي الكاحل (غ. م.ك),5
64039900100,أحذية بنعال خارجية من مطاط أو لدائن أو جلد طبيعي أو مجدد ووجوه من جلد طبيعي عدا التي تغطي الكاحل في مقدمتها واقية غير معدنية (سلامة عامة),5
64039900900,أحذية بنعال خارجية من مطاط أو لدائن أو جلد طبيعي أو مجدد ووجوه من جلد طبيعي عدا التي تغطي الكاحل (ع.م.ك),5
64041100000,أحذية للرياضة و أحذية تنس.. وأحذية مماثلة بنعال خارجية من مطاط أولدائن ووجوه من مواد نسجية,5
64041900100,أحذية بنعال خارجية من مطاط أو لدائن ووجوه من مواد نسجية عدا احذية الرياضة في مقدمتها واقية غير معدنية (سلامة عامة),5
64041900200,أحذية بنعال خارجية من مطاط أو لدائن ووجوه من مواد نسجية عدا احذية الرياضة في مقدمتها واقية معدنية (سلامة عامة),5
64041900900,أحذية بنعال خارجية من مطاط أو لدائن ووجوه من مواد نسجية عدا احذية الرياضة (غ. م.ك),5
64042000100,"أحذية سلامة عامة في مقدمتها واقية، بنعال خارجية من جلد طبيعي أو مجدد ووجوه من مواد نسجية",5
64042000900,أحذية بنعال خارجية من جلد طبيعي أو مجدد ووجوه من مواد نسجية (غ. م.ك),5
64051000100,"أحذية سلامة عامة في مقدمتها واقية، بوجوه من جلد طبيعي أو جلد مجدد",5
64051000900,"أحذية، بوجوه من جلد طبيعي أو جلد مجدد (غ.م.ك)",5
64052000100,"أحذية سلامة عامة في مقدمتها واقية، بوجوه من مواد نسجية",5
64052000900,"أحذية، بوجوه من مواد نسجية (غ. م.ك)",5
64059000100,أحذية بنعال خارجية من مطاط أو لدائن ووجوه من مواد أقمشة صناعية في مقدمتها واقية غير معدنية (سلامة عامة),5
64059000200,أحذية بنعال خارجية من مطاط أو لدائن ووجوه من مواد أقمشة صناعية في مقدمتها واقية معدنية (سلامة عامة),5
64059000900,أحذية اخر (غ.م.ك),5
64061000000,وجوه أحذية وأجزاؤها عدا المقسيات,0
64062000000,"نعال وكعوب, خارجية من مطاط أو لدائن",0
64069000000,أجزاء أحذية .. نعال داخلية وكعوب قابلة للتبديل ... طماقات وواقيات سيقان ... وأجزاؤها (غ.م.ك),0
65010000000,قبعات بشكلها الأولي (كلوش) من لباد غير مقومة ولا مجهزة الحواف دوائر واسطوانات للقبعات من لباد,5
65020000000,قبعات بشكلها الأولي مضفورة أو مصنوعة بجمع أشرطة من جميع المواد غير مقومة و لا مجهزة الحواف.. الخ,5
65040000000,قبعات وأغطية رأس أخر مضفورة أو مصنوعة بجمع أشرطة من جميع المواد,5
65050010000,شماغات وحطات وأصناف مماثلة,25
65050090100,قبعات وأغطية رأس اخر مستهلكة,5
65050090900,"قبعات وأغطية رأس أخر من مصنرات أو كروشيه ، أو مصنوعة من مسننات أو من لباد أو من أقمشة نسجية أخر ، أثواباً ( عدا الأشرطة، وإن كانت مبطنة أو مزينة ؛ شبيكات شعر من أية مادة ، وإن كانت مبطنة أو مز",5
65061000100,الخوذات الفولاذية وغيرها من أغطية الرأس العسكرية,0
65061000900,أغطية رأس وقائية,0
65069100000,أغطية رأس أخر من مطاط أو لدائن,5
65069900000,أغطية رأس أخر من مواد أخر (غ. م.ك),5
65070000000,أشرطة لتجهيز داخل القبعات وبطائن جاهزة وأغطية وهياكل وأطر وحواف وسيور مسك للقبعات,5
66011000000,مظلات الحدائق وما يماثلها,25
66019100000,مظلات مطر ومظلات شمس ذات محور متداخل,5
66019900000,مظلات مطر ومظلات شمس (غ. م.ك),5
66020000000,"عصي مشي وعصي بمقاعد وسياط وسياط الفروسية, وما يماثلها",5
66032010000,"هياكل مظلات الشمس والمطر, بما فيها الهياكل المركبة على محاور المستورد من قبل المصانع كمدخلات إنتاج",0
66032090000,"هياكل مظلات الشمس والمطر, بما فيها الهياكل المركبة على محاور (غ. م.ك)",5
66039000000,أجزاء وزخارف ولوازم للأصناف الداخلة في البند 6601 أو 6602,5
67010000000,"جلود طيور و أجزاء أخرى من طيور, بريشها أو بزغبها ريش وأجزاؤه وزغب وأصناف من هذه المواد",5
67021000100,"أزهار إصطناعية، وأجزاءها.",5
67021000900,(غيرها من أوراق وثمار صناعية وأجزاؤها أصناف جاهزة من أوراق وثمار صناعية من لدائن (غ. م.ك),5
67029010100,"أزهار إصطناعية، وأجزاءها المستوردة من قبل المصانع كمدخلات انتاج",0
67029010900,(غيرها أصناف جاهزة صناعية من مواد أخر المستورد من قبل المصانع كمدخلات انتاج (غ. م.ك),0
67029090100,"الأزهار إصطناعية، وأجزاءها .. من مواد أخر (غ.م.ك)",5
67029090900,(غ. م.ك) أوراق وثمار صناعية وأجزاؤها أصناف جاهزة من أوراق وثمار صناعية من مواد أخر (غ. م.ك),5
67030000000,شعر بشري مصفف جذورة و... باتجاة طبيعي صوف أو شعر حيواني أو مواد نسجية آخر .. لصنع شعر رأس مستعار..,5
67041100000,شعر مستعار كامل من مواد نسجية تركيبية,5
67041900000,شعر رأس ولحى وحواجب و رموش ووخصل وما شابهها مستعارة من مواد نسجية تركيبية,5
67042000000,شعر رأس ولحى وحواجب و رموش وخصل وما شابهها مستعارة ومصنوعاتها (غ. م.ك) من شعر بشري,5
67049000000,شعر رأس ولحى وحواجب و رموش وخصل وما شابهها مستعارة من مواد أخر,5
68010000000,ترابيع وأحجار تبليط ورصف طرق من حجر طبيعي (عدا حجر الاردواز),25
68021000000,"ترابيع ومكعبات وأصناف مماثلة وإن كانت للفسيفساء، حبيبات وشظايا ومساحيق ملونة صناعياً من حجر طبيعي",25
68022100000,"أحجار نصب وبناء من رخام ومرمر وترافرتين وأصناف مصنوعة منها، مقطعة أو منشورة بصورة بسيطة وبسطح منبسط",25
68022300000,أحجار نصب وبناء من جرانيت وأصناف مصنوعة منها مقطعة أو منشورة بصورة بسيطة وبسطح منبسط أو مستو,25
68022900000,أحجار نصب وبناء أخر وأصناف مصنوعة منها مقطعة أو منشورة بصورة بسيطة وبسطح منبسط أو مستو (غ.م.ك),25
68029100000,أحجار نصب وبناء مشغولة من رخام وترافرتين ومرمر وأصناف مصنوعة منها (غ.م.ك),25
68029200000,"أحجار نصب وبناء مشغولة من أحجار كلسية (غ.م.ك)، وأصناف مصنوعة منها",25
68029300000,أحجار نصب وبناء مشغولة من جرانيت وأصناف مصنوعة منها (غ.م.ك),25
68029900000,"أحجار نصب وبناء مشغولة أخر، وأصناف مصنوعة منها (غ.م.ك)",25
68030000000,حجر اردواز طبيعي مشغول واصناف من حجر إردواز طبيعي أو من إردواز مكتل (اردوازين),25
68041000000,أرحية للطحن أو الجرش أو نزع الألياف,0
68042100000,أرحية أخر وأصناف مماثلة من ماس طبيعي أو تركيبي مكتل,0
68042200000,أرحية أخر وأصناف مماثلة من مواد شاحدة مكتلة أو من خزف,0
68042300000,من أحجار طبيعية,0
68043000000,أحجار شحذ أو صقل يدوية,0
68051000000,على حوامل من أقمشة منسوجة فقط,0
68052000000,على حوامل من ورق أو ورق مقوى فقط,0
68053000000,على حوامل من مواد أخر,0
68061040000,صوف خبث المعادن وصوف معدني مماثل بما فيها مخاليطها بشكل كتل أو صفائح أو لفات من صوف صخري,5
68061090000,صوف خبث المعادن وصوف معدني مماثل (بما فيها مخاليطها بشكل كتل أو صفائح أو لفات) (غ.م.ك),0
68062000100,بيرلايت,5
68062000900,فيرميكوليت ممدد و غضار ممدد وخبث رغوي ومواد معدنية مماثلة (بما فيها مخاليطها) (غ.م.ك),5
68069010000,مخاليط ومصنوعات من صوف صخري لعزل الحرارة أو الصوت أو الإمتصاص الصوت,5
68069090000,مخاليط ومصنوعات من مواد معدنية لعزل الحرارة أو الصوت أو لإمتصاص الصوت,0
68071000000,مصنوعات من اسفلت أو من مواد مماثلة بشكل لفات,25
68079000100,مصنوعات من الاسفلت المستخدمة للعزل على شكل صفائح,25
68079000900,مصنوعات من اسفلت أو من مواد مماثلة (مثل قار نفطي أو زفت قطران الفحم) (غ.م.ك),25
68080000000,"صفائح وألواح مماثلة من ألياف نباتية أو من قش، جص أو مواد تماسك معدنية اخر",5
68091100000,"ألواح وصفائح وأصناف مماثلة غير مزخرفة من جص أو أساسها الجص، مقواة أو مغطاة بالورق أو الورق المقوى فقط",5
68091900000,ألواح وصفائح ومربعات واصناف مماثلة غير مزخرفة من جص أساسها الجص (غ.م.ك),5
68099000000,مصنوعات من مواد جبصية أو من مركبات أساسها الجص (غ.م.ك),5
68101100100,رخام صناعي من إسمنت أو خرسانة أو حجر صناعي,25
68101100200,آجر (طوب) اسمنتي للبناء,25
68101100900,كتل بناء من إسمنت أو خرسانة كتل وآجر بناء من خرسانة او من حجر صناعي,25
68101900000,ترابيع وبلاط من خرسانة او حجر صناعي وأصناف مماثلة من اسمنت او خرسانة أو حجر صناعي (غ.م.ك),25
68109100000,عناصر إنشائية مسبقة الصنع للبناء أو للهندسة المدنية من إسمنت أو خرسانة أو حجر صناعي (غ.م.ك),25
68109900000,مصنوعات من إسمنت أو من خرسانة أو من حجر صناعي (غ.م.ك),25
68114000000,مصنوعات بإسمنت أو خليط ألياف سليلوز بإسمنت وأصناف مماثلة محتوية على حرير صخري (اسبستوس),5
68118100000,"صفائح مموجة، غير محتوية على حرير صخري (اسبستوس)",5
68118210000,"صفائح ذات أطر وترابيع واصناف مماثلة، غير محتوية ... المستورد من قبل المصانع كمدخلات انتاج",0
68118290000,"صفائح اخر ذات أطر وترابيع وقرميد سقوف واصناف مماثلة، غير محتوية على حرير صخري (اسبستوس) (غ.م.ك)",5
68118900000,مصنوعات أو خليط ألياف سليلوز بإسمنت وأصناف مماثلة غير محتوية على حرير صخري (اسبستوس) (غ.م.ك),5
68128000000,مصنوعات من كروسدليت,5
68129110000,ألبسة وتوابع البسة وأحذية وأغطية رأس من حرير صخري أو من مخاليطها أو ... لإستعمال رجال الاطفاء,5
68129190000,ألبسة وتوابع ألبسة وأحذية وأغطية رأس من حرير صخري أو من مخاليط أساسها حرير صخري (غ.م.ك),5
68129200000,ورق وورق مقوى ولباد من حرير صخري أو من مخاليط أساسها حرير صخري أو حرير صخري وكربونات مغنيسيوم,5
68129910000,الياف من حرير صخري مشغول مخاليط اساسها حرير...,5
68129920000,خيوط من حرير صخري أو مخاليط أساسها حرير صخري أو حرير صخري وكربونات مغنيسيوم (غ.م.ك),5
68129930000,حبال وامراس من حرير صخري أو مخاليط أساسها حرير صخري أو حرير صخري وكربونات مغنيسيوم (غ.م.ك),5
68129990000,مصنوعات من حرير صخري أو مخاليط أساسها حرير صخري أو حرير صخري وكربونات مغنيسيوم (غ.م.ك),5
68132010000,"أدوات إحتكاك غير مركبة للفرامل، محتوية على حرير صخري (اسبستوس)",5
68132090000,"أدوات إحتكاك غير مركبة (غ.م.ك)، محتوية على حرير صخري (اسبستوس)",5
68138100000,"أدوات إحتكاك غير مركبة للفرامل، غير محتوية على حرير صخري (اسبستوس)",5
68138900000,"أدوات إحتكاك غير مركبة (غ.م.ك)، غير محتوية على حرير صخري (اسبستوس)",5
68141000000,ألواح وصفائح وأشرطة من ميكا مكتلة أو مجددة,0
68149000000,ميكا مشغولة ومصنوعات منها (غ.م.ك),0
68151100000,ألياف الكربون,5
68151200000,أقمشة من ألياف الكربون,5
68151300000,مصنوعات أخر من ألياف الكربون,5
68151900000,غيرها (ألياف الكربون),0
68152000000,مصنوعات من الخنور (طحلب الوقود) (غ.م.ك),5
68159100000,مصنوعات أخر محتوية على مغنزيت أو دولوميت أو كروميت (غ.م.ك),0
68159900000,مصنوعات من حجر أو مواد معدنية آخر (غ.م.ك),25
69010000000,آجر (طوب) وكتل وترابيع وبلاط وقطع خزفية آخر من دقيق حفريات أو أتربة سيليسية مماثلة,5
69021000000,محتوية على أكثر من 50% وزناً من عناصر الماغنسيوم (Mg) أو الكالسيوم (Ca) أو الكروم (Cr),0
69022000000,محتوية على أكثر من 50% وزناً من ألومينا أو Al2O3 من السيليكا (SiO2) أو من خليط أو مركب من تلك المنتجات,0
69029000000,غيرها (حراريات),0
69031020000,بوادق نارية خزفية أخر تحتوي 50% وزنا من جرافيت أو غيره من الكربون (غ.م.ك),5
69031090000,منتجات نارية خزفية أخر تحتوي 50% وزنا من جرافيت أو غيره من الكربون (غ.م.ك),0
69032020000,بوادق نارية خزفية أخر تحتوي 50% وزنا من Al2O3 أو من خليط SiO2,5
69032090000,منتجات نارية خزفية أخر تحتوي 50% وزنا من Al2O3 أو من خليط SiO2 (غ.م.ك),0
69039020000,بوادق نارية خزفية أخر (غ.م.ك),5
69039090000,منتجات نارية خزفية أخر (غ.م.ك),0
69041000000,آجر (طوب) بناء من خزف,5
69049000000,كتل تبليط وغيرها من الأصناف المماثلة من خزف,5
69051000000,قرميد سقوف من خزف,5
69059000000,أغطية وعناصر مداخن واصناف انشائية اخر وزخارف معمارية من خزف,5
69060000000,"مواسير وأنابيب ومزاريب ومجاري تصريف المياه، ولوازمها من خزف",5
69072110000,"بلاط وترابيع غير ملمعة (غير مورنشة ولا مطلية بالميناء)، غير تامة الصنع، مستوردة من قبل المصانع كمدخلات انتاج",0
69072121000,بلاط وترابيع ملمعه (مورنشة) أو مطلية بالمينا يمكن ادخال اكبر مساحة سطح لها ضمن مربع طول ضلعة يقل عن 7 سم,15
69072129000,غيرها من بلاط وترابيع ملمعه (مورنشة او مطلية بالمينا),15
69072190000,درجة امتصاصها للماء لا يزيد عن 0.5% وزنا,15
69072290000,درجة امتصاصها للماء يزيد 0.5% وزنا ولا يتجاوز 10%,15
69072311000,ملمعة (مورنشة) أو مطلية بالمينا درجة امتصاصها للماء يزيد عن 10% وزنا,15
69072319000,ملمعة (مورنشة) أو مطلية بالمينا درجة امتصاصها للماء يزيد عن 10% وزنا (أخرى),15
69072390000,درجة امتصاصها للماء يزيد عن 10% وزنا,15
69073011000,مكعبات فسيفساء وما يماثلها عدا الاصناف الداخلة في البند الفرعي 6907.40,15
69073019000,مكعبات فسيفساء وما يماثلها عدا الاصناف الداخلة في البند الفرعي 6907.40 (أخرى),15
69073090000,مكعبات فسيفساء وما يماثلها عدا الاصناف الداخلة في البند الفرعي 6907.40 (أخرى),15
69074011000,خزف للتشطيب,15
69074019000,خزف للتشطيب (أخرى),15
69074090000,خزف للتشطيب (أخرى),15
69091100100,"اجهزة واصناف للمختبرات ولاستعمالات كيماوية وتنقية اخر من بورسلين ""صيني"" تحتوي على زئبق",5
69091100900,أجهزة وأصناف للمختبرات ولاستعمالات كيماوية وتقنية أخر من بورسلين (صيني) (غ.م.ك),5
69091200100,"أجهزة وأصناف للمختبرات ولاستعمالات كيماوية وتقنية أخر من خزف، بدرجة صلابة تعادل أو تزيد عن 9 بمقياس Mohs، تحتوي على زئبق",5
69091200900,أجهزة وأصناف للمختبرات ولاستعمالات كيماوية وتقنية أخر بدرجة صلابة 9 بمقياس Mohs من خزف (غ.م.ك),5
69091900100,أجهزة وأصناف للمختبرات ولاستعمالات كيماوية وتقنية أخر (غ.م.ك) تحتوي على زئبق,5
69091900900,أجهزة وأصناف للمختبرات ولاستعمالات كيماوية وفنية أخر من خزف (غ.م.ك),5
69099000000,أجران وأوعية مماثلة لاستعمالات زراعية من خزف أوعية وجرار وأصناف مماثلة للتعبئة أو النقل من خزف,5
69101000000,"أصناف صحية ثابتة أحواض استحمام وأحواض غسيل مغاسل مباول، وأصناف مماثلة من بورسلين صيني",25
69109000000,"أصناف صحية ثابتة (أحواض استحمام وأحواض غسيل مغاسل مباول، وأصناف مماثلة من خزف) (غ.م.ك)",25
69111000000,أواني للمائدة وأواني مطبخ من بورسلين صيني,5
69119000000,أدوات منزلية اخر واصناف للعناية بالنظافة الشخصية او للتواليت من بورسلين صيني (غ.م.ك),5
69120000000,"أواني وأدوات للمائدة وأدوات منزلية أخر واصناف للعناية بالنظافة الشخصية أو للتواليت من مواد خزفية أخر، عدا البورسلين ""الصيني""",5
69131000000,تماثيل واصناف اخر للزينة من بورسيلين,5
69139000000,تماثيل وأصناف أخر للزينة من مواد خزفية أخر (غ.م.ك),5
69141000000,مصنوعات أخر من بورسلين صيني (غ.م.ك),5
69149000000,"مصنوعات أخر من مواد خزفية آخر (غ.م.ك)، (عدا البورسلين)",5
70010000000,كسارة وفضلات وخردة زجاج باستثناء الزجاج من أنابيب الأشعة الكاثودية أو غيره من الزجاج المنشط الداخل في البند 8549 زجاج على شكل كتل,5
70021000000,"كرات من زجاج غير مشغول، عدا من زجاج بصري أو الكريات الدقيقة",5
70022000000,قضبان أو عيدان من زجاج غير مشغول,5
70023100000,أنابيب من كوارتز مصهور أو غيره من السيليكا المصهورة من زجاج غير مشغول,5
70023200000,أنابيب من زجاج أخر غير مشغول ذي معامل تمدد طولي 5X10-6 لكل كيلفن في درجة حرارة تتراوح ما بين صفر و درجة 300 مئوية,5
70023900000,أنابيب من زجاج غير مشغول (غ.م.ك),5
70031200000,ألواح وصفائح غير مسلحة من زجاج مصبوب أو مرقق ملون في كتلتة أو معتم أو مجلو السطح أو ذو طبقة ماص,5
70031910000,ألواح وصفائح غير مسلحة من زجاج بصري مصبوب أو مرقق (غ.م.ك),5
70031991000,ألواح وصفائح من زجاج مصبوب (عدا البصري) المستورد مرخصة لانتاج ترشيد الطاقة الشمسية,5
70031999000,"ألواح وصفائح غير مسلحة من زجاج مصبوب أو مرقق (عدا البصري)، (غ.م.ك)",5
70032000000,ألواح وصفائح مسلح من زجاج مصبوب أو مرقق,5
70033000000,أشكال خاصة (بروفيلات) من زجاج مصبوب أو مرقق,5
70042000000,"ألواح وصفائح، من زجاج مسحوب أو منفوخ ملون في كتلته أو معتم أو مجلو السطح أو ذو طبقة ماصة",0
70049000000,ألواح وصفائح من زجاج مسحوب أو منفوخ (غ.م.ك),0
70051000000,ألواح وصفائح من زجاج متحصل عليه بالتعويم أو مجلو أو مصقول غير مسلح ذو طبقة ماصة او عاكسة أو غير عاكسة,0
70052100000,ألواح وصفائح من زجاج متحصل عليه بالتعويم أو مجلو او مصقول غير مسلح ملون في كتلته أو معتم أو مصفح بزجاج,0
70052900000,ألواح وصفائح من زجاج متحصل عليه بالتعويم أو مجلو أو مصقول غير مسلح (غ.م.ك),0
70053000000,ألواح وصفائح من زجاج متحصل عليه بالتعويم أو مجلو أو مصقول مسلح,0
70060010000,زجاج مذكور بالبند 7003 أو 7005 أو 7004 محني أو مشغول الأطراف ... ولكن غير مزود بأطر ... مستورد انتاج,0
70060090000,زجاج مذكور بالبند 7003 أو 7004 أو 7005 محني أو مشغول الأطراف أو ... ولكن بدون أطر أو مواد أخر (غ.م.ك),5
70071110100,زجاج مظلل مأمون و مقسى بأشكال مناسبة للسيارات المستوردة من قبل المصانع كمدخلات انتاج,0
70071110900,زجاج مأمون و مقسى بأشكال مناسبة لوسائل النقل المركبات الطائرات ... المستوردة من قبل المصانع كمدخلات انتاج (غ.م.ك),0
70071190100,زجاج مظلل مأمون و مقسى بأشكال مناسبة للسيارات,5
70071190900,زجاج مأمون مقسى بأشكال مناسبة لوسائل النقل مركبات طائرات مركبات فضائية (غ.م.ك),5
70071910000,زجاج مأمون مكون من زجاج مقسى المستورد من قبل المصانع,0
70071990000,زجاج مأمون مكون من زجاج مقسى (غ.م.ك),25
70072110100,زجاج مظلل مأمون منضد بأشكال مناسبة للسيارات المستوردة من قبل المصانع كمدخلات انتاج,0
70072110900,"زجاج مأمون منضد بأشكال مناسبة لوسائل النقل مركبات، طائرات، ... المستوردة من قبل المصانع كمدخلات انتاج (غ.م.ك)",0
70072190100,زجاج مظلل مأمون و منضد بأشكال مناسبة للسيارات,5
70072190900,"زجاج مأمون منضد بأشكال مناسبة لوسائل النقل مركبات، طائرات، مركبات فضائية (غ.م.ك)",5
70072910000,زجاج مأمون منضد المستورد من قبل المصانع كمدخلات انتاج,0
70072990000,زجاج مأمون منضد (غ.م.ك),25
70080010000,زجاج عازل متعدد الطبقات المستورد من قبل المصانع كمدخلات إنتاج,0
70080090000,زجاج عازل متعدد الطبقات (غ.م.ك),25
70091000000,مرايا من زجاج للرؤية الخلفية لمعدات النقل,5
70099110000,"مرايا ألواحا، غير مشغولة أكثر من ذلك بدون أطر",0
70099190000,"مرايا (عدا الألواح غير مشغولة أكثر من ذلك، بدون أطر)",5
70099200000,مرايا بأطر,5
70101000000,أنابيب من زجاج (أمبولات),5
70102000000,سدادات وأغطية وغالقات أخر من زجاج,0
70109010000,مرطبانات الضغط من زجاج,5
70109090000,قناني وقوارير (دمجانات) وقواریر ودوارق من زجاج واوعية مماثلة لنقل او تعبئة السلع (غ.م.ك),0
70111000000,فوارغ وأنابيب من زجاج مفتوحة وأجزاؤها الزجاجية بدون تركيبات للإنارة الكهربائية,0
70112000000,فوارغ وأنابيب من زجاج مفتوحة وأجزاؤها الزجاجية للأنابيب ذات الأقطاب الصاعدة (كاثودية),0
70119000000,فوارغ وأنابيب من زجاج مفتوحة وأجزاؤها الزجاجية أخر (غ.م.ك),0
70131000000,ادوات من خزف زجاجي المستعملة للمائدة,5
70132200000,كؤوس وأقداح الشرب (عدا من خزف زجاجي من كريستال رصاصي),5
70132810000,كؤوس وأقداح الشرب من زجاج (عدا من خزف زجاجي) (غ.م.ك) المستورد من قبل المصانع كمدخلات انتاج,0
70132890000,"كؤوس وأقداح الشرب من زجاج (عدا من خزف زجاجي)، (غ.م.ك)",5
70133300000,كؤوس وأقداح شرب اخر من زجاج (عدا من خزف زجاجي من كريستال رصاصي),5
70133700000,كؤوس وأقداح شرب اخر من زجاج (عدا من خزف زجاجي) (غ.م.ك),5
70134100000,"أدوات مائدة أو للمطبخ من زجاج (عدا كؤوس الشرب من زجاج، عدا من خزف زجاجي من كريستال رصاصي)",5
70134200000,"أدوات مائدة أو للمطبخ من زجاج (عدا كؤوس شرب من زجاج، عدا من خزف زجاجي) ذي معامل تمدد 5*10-6",5
70134900000,أدوات مائدة أو للمطبخ من زجاج (عدا كؤوس الشرب من زجاج (عدا من خزف زجاجي) (غ.م.ك),5
70139100000,مصنوعات أخر من زجاج من كريستال رصاص,5
70139900000,مصنوعات أخر من زجاج (غ.م.ك),5
70140000000,أصناف من زجاج للإشارة وأصناف بصرية من زجاج غير مشغولة بصريا,0
70151000000,زجاج للنظارات الطبية (المصححة للنظر),0
70159000000,زجاج (للساعات والمنبهات للنظارات العادية غير مشغولة بصريا كرات مقعرة وقطاعاتها لصنع هذه),5
70161000000,مكعبات وأصناف أخر صغيرة من زجاج للفسيفساء أو لاغراض تزيين مماثلة,5
70169000000,آجر (طوب) و... المستعمل في البناء أو الإنشاءات زجاج مرصع بالرصاص زجاج متعدد الخلايا او ...,5
70171010000,أنابيب وحوامل من كوارتز للمفاعلات المصممة للإدخال في أفران ... لإنتاج الرقاقات شبه الموصلة,0
70171090000,"أصناف من زجاج للمختبرات ... من كوارتز مصهور او من غيره من سيليس مصهور، (غ.م.ك)",5
70172000000,"من زجاج آخر، له معامل تمدد طولي لا يتجاوز 5 × 10-6 لكل كلفن في درجة حرارة تتراوح ما بين صفر و 300 درجة مئوية",0
70179000000,غيرها (أصناف مختبرات),0
70181000000,خرز ولالئ وأحجار كريمة أو شبه كريمة مقلدة وما يماثلها من منتجات صناعة الخرز الزجاجي,0
70182000000,كريات متناهية الصغر من زجاج لا يتجاوز قطرها 1 مم,0
70189000000,غيرها (خرز زجاجي),0
70191100000,أمراس مقطعة (مفرومة) بطول 50 مم من الياف من زجاج,0
70191200000,نسالات من الياف من زجاج,0
70191300000,"خيوط أخر، خصل",0
70191400000,"حصر مضمومة آلياً، من ألياف من زجاج",0
70191500000,"حصر مضمومة كيميائياً، من ألياف من زجاج",0
70191900000,غيرها من خصل وخيوط من الياف من زجاج,0
70196100000,"أقمشة منسوجة مقفلة من ألياف ممشطة ""فتائل""، من ألياف من زجاج",0
70196200000,"أقمشة مقفلة أخر من ألياف ممشطة ""فتائل""، من ألياف من زجاج",0
70196300000,"أقمشة منسوجة مقفلة، حياكة سادة، من خيوط غير مطلية ولا منضدة، من ألياف من زجاج",0
70196400000,"أقمشة منسوجة مقفلة، حياكة سادة، من خيوط مطلية أو منضدة، من ألياف من زجاج",0
70196500000,"أقمشة منسوجة مفتوحة بعرض لا يتجاوز 30 سم، مقفلة آلياً، من ألياف من زجاج",0
70196600000,"أقمشة منسوجة مفتوحة بعرض يتجاوز 30 سم، مقفلة آلياً، من ألياف من زجاج",0
70196900000,غيرها من أقمشة مقفلة آلياً,0
70197100000,"أوشحة ""براقع"" (صفائح رقيقة)، مضمومة كيميائياً، من ألياف من زجاج",0
70197200000,"أقمشة مقفلة أخر، مضمومة كيميائياً، من ألياف من زجاج",0
70197300000,"أقمشة مفتوحة أخر، مضمومة كيميائياً، من ألياف من زجاج",0
70198000000,صوف الزجاج ومصنوعاته,0
70199000000,ألياف من زجاج ومصنوعاتها (غ.م.ك),0
70200010000,الأوعية الزجاجية المستخدمة في حضانة بيض الاسماك,0
70200090000,مصنوعات أخر من زجاج (غ.م.ك),5
71011000000,"لؤلؤ طبيعي، غير مجمع بخيوط ولا مركب ولا منظوم أو مجمع بخيوط بصفة مؤقتة لسهولة النقل",5
71012100000,"لؤلؤ مستنبت غير مشغول غير مجمع بخيوط ولا مركب ولا منظوم، أو مجمع بخيوط بصفة مؤقتة لسهولة النقل",5
71012200000,"لؤلؤ مستنبت مشغول غير مجمع بخيوط ولا مركب ولا منظوم، أو مجمع بخيوط بصفة مؤقتة لسهولة النقل",5
71021000000,ماس غير مصنف وإن كان مشغولاً ولكن غير مركب ولا منظوم,5
71022100000,"ماس صناعي غير مشغول، أو فقط منشوراً أو مفلوقاً أو مشذباً بشكل أولي",5
71022900000,"ماس صناعي، غير مركب ولا منظوم (غ.م.ك)",5
71023100000,"ماس غير صناعي، غير مشغول، أو فقط منشوراً أو مفلوقاً أو مشذباً بشكل أولي",5
71023900000,"ماس غير صناعي، غير مركب ولا منظوم (غ.م.ك)",5
71031000000,أحجار كريمة (عدا الماس) وشبه كريمة غير مشغولة أو فقط منشورة ... ولكن غير مجمعة بخيوط...؛ أحجار كريمة (عدا الماس) وشبه كريمة ... مجمعة بخيوط...,5
71039100000,"ياقوت وسفير وزمرد مشغولة بطرق أخر غير مجمعة بخيوط ولا مركبة ولا منظومة، أو مجمعة بخيوط...",5
71039900000,أحجار كريمة او شبه كريمة (غ.م.ك) مشغولة بطرق أخر غير مجمعة بخيوط ولا مركبة ... ؛ أحجار كريمة او شبه كريمة ... مجمعة بخيوط...,5
71041000000,"مرو (كوارتز) بيزو كهربائي، تركيبي أو مجدد غير مجمع بخيوط ولا مركب... أو غير مصنف مجمع بخيوط...",5
71042100000,الماس (تركيبي),5
71042900100,غيرها (عدا الماس) من أحجار كريمة تركيبية أو مجددة غير مشغولة أو فقط منشورة أو بأشكال أولية,5
71042900900,غيرها (عدا الماس) من أحجار شبه كريمة تركيبية أو مجددة غير مشغولة أو فقط منشورة أو بأشكال أولية,5
71049100000,الماس (مشغول),5
71049900100,غيرها من أحجار كريمة مشغولة (عدا الماس والمرو وشبه الكريمة),5
71049900900,غيرها من أحجار شبه كريمة مشغولة (عدا الماس والمرو),5
71051000000,تراب ومسحوق من ماس طبيعي أو تركيبي,5
71059000000,تراب ومسحوق من أحجار كريمة (عدا الماس أو شبه كريمة طبيعية أو تركيبية),5
71061000000,فضة بشكل مسحوق,5
71069100000,فضة بأشكال خام,5
71069210000,فضة بأشكال نصف مشغولة المستورد من قبل المصانع كمدخلات انتاج,0
71069290000,فضة بأشكال نصف مشغولة (غ.م.ك),5
71070000000,"معادن عادية مكسوة بقشرة من فضة، خام أو نصف مشغولة",5
71081100000,ذهب بشكل مسحوق غير معد للتداول النقدي,0
71081200000,ذهب بأشكال خام أخر غير معد للتداول النقدي,0
71081300000,ذهب بأشكال نصف مشغولة أخرى غير معد للتداول النقدي,0
71082000000,ذهب معد للتداول النقدي,0
71090000100,معادن عادية أو فضة مكسوة بقشرة من ذهب خام أو نصف مشغولة (1),5
71090000900,معادن عادية أو فضة مكسوة بقشرة من ذهب خام أو نصف مشغولة (2),5
71101110000,بلاتين بأشكال خام,5
71101120000,بلاتين بشكل مسحوق,5
71101900000,بلاتين بأشكال نصف مشغولة,5
71102110000,بلاديوم بأشكال خام,5
71102120000,بلاديوم بشكل مسحوق,5
71102900000,بلاديوم بأشكال نصف مشغولة,5
71103110000,روديوم بأشكال خام,5
71103120000,روديوم بشكل مسحوق,5
71103900000,روديوم بأشكال نصف مشغولة,5
71104110000,"ايريديوم واوسيميوم وروثينيوم، بأشكال خام",5
71104120000,"ايريديوم واوسيميوم وروثينيوم، بشكل مسحوق",5
71104900000,"ايريديوم واوسيميوم وروثينيوم، بأشكال نصف مشغولة",5
71110010000,"معادن عادية مكسوة بقشرة من البلاتين، بأشكال خام أو نصف مشغولة",5
71110090100,"ذهب مكسو بقشرة من البلاتين، بأشكال خام أو نصف مشغول",5
71110090900,"فضة مكسوة بقشرة من البلاتين، بأشكال خام أو نصف مشغولة",5
71123000000,رماد محتوي على معادن ثمينة او مركبات معادن ثمينة,5
71129100000,بقايا وفضلات من (أو تحتوي) من ذهب او مكسوة بقشرة منها (غ.م.ك) أو على مركبات معادن...,0
71129200000,بقايا وفضلات من (أو تحتوي) بلاتين او مكسوة بقشرة منها (غ.م.ك) أو على مركبات معادن...,5
71129900100,بقايا وفضلات من (أو تحتوي) معادن ثمينة من فضة أو عادية مكسوة بقشرة منها (غ.م.ك). أو على مركبات معادن...,5
71129900900,بقايا وفضلات من (أو تحتوي) معادن ثمينة أو عادية مكسوة بقشرة منها (غ.م.ك) أو على مركبات معادن...,5
71131100000,حلي ومجوهرات وأجزاؤها من فضة,25
71131911000,حلي ومجوهرات وأجزاؤها من ذهب مرصعة بالالماس,5
71131919000,حلي ومجوهرات وأجزاؤها من ذهب (غ.م.ك),5
71131990000,حلي ومجوهرات وأجزاؤها من معادن ثمينة أخر (عدا الفضة أو الذهب),5
71132000000,حلي ومجوهرات وأجزاؤها من معادن عادية مكسوة بقشرة من معادن ثمينة,5
71141100000,مصنوعات صياغة وأجزاؤها من فضة,5
71141900000,"مصنوعات صياغة وأجزاؤها من معادن ثمينة أخر، (عدا الفضة)",5
71142000000,مصنوعات صياغة وأجزاؤها من معادن عادية مكسوة بقشرة من معادن ثمينة,5
71151000000,محفزات بشكل أقمشة من أسلاك أو ألواح شبكية من بلاتين,5
71159010100,مصنوعات أخر من معادن ثمينة ... (غ.م.ك) مستوردة... كمستلزمات ... لاستخداماتها الخاصة,0
71159010900,مصنوعات أخر من معادن عادية مكسوة بقشرة من ... ثمينة (غ.م.ك) مستوردة ... كمستلزمات... لاستخداماتها ...,0
71159090100,مصنوعات أخر من معادن ثمينة مكسوة بقشرة من معادن ثمينة (غ.م.ك),5
71159090900,مصنوعات أخرى من معادن عادية مكسوة بقشرة من معادن ثمينة (غ.م.ك),5
71161000000,مصنوعات من لؤلؤ طبيعي أو مستنبت,5
71162000000,مصنوعات من أحجار كريمة أو شبه كريمة (طبيعية أو تركيبية أو مجددة),5
71171100000,حلي غواية بشكل أزرار أكمام وأزرار مماثلة من معادن عادية وإن كانت مطلية بمعادن ثمينة,5
71171900000,"أصناف حلي غواية أخر (غ.م.ك) من معادن عادية، وإن كانت مطلية بمعادن ثمينة",5
71179000000,أصناف حلي غواية عدا المصنوعة من معادن عادية,5
71181000000,نقود (عملات معدنية) عدا النقود الذهبية غير مطروحة للتداول الرسمي,0
71189000000,نقود (عملات معدنية) (غ.م.ك),0
72011000000,حديد صب (زهر) من غير الخلائط محتوي 0.5% وزنا من الفسفور بشكل كتل أو قوالب أو بأشكال أولية أخر,0
72012000000,حديد صب (زهر) من غير الخلائط محتوي 0.5% وزنا من الفسفور بشكل كتل أو قوالب أو بأشكال أولية آخر,0
72015000000,خلائط حديد صب (زهر) وحديد صب (سبيجل) بشكل كتل أو قوالب أو بأشكال أولية أخر,0
72021100000,خلائط (حديد - منغنيز) تحتوي 2% وزنا من الكربون,0
72021900000,خلائط (حديد - منغنيز) تحتوي 2% وزنا من الكربون,0
72022100000,خلائط (حديد - سيليكون) تحتوي 55% وزنا من السيليكون,0
72022900000,خلائط (حديد - سيليكون) تحتوي 55% وزنا من سيليكون,0
72023000000,خلائط (حديد - سيليكون - منغنيز),0
72024100000,خلائط (حديد - كروم) تحتوي 4% وزنا من الكربون,0
72024900000,خلائط (حديد - كروم) تحتوي 4% وزنا من الكربون,0
72025000000,خلائط (حديد - سيليكون - كروم),0
72026000000,خلائط (حديد - نيكل),0
72027000000,خلائط (حديد - موليبدنيوم),0
72028000000,خلائط (حديد - تنجستين وحديد - سيليكو - تنجستين),0
72029100000,خلائط (حديد - تيتانيوم وحديد - سيليكو - تيتانيوم),0
72029200000,خلائط (حديد - فاناديوم),0
72029300000,خلائط (حديد - نيوبيوم),0
72029900000,خلائط حديدية أخر (غ.م.ك),0
72031000000,منتجات حديدية متحصل عليها بالاختزال المباشر لخام الحديد قطعا أو كتل أو كرات أو بأشكال مماثلة,0
72039000000,منتجات حديدية إسفنجية وحديد ذو نقاوة قدرها 99.94% وزنا قطعا أو كتل أو كرات أو بأشكال مماثلة,0
72041000100,خرده وفضلات من حديد صب (ظهر) مشتراه من قبل مصانع الحديد,0
72041000200,خردة وفضلات من حديد صب (ظهر) مخلوط مع خردة نحاس,0
72041000300,خردة وفضلات من حديد صب (ظهر) مخلوط مع خردة المنيوم,0
72041000900,خرده وفضلات من حديد صب (ظهر) (غ.م.ك),0
72042100100,"خردة وفضلات من خلائط فولاذية، من صلب مقاوم للصدأ مشتراه من قبل مصانع الحديد",0
72042100200,"خردة وفضلات من خلائط فولاذية، من صلب مقاوم للصدأ مخلوطة مع خردة نحاس",0
72042100300,"خردة وفضلات من خلائط فولاذية، من صلب مقاوم للصدأ مخلوطة مع خردة المنيوم",0
72042100900,"خردة وفضلات من خلائط فولاذية، من صلب مقاوم للصدأ (غ.م.ك)",0
72042900100,خردة وفضلات أخر من خلائط فولاذية (عدا من صلب مقاوم للصدأ) مشتراه من قبل مصانع الحديد,0
72042900200,اسلاك حديدية ناتجة عن اعادة تدوير الاطارات التالفة,0
72042900300,خردة وفضلات أخر من خلائط فولاذية (عدا من صلب مقاوم للصدأ) مخلوطة مع خردة نحاس,0
72042900400,خردة وفضلات أخر من خلائط فولاذية (عدا من صلب مقاوم للصدأ) مخلوطة مع خردة المنيوم,0
72042900900,خردة وفضلات أخر من خلائط فولاذية (عدا من صلب مقاوم للصدأ) (غ.م.ك),0
72043000100,"خردة وفضلات، من حديد أو صلب مطلي بالقصدير مشتراه من قبل مصانع الحديد",0
72043000900,خردة وفضلات من حديد أو صلب مطلي بالقصدير (غ.م.ك),0
72044100110,خردة وفضلات الحديد المطلي بالرصاص والخارصين مشتراه من قبل مصانع الحديد,0
72044900100,خردة وفضلات أخر (غ.م.ك) من حديد أو صلب مشتراه من قبل مصانع الحديد,0
72045000000,سبائك (إينجوت) ناتجة عن إعادة صهر خردة الحديد أو الصلب,0
72051000000,حبيبات من حديد صب (ظهر) أو (سبيجيل) أو من حديد أو صلب,0
72061000000,سبائك (اينجوت) من حديد و صلب من غير الخلائط (عدا الداخل في البند 7203),0
72071100000,منتجات نصف جاهزة من حديد .. محتوية على 0.25% من الكربون ذات مقطع عرضي مستطيل,0
72081000000,لفات مسطحة من حديد أو صلب ... مجلخة بالحرارة بعرض 600 مم غير مكسوة أو مطلية بعلامات بارزة,0
72091500000,لفات مسطحة من حديد أو صلب .. مجلخة على البارد بعرض 600 مم غير مكسوة ... سمك >= 3 مم,0
72101100000,منتجات مسطحة بالتجليخ من حديد أو صلب غير مخلوط بعرض 600 مم بسمك 0.5 مم مطلية بالقصدير,0
72102000000,منتجات مسطحة بالتجليخ من حديد أو صلب غير مخلوط بعرض 600 مم مطلية بالرصاص,5
72103000000,منتجات مسطحة بالتجليخ من حديد أو صلب... بعرض 600 مم مطلية بالزنك بطريقة التحليل الكهربائي,5
72104100000,منتجات مسطحة بالتجليخ مموجة من حديد أو صلب... بعرض 600 مم مطلية بالزنك,5
72104900000,منتجات مسطحة بالتجليخ من حديد أو صلب .. بعرض 600 مم مطلية بالزنك (غ.م.ك),5
72106100000,منتجات مسطحة بالتجليخ من حديد أو صلب ... بعرض >= 600 مم مطلية بخلائط (الالمنيوم - الزنك),5
72107000000,منتجات مسطحة بالتجليخ من حديد أو صلب ... بعرض = 600 مم مدهونة أو مورنشة أو مغطاة بلدائن,0
72132020100,عيدان مجلخة بالحرارة لفات غير .. من صلب سهل .. قطر يزيد عن 5.5 مم لا يتجاوز 7.5 ملم المستورد انتاج,15
72139110100,عيدان مجلخة بالحرارة لفات غير منتظمة من صلب او حديد بقطر 5.5 مم فما دون المستورد انتاج,0
72139120900,عيدان مجلخة بالحرارة لفات غير منتظمة من صلب او حديد قطر يزيد عن 5.5 مم لا يتجاوز 7.5 ملم (غ.م.ك),15
72141010000,قضبان من حديد أو صلب غير مشغولة أكثر من الطرق أو بالحرارة قطر 5.5 مم كمدخلات انتاج,5
72141050000,قضبان من حديد أو صلب غير مشغولة أكثر من الطرق أو التشكيل أو بالحرارة مطرقة للتسليح,25
72142050000,قضبان من حديد أو صلب غير مشغولة أكثر من الطرق أو بالحرارة محتوية تسنينات للتسليح,25
72159050000,"قضبان أخر من حديد أو من صلب من غير الخلائط (عدا سهل القطع)، (غ.م.ك) للتسليح",25
72161000000,زوايا و أشكال خاصة من حديد أو صلب مقطعها بشكل U أو I أو H غير مشغولة بالحرارة وبارتفاع 80 مم,0
72171090000,أسلاك من حديد أو صلب من غير الخلائط غير مطلية أو مغطاة (غ.م.ك),5
72172090000,"أسلاك من حديد أو صلب من غير الخلائط، مطلية أو مغطاة بالزنك (غ.م.ك)",5
73011000000,دعامات عريضة من حديد أو صلب او ما يماثلها,25
73012000000,زوايا وقطاعات وأشكال خاصة ملحومة من حديد أو صلب,25
73021000000,قضبان خطوط السكك الحديدية والترام من حديد أو صلب,5
73023000000,محولات ومقصات وأسنة مقصات وقضبان توجيه وعناصر تقاطع أخر لخطوط السكك من حديد أو صلب,5
73029010000,عوارض (فلنكات),0
73030010000,مواسير وأنابيب وأشكال خاصة (بروفيلات) مجوفة من حديد صب المستورد من قبل المصانع كمدخلات انتاج,0
73030090000,مواسير وأنابيب وأشكال خاصة (بروفيلات) مجوفة من حديد صب (غ.م.ك),25
73041110000,مواسير وأنابيب بقطر دائري لخطوط نقل النفط أو الغاز غير ملحومة من صلب مقاوم للصدا,15
73041990000,مواسير وأنابيب لخطوط نقل النفط أو الغاز غير ملحومة من حديد (عدا الصب) أو صلب (غ.م.ك),25
73042200000,"مواسير حفر من صلب مقاوم للصدا من النوع المستعمل في استخراج النفط أو الغاز، غير ملحومة",15
73043110000,"مواسير ضغط عال لتوليد الكهرباء مسحوبة أو مجلخة على البارد، دائرية غير ملحومة من حديد أو صلب غير مخلوط",25
73043130000,"أشكال خاصة مسحوبة أو بارد، مجوفة من حديد مستورد مرخصة ترشيد الطاقة مثل شمسية",25
73043921000,مواسير (غ.م.ك) وأنابيب دائرية غير ملحومة أو مسحوبة أو مجلخة البارد من حديد أو صلب غير مخلوط المستورد من قبل المصانع كمدخلات إنتاج,0
73044110000,"مواسير ضغط عال لتوليد الكهرباء مسحوبة أو مجلخة على البارد، دائرية غير ملحومة من صلب مقاوم للصدأ",25
73051100000,"أنابيب أخر لنقل النفط أو الغاز ملحومة طوليا بالقوس المغمور بقطر خارجي 406.4 مم، من حديد أو صلب",5
73053110000,"مواسير ضغط عال أخر لتوليد الكهرباء ملحومة طوليا، بقطر خارجي 406.4 مم من حديد أو صلب",25
73063090000,أنابيب ومواسير ملحومة من حديد أو صلب غير مخلوط ذات مقطع عرضي دائري (غ.م.ك),25
73066110000,تيوبات سماكة 8 ملم ملحومة ذات مقطع عرضي... من حديد .. المستورد من قبل المصانع كمدخلات انتاج,0
73066190000,أنابيب ومواسير وأشكال خاصة (بروفيلات) ملحومة ذات مقطع عرضي مربع او مستطيل من حديد (غ.م.ك),25
73069000000,أشكال خاصة (بروفيلات) مجوفة من حديد أو صلب (غ.م.ك),25
73071100000,لوازم مصبوبة للمواسير أو الأنابيب من حديد صب غير قابل للطرق,25
73071910000,لوازم مواسير أو أنابيب من حديد أو صلب المستورد من قبل المصانع كمدخلات انتاج,0
73072110000,شفاه رابطة (فلنجات) للمواسير من صلب مقاوم للصدأ مستورد مرخصة ترشيد الطاقة (مثل الشمسية),25
73079100000,شفاه رابطة (فلنجات) للمواسير أو الأنابيب من حديد أو صلب (غ.م.ك),25
73081000000,جسور وأجزاء جسور للمنشآت من حديد أو صلب,15
73083010000,أبواب ونوافذ واطرها وعتبات الابواب من حديد صب أو ... المستورد من قبل المصانع كمدخلات انتاج,0
73083090100,ابواب حديد مقاومة للحريق,25
73083090200,أبواب حديد للأمان,25
73084010000,تجهيزات معدة ومصممة حصرا للسقالات او المستوردة من قبل المصانع كمدخلات انتاج,0
73089010000,هياكل البيوت الزراعية من حديد أو صلب,5
73090000000,خزانات وصهاريج وخوابي مماثلة (غ.م.ك) بسعة 300 لتر بلا تجهيزات آلية من حديد صب او حديد أو صلب,25
73101010000,خزانات و... (غ.م.ك) بسعة 50 لتر بلا تجهيزات آلية من حديد مستوردة كمستلزمات لاستخدماتها,0
73102190000,علب تغلق باللحام أو الثني بسعة اقل من 50 لتر من حديد أو صلب (غ.م.ك),25
73110000100,"اسطوانات غاز طبية فارغة محمولة مزودة بصمام ومنظم الضغط، من حديد",0
73110000200,اسطوانات غاز منزلي فارغة,0
73121090000,"أسلاك مجدولة، حبال وحبال الرفع وكابلات من حديد أو صلب غير معزولة للكهرباء (غ.م.ك)",15
73130000000,أسلاك شائكة أسلاك مفتولة بشكل أطواق أو مفردة مسطحة أو مزدوجة للسياج من حديد أو صلب,25
73141420000,نسج معدنية أخر من صلب مقاوم للصدأ المستورد من قبل المصانع كمدخلات إنتاج,0
73142000000,"شباك وسياجات شبكية، ملحومة من أسلاك حديد أو صلب أكبر مقطع عرضي لها 3 سم أو مقاس عيونها..",25
73143100100,شباك وألواح وسياجات اخر ملحومة عند نقاط التقاطع من حديد أو صلب مطلية بالزنك المستخدمة للتسليح,0
73151100000,سلاسل بإسطوانات دوارة من حديد أو صلب,25
73170090000,مسامير ومسامير تنجيد ودبابيس الرسم ومسامير مموجة أو تدبيس وأصناف مماثلة من حديد أو صلب (غ.م.ك),15
73181500000,"براغي أخر، وإن كانت مع عزقاتها أو حلقاتها",0
73211100000,"أجهزة طبخ ومسخنات الأطباق، من حديد أو صلب، تعمل بالغاز او تعمل بالغاز ووقود آخر معا",25
73218100100,مدافيء تعمل بالغاز من حديد أو صلب,15
73218200100,مدافىء تعمل بالكاز من حديد أو صلب,25
73221990000,أجهزة إشعاع حراري للتدفئة المركزية واجزاؤها غير مسخنة كهربائيا من حديد أو صلب (غ.م.ك),25
73239100000,ادوات مائدة ومطبخ أدوات منزلية أخر واجزاؤها من حديد صب غير مطلي بالميناء,15
73239390000,أدوات مائدة وأدوات مطبخية وغيرها من الأدوات المنزلية من صلب مقاوم للصدأ (غ.م.ك),15
73241000000,مغاسل وأحواض غسيل من صلب مقاوم للصدأ,5
73242100000,أحواض استحمام (بانيوهات) من حديد صب وان كانت مطلية بالميناء,5
73269090100,قيود حديدية,5
73269090900,مصنوعات أخر من حديد أو صلب (غ.م.ك),5
74010000000,نحاس نصف خام (مات) : نحاس مرسب,0
74020000000,نحاس غير نقي : أقطاب موجبة من نحاس للتنقية بالتحليل الكهربائي,0
74031100000,أقطاب سالبة ومقاطعها من نحاس نقي,0
74031200000,قضبان - أسلاك من نحاس نقي,0
74031300000,سبائك مستطيلة القواعد من نحاس نقي,0
74031900000,نحاس نقي (غ.م.ك) بأشكال خام,0
74032100000,"خلائط أساسها النحاس مع الزنك (النحاس الأصفر)، بأشكال خام",0
74032200000,خلائط أساسها النحاس مع القصدير (برونز) بأشكال خام,0
74032900000,خلائط نحاس أخر (عدا الخلائط الرئيسية الداخلة في البند 7405) (غ.م.ك) بأشكال خام,0
74040000100,فضلات وخردة من نحاس مخلوطة بخردة حديد,0
74040000200,فضلات وخردة من نحاس مخلوطة بخردة المنيوم,0
74040000900,فضلات وخردة من نحاس (غ.م.ك),0
74050000000,خلائط رئيسية من النحاس,0
74061000000,مساحيق ذات بنية غير رقائقية من نحاس,0
74062000000,مساحيق ذات بنية رقائقية ورقائق من نحاس,0
74071000000,قضبان وعيدان وزوايا و أشكال خاصة (بروفيلات) من نحاس نقي,0
74072100000,قضبان وعيدان وزوايا وأشكال خاصة (بروفيلات) من خلائط نحاسية أساسها النحاس والزنك (نحاس أصفر),0
74072900000,قضبان وعيدان وزوايا وأشكال خاصة بروفيلات من خلائط أساسها نحاس (غ.م.ك),0
74081100000,أسلاك من نحاس نقي يزيد أكبر مقاس لمقطعها العرضي عن 6 ملم,0
74081900000,أسلاك من نحاس نقي (عدا التي مقاس مقطعها العرضي 6 مم),0
74082100000,أسلاك من خلائط نحاس أصفر,0
74082200000,أسلاك من خلائط أساسها النحاس مع النيكل أو النحاس مع النيكل والزنك,0
74082900000,أسلاك من نحاس (غ.م.ك),0
74091100000,لفات بسمك 0.15 مم من نحاس نقي,0
74091900000,غيرها (لفات نحاس نقي),0
74092100000,لفات بسمك 0.15 مم من خلائط أساسها النحاس مع الزنك (نحاس أصفر),0
74092900000,غيرها (لفات نحاس أصفر),0
74093100000,لفات بسمك 0.15 مم من خلائط أساسها النحاس مع القصدير (برونز),0
74093900000,غيرها (لفات برونز),0
74094000000,صفائح وألواح وأشرطة (عدا اللفات) بسمك 0.15 مم من خلائط أساسها كوبرونيكل أو فضة النيكل,0
74099000000,لفات بسمك 0.15 مم من خلائط أخر من نحاس (غ.م.ك),0
74101100000,"أوراق وقدد بسمك 0.15 مم من نحاس نقي، غير مثبتة على حامل",0
74101200000,"أوراق وقدد بسمك 0.15 مم من خلائط النحاس، غير مثبتة على حامل",0
74102100000,"أوراق وقدد، بسمك 0.15 مم (عدا سمك الحامل) مثبتة على حامل من نحاس نقي",0
74102200000,"أوراق وقدد، بسمك 0.15 مم (عدا سمك الحامل) مثبتة على حامل من خلائط النحاس",0
74111000000,من نحاس نقي,0
74112100000,من خلائط أساسها النحاس مع الزنك (نحاس أصفر),0
74112200000,من خلائط أساسها النحاس مع النيكل (كبرونيكل) أو من خلائط أساسها النحاس مع النيكل والزنك (فضة النيكل),0
74112900000,غيرها,0
74121000000,من نحاس نقي,0
74122000000,من خلائط النحاس,0
74130000000,"أسلاك مجدولة، كابلات، أمرأس مضفورة، وما يماثلها من نحاس، غير معزولة للكهرباء",25
74151000000,مسامير .. ودبابيس ورق الرسم ومشابك خارزة وأصناف مماثلة من نحاس أو من حديد أو صلب برؤوس من نحاس,5
74152100000,"حلقات غير ملولبة (بما في ذلك الحلقات النابضة)، من نحاس",5
74152900000,غيرها (حلقات),0
74153300000,براغي؛ صواميل (عزقات),0
74153900000,أصناف ملولبة من نحاس (غ.م.ك),5
74181000000,أدوات مائدة وأدوات مطبخية و غيرها ... إسفنجات ووسيدات أو قفازات وما يماثلها للجلي... من نحاس,5
74182000000,أدوات صحية وأجزاؤها من نحاس,5
74192010000,"خلايا غير تامة الصنع معدة لصناعة الرديترات، من نحاس، مصبوبة أو مقولبة أو مبصومة أو مطرقة، ولكن غير مشغولة أكثر من ذلك",0
74192090000,"أصناف أخر من نحاس، مصبوبة أو مقولبة أو مبصومة أو مطرقة، ولكن غير مشغولة أكثر من ذلك (غ.م.ك)",5
74198010000,خلايا غير تامة الصنع من نحاس معدة لصناعة الرديترات,0
74198020000,"قطع من نحاس (غ.م.ك)، معدة كأجزاء الحوامل تسجيل الصوت",0
74198030000,نسج معدنية؛ نوابض من نحاس؛ أجهزة غير كهربائية للطهي أو التدفئة من الانواع المعدة للاستعمال المنزلي,5
74198040000,"الأجزاء والقطع المنفصلة لأجهزة التدفئة و الطهو، من نحاس",0
74198050000,سلاسل وأجزاؤها من نحاس,5
74198090000,أصناف أخر من نحاس (غ.م.ك),5
75011000000,نيكل نصف خام,0
75012000000,أوكسيد نيكل ملبد ومنتجات وسيطة من تعدين النيكل,0
75021000000,نيكل خام غير مخلوط,0
75022000000,خلائط نيكل بشكل خام,0
75030000100,فضلات وخردة من نيكل مخلوطة بخردة نحاس,0
75030000200,فضلات وخردة من نيكل مخلوطة بخردة المنيوم,0
75030000300,فضلات وخردة من نيكل مخلوطة بخردة حديد,0
75030000900,فضلات وخردة من نيكل (غ.م.ك),0
75040000000,مساحيق ورقائق من نيكل,0
75051100000,قضبان وعيدان زوايا وأشكال خاصة (بروفيلات) من نيكل غير مخلوط,0
75051200000,قضبان وعيدان زوايا وأشكال خاصة (بروفيلات) من خلائط نيكل,0
75052100000,أسلاك من نيكل غير مخلوط,0
75052200000,أسلاك من خلائط نيكل,0
75061000000,صفائح وألواح وأشرطة وأوراق من نيكل غير مخلوط,0
75062000000,"صفائح وألواح وأشرطة وأوراق، من خلائط النيكل",0
75071100000,مواسير وأنابيب من نيكل غير مخلوط,5
75071200000,"مواسير وأنابيب، من خلائط نيكل",5
75072000000,لوازم مواسير و أنابيب (مثل وصلات وأكواع وأكمام) من نيكل,5
75081000000,نسج وشباك وألواح شبكية من أسلاك النيكل,5
75089000000,مصنوعات أخرى من نيكل (غ.م.ك),5
76011000000,المنيوم خام غير مخلوط,0
76012000100,خلائط من المنيوم و مغنيسيوم (مغنيليوم) (MgAl),0
76012000900,خلائط المنيوم (غ.م.ك),0
76020000100,خردة و فضلات من ألمنيوم غير مخلوطة مع اي معدن آخر,0
76020000200,خردة و فضلات من المنيوم مخلوطة مع حديد,0
76020000300,خردة و فضلات من المنيوم مخلوطة مع خردة نحاس...,0
76020000900,خردة و فضلات من المنيوم مخلوطة مع معادن آخر غير الحديد,0
76031000000,مساحيق ذات بنية غير رقائقية من المنيوم,0
76032000000,"مساحيق ذات بنية رقائقية، رقائق من المنيوم",0
76041010100,قضبان وعيدان وزوايا أشكال خاصة (بروفيلات) من المنيوم غير مخلوط المستوردة للمصانع الحاصلة على رخصة استيراد كمدخلات انتاج المنتجات تنتج محلياً,25
76041010900,قضبان وعيدان وزوايا أشكال خاصة (بروفيلات) من المنيوم غير مخلوط المستورد للمصانع الحاصلة على رخصة استيراد كمدخلات انتاج المنتجات لا تنتج محليا,25
76041090000,قضبان وعيدان وزوايا أشكال خاصة (بروفيلات) من المنيوم غير مخلوط (غ.م.ك),25
76042110100,مباعدات وفواصل (spacers) لألواح الزجاج المستورد من قبل المصانع كمدخلات إنتاج المنتجات تنتج محلياً,0
76042110900,مباعدات وفواصل (spacers) لألواح الزجاج المستورد من قبل المصانع كمدخلات إنتاج لمنتجات لا تنتج محلياً,0
76042120100,"غيرها (أشكال مجوفة)، المستورد من قبل المصانع كمدخلات إنتاج لمنتجات تنتج محلياً",25
76042120900,"غيرها (أشكال مجوفة)، المستورد من قبل المصانع كمدخلات إنتاج لمنتجات لا تنتج محلياً",25
76042190000,أشكال خاصة (بروفيلات) مجوفة من خلائط المنيوم (غ.م.ك),25
76042910100,"قضبان وعيدان وزوايا أشكال خاصة (بروفيلات) من خلائط المنيوم المستوردة للمصانع الحاصلة على رخصة استيراد، كمدخلات انتاج المنتجات تنتج محليا",25
76042910900,قضبان وعيدان وزوايا أشكال خاصة (بروفيلات) من خلائط المنيوم المستوردة للمصانع الحاصلة على رخصة استيراد كمدخلات انتاج لمنتجات لا تنتج محليا,25
76042990000,قضبان وعيدان وزوايا أشكال خاصة (بروفيلات) من خلائط المنيوم,25
76051100000,أسلاك من المنيوم غير مخلوط يزيد أكبر مقاس لمقطعها العرضي عن 7 مم,0
76051900000,غيرها (أسلاك المنيوم غير مخلوط),0
76052100000,أسلاك من خلائط المنيوم يزيد أكبر مقاس المقطعها العرضي عن 7 مم,0
76052900000,أسلاك من خلائط المنيوم مقاس مقطعها العرضي = 7 مم (غ.م.ك),0
76061100000,صفائح وألواح من ألومنيوم غير مخلوط,0
76061210000,الواح الالمنيوم المعزولة (الكابوند),15
76061290000,"صفائح وألواح واشرطة من خلائط ألمنيوم، بسمك 0.2 مم مستطيلة أو مربعة (غ.م.ك)",0
76069100000,غيرها من ألومنيوم غير مخلوط,0
76069200000,غيرها من خلائط ألومنيوم,0
76071120000,"أوراق من ألمنيوم، سمك 0.2 مم غير مثبتة.. مجلخة ولكن .. أكثر من ذلك المستوردة.. كمدخلات انتاج",0
76071190000,"أوراق من المنيوم، بسمك 0.2 مم غير مثبتة على حامل مجلخة ولكن غير مشغولة أكثر من ذلك (غ.م.ك)",25
76071910000,"أوراق من ألمنيوم، سمك 0.2 مم غير مثبتة.. غير مجلخة المستوردة .. كمدخلات انتاج لصناعة العبوات",0
76071930000,"أوراق من المنيوم، سمك 0.2 مم غير مثبتة على حامل غير مجلخة المستوردة من قبل ... كمدخلات انتاج",0
76071990000,"أوراق من ألمنيوم، بسمك 0.2 مم غير مثبتة على حامل، غير مجلخة، (غ.م.ك)",5
76072000000,"أوراق من ألمنيوم، مثبتة على حامل بسمك مم 0.2 (عدا سمك الحامل)",0
76081020000,مواسير وأنابيب من ألمنيوم غير مخلوط المستورد من قبل المصانع كمدخلات إنتاج,0
76081090000,مواسير وأنابيب من ألمنيوم غير مخلوط (غ.م.ك),5
76082020000,مواسير وأنابيب من خلائط ألمنيوم المستورد من قبل المصانع كمدخلات إنتاج,0
76082090000,مواسير وأنابيب من خلائط المنيوم (غ.م.ك),5
76090010000,لوازم مواسير من ألمنيوم (مثل الأكواع والوصلات والأكمام) المستورد.. المصانع كمدخلات انتاج,0
76090090000,لوازم مواسير أو أنابيب من ألمنيوم (مثل الأكواع والوصلات والأكمام) (غ.م.ك),5
76101000000,أبواب ونوافذ أطر الأبواب والنوافذ وعتبات للأبوب من المنيوم,5
76109000000,منشآت وأجزاؤها من ألمنيوم (غ.م.ك) ؛ ألواح وقضبان وزوايا وأشكال خاصة ومواسير .. المنشآت,25
76110000000,خزانات وصهاريج وخوابي .. من ألمنيوم بسعة 300 لتر غير مزودة بأدوات آلية أو حرارية,5
76121000100,لاستخدام الشركات الدوائية بسعة 10 مل - 110 مل,15
76121000900,أوعية أنبوبية طرية من ألمنيوم بسعة لا تتجاوز 300 لتر (غ.م.ك),15
76129020000,الأوعية المستخدمة في نقل الحليب سعتها 300 لتر غير المجهزة بادوات الية او حرارية من المنيوم,0
76129070100,"خزانات وبراميل ودنان وصناديق .. من ألمنيوم، بسعة 300 لتر، غير مزودة.. مستورد من قبل مصانع المشروبات والعصائر كمدخل إنتاج",0
76129070900,"خزانات وبراميل ودنان وصناديق... من المنيوم بسعة 300 لتر، غير مزودة .. مستورد من قبل مصانع كمدخل إنتاج (غ.م.ك)",0
76129090000,"خزانات وبراميل ودنان وصناديق .. من ألمنيوم بسعة 300 لتر (غ.م.ك)، غير مزودة...",25
76130000100,اسطوانات غاز طبية فارغة محمولة مزودة بصمام ومنظم الضغط من المنيوم,0
76130000900,"أوعية من ألومنيوم لتعبئة الغاز المضغوط أو المسيل، عدا الطبية",0
76141000000,أسلاك وكابلات وأمراس مجدولة وما يماثلها من ألمنيوم غير معزولة للكهرباء ذات نواه من صلب,5
76149000000,أسلاك وكابلات وأمراس مجدولة وما يماثلها من ألمنيوم غير معزولة للكهرباء غ.م.ك,25
76151010000,أدوات مائدة وأدوات مطبخية و غيرها ... إسفنجات ووسيدات أو قفازات وما يماثلها للجلي... من المنيوم,25
76151020000,أجزاء أدوات منزلية ومطبخية من ألمنيوم المستورده من قبل المصانع كمدخلات انتاج,0
76151090100,أدوات مائدة منزلية مستهلكة من ألمنيوم (للاستعمال لمرة واحدة),25
76151090900,غيرها,25
76152000000,أدوات صحية وأجزاؤها من ألمنيوم,25
76161000000,"مسامير ومسامير تنجيد، مشابك خارزة (عدا تلك الداخلة في البند 83.05) براغي وصواميل (عزقات) ومحاجن لولبية (شناكل)، مسامير برشام",0
76169110000,"نسج وشباك وألواح شبكية وسياجات، من أسلاك المنيوم المستورد من قبل المصانع كمدخلات انتاج",0
76169190000,"نسج وشباك وألواح شبكية وسياجات، من أسلاك المنيوم (غ.م.ك)",25
76169970000,مصنوعات اخر من المنيوم (غ.م.ك) المستوردة من قبل المصانع كمدخلات انتاج,0
76169990100,مخارج تهوية لأنظمة التكييف والهواء,5
76169990200,لوحات سيارات من المنيوم غير مزودة بارقام,5
76169990900,مصنوعات أخر من المنيوم (غ.م.ك),5
78011000000,رصاص خام نقي,0
78019100000,رصاص نقي محتو وزنا على عنصر الانتيموني كعنصر آخر رئيس,0
78019900000,رصاص بأشكال خام (غ.م.ك),0
78020000100,خردة وفضلات من رصاص مخلوطة بخردة حديد,5
78020000200,خردة وفضلات من رصاص مخلوطة بخردة نحاس,5
78020000300,خردة وفضلات من رصاص مخلوطة بخردة المنيوم,5
78020000900,خردة وفضلات من رصاص (غ.م.ك),5
78041100000,صفائح وأشرطة وقدد و أوراق بسمك 0.2 مم (باستثناء الحامل),0
78041900000,"ألواح وصفائح وأشرطة وقدد وأوراق (غ.م.ك)، من رصاص",0
78042000000,مساحيق ورقائق من رصاص,0
78060010000,الأنابيب الطرية المعدة لتعبئة المعاجين من رصاص,0
78060020000,"قضبان وعيدان و زوايا واشكال خاصة (بروفيلات) واسلاك، من رصاص",0
78060090000,مصنوعات أخر من رصاص (غ.م.ك),5
79011100000,زنك بأشكال خام محتوي = 99.99% وزنا من زنك غير مخلوط,0
79011200000,زنك بأشكال خام محتوي 99.99% وزنا من زنك غير مخلوط,0
79012000000,خلائط زنك بأشكال خام,0
79020000100,خردة وفضلات من زنك مخلوطة بخردة حديد,0
79020000200,خردة وفضلات من زنك مخلوطة بخردة نحاس,0
79020000300,خردة وفضلات من زنك مخلوطة بخردة المنيوم,0
79020000900,خردة وفضلات من زنك (غ.م.ك),0
79031000000,أتربة زنك (رماد الزنك),0
79039000000,مساحيق ورقائق من زنك,5
79040000000,قضبان وعيدان وزوايا وأشكال خاصة (بروفيلات) وأسلاك من زنك,0
79050000000,صفائح وألواح وأشرطة ولفائف من زنك,0
79070030000,مصنوعات أخر من زنك المستورد من قبل المصانع كمدخلات انتاج,0
79070090000,مصنوعات أخر من زنك (غ.م.ك),5
80011000000,قصدير غير مخلوط بأشكال خام,0
80012000000,خلائط قصدير بأشكال خام,0
80020000100,فضلات وخردة من قصدير مخلوطة بخردة حديد,0
80020000200,فضلات وخردة من قصدير مخلوطة بخردة نحاس,0
80020000300,فضلات وخردة من قصدير مخلوطة بخردة المنيوم,0
80020000900,فضلات وخردة من قصدير (غ.م.ك),0
80030000000,قضبان وعيدان وأشكال خاصة (بروفيلات) وأسلاك من قصدير,0
80070010000,الأوعية وسداداتها من قصدير المعدة لتعبئة المنتجات الصناعية,0
80070020000,الأنابيب الطرية لتعبئة المعاجين من قصدير (غ.م.ك),0
80070030000,اوراق وان كانت مطبوعة ... لا يتجاوز سمكها 0.2 ملم (باستثناء سمك الحامل) مساحيق ورقائق من قصدير,0
80070040000,مصنوعات أخر من قصدير (غ.م.ك) المستورد من قبل المصانع كمدخلات انتاج,0
80070090000,مصنوعات أخر من قصدير (غ.م.ك),5
81011000000,مساحيق من تنجستين (ولفرام),0
81019400000,"تنجستين خام، بما في ذلك القضبان والعيدان المتحصل عليها بعملية التلبيد فقط",0
81019600000,أسلاك من تنجستين,5
81019700100,خردة وفضلات من تنجستين (ولفرام) مخلوطة بخردة حديد,5
81019700200,خردة وفضلات من تنجستين (ولفرام) مخلوطة بخردة نحاس,5
81019700300,خردة وفضلات من تنجستين (ولفرام) مخلوطة بخردة المنيوم,5
81019700900,خردة وفضلات من تنجستين (ولفرام) (غ.م.ك),5
81019910000,قضبان وعيدان (غ.م.ك) زوايا و أشكال خاصة (بروفيل) وصفائح والواح وأشرطة ولفائف من تنجستين,0
81019990000,مصنوعات من تنجستين (ولفرام) (غ.م.ك),5
81021000000,مساحيق من مولبيدنيوم,0
81029400000,مولبيدنيوم خام بما في ذلك القضبان والعيدان المتحصل عليها بعملية التلبيد فقط,0
81029500000,قضبان وعيدان (غ.م.ك) زوايا و أشكال خاصة (بروفيل) وصفائح وألواح وأشرطة ولفائف من مولبيد نيوم,0
81029600000,أسلاك من مولبيدنيوم,5
81029700100,فضلات وخردة من مولبيدنيوم (مخلوطة بخردة حديد),5
81029700200,خردة وفضلات من موليبدنيوم مخلوطة بخردة نحاس,5
81029700300,خردة وفضلات من موليبدنيوم مخلوطة بخردة المنيوم,5
81029700900,خردة وفضلات من موليبدنيوم (غ.م.ك),5
81029900000,مصنوعات من مولبيدنيوم (غ.م.ك),5
81032000000,تنتالوم خام ومساحيق بما فيها القضبان والعيدان المتحصل عليها بعملية تلبيد فقط),0
81033000100,خردة وفضلات من تنتاليوم مخلوطة بخردة حديد,5
81033000200,خردة وفضلات من تنتاليوم مخلوطة بخردة نحاس,5
81033000300,خردة وفضلات من تنتاليوم مخلوطة بخردة المنيوم,5
81033000900,خردة وفضلات من تنتاليوم (غ.م.ك),5
81039100000,بوتقات من تنتاليوم,0
81039900000,تنتاليوم ومصنوعاته (عدا البوتقات) (غ.م.ك),0
81041100000,ماغنسيوم خام يحتوي 99.8% وزنا من الماغنسيوم,0
81041900000,ماغنسيوم خام يحتوي 99.8% وزنا من الماغنسيوم,0
81042000100,خردة وفضلات من ماغنسيوم مخلوطة بخردة حديد,5
81042000200,خردة وفضلات من ماغنسيوم مخلوطة بخردة نحاس,5
81042000300,خردة وفضلات من ماغنسيوم مخلوطة بخردة المنيوم,5
81042000900,خردة وفضلات من ماغنسيوم (غ.م.ك),5
81043000000,برادة وخراطة وحبيبات مصنفة تبعا للحجم ومساحيق من ماغنسيوم,5
81049000000,مصنوعات من ماغنسيوم (غ.م.ك),5
81052000000,كوبالت نصف خام (مات) ومنتجات وسيطة اخر من تعدين الكوبالت كوبالت باشكال مختلفة مساحيق,0
81053000100,خردة وفضلات من كوبالت مخلوطة بخردة حديد,5
81053000200,خردة وفضلات من كوبالت مخلوطة بخردة نحاس,5
81053000300,خردة وفضلات من كوبالت مخلوطة بخردة المنيوم,5
81053000900,خردة وفضلات من كوبالت (غ.م.ك),5
81059000000,مصنوعات من كوبالت (غ.م.ك),0
81061010000,بيزموت خام محتوي على أكثر من 99.99% من بيزموت وزناً,5
81061090100,مصنوعات من بيزموت (عدا الخام) محتوي على أكثر من 99.99% من بيزموت وزناً,5
81061090910,فضلات و خرده من بيزموت يحتوي على أكثر من 99.99% من بيزموت وزناً مخلوطة بخردة حديد,5
81061090920,فضلات وخرده من بيزموت يحتوي على أكثر من 99.99% من بيزموت وزناً مخلوطة بخردة نحاس,5
81061090930,فضلات و خرده من بيزموت يحتوي على أكثر من 99.99% من بيزموت وزناً مخلوطة بخردة المنيوم,5
81061090990,فضلات وخرده من بيزموت يحتوي على أكثر من 99.99% من بيزموت وزناً (غ.م.ك),5
81069010000,"بيزموت خام (عدا المحتوية على أكثر من 99.99% من بيزموت، وزناً)",5
81069090100,"مصنوعات من بيزموت (عدا المحتوية على أكثر من 99.99% من بيزموت، وزناً عدا الخام منها)",5
81069090910,"فضلات وخرده من بيزموت (عدا المحتوية على أكثر من 99.99% من بيزموت، وزناً مخلوطة بخردة حديد)",5
81069090920,"فضلات و خرده من بيزموت (عدا المحتوية على أكثر من 99.99% من بيزموت، وزناً مخلوطة بخردة نحاس)",5
81069090930,"فضلات و خرده من بيزموت (عدا المحتوية على أكثر من 99.99% من بيزموت، وزناً مخلوطة بخردة المنيوم)",5
81069090990,"فضلات وخرده من بيزموت (عدا المحتوية على أكثر من 99.99% من بيزموت، وزناً) (غ.م.ك)",5
81082000000,تيتانيوم خام او مساحيق,5
81083000100,خردة وفضلات من تيتانيوم مخلوطة بخردة حديد,5
81083000200,خردة وفضلات من تيتانيوم مخلوطة بخردة نحاس,5
81083000300,خردة وفضلات من تيتانيوم مخلوطة بخردة المنيوم,5
81083000900,خردة وفضلات من تيتانيوم (غ.م.ك),5
81089000000,مصنوعات من تيتانيوم (غ.م.ك),5
81092110000,"زيركونيوم بأشكال خام، يحتوي على أقل من جزء واحد من الهافنيوم إلى 500 جزء من الزيركونيوم وزناً",5
81092190000,"مساحيق من زركونيوم، تحتوي على أقل من جزء واحد من الهافنيوم إلى 500 جزء من الزيركونيوم وزناً",5
81092910000,زير كونيوم بأشكل خام (غ.م.ك),5
81092990000,مساحيق من زير كونيوم (غ.م.ك),5
81093100100,"خردة وفضلات من زير كونيوم، تحتوي على أقل من جزء واحد من الهافنيوم إلى 500 جزء من الزيركونيوم وزناً مخلوطة بخردة حديد",5
81093100200,"خردة وفضلات من زير كونيوم، تحتوي على أقل من جزء واحد من الهافنيوم إلى 500 جزء من الزيركونيوم وزناً مخلوطة بخردة نحاس",5
81093100300,"خردة وفضلات من زير كونيوم، تحتوي على أقل من جزء واحد من الهافنيوم إلى 500 جزء من الزيركونيوم وزناً مخلوطة بخردة المنيوم",5
81093100900,"خردة وفضلات من زير كونيوم، تحتوي على أقل من جزء واحد من الهافنيوم إلى 500 جزء من الزيركونيوم وزناً (غ.م.ك)",5
81093900100,خردة وفضلات من زير كونيوم عدا التي تحتوي على أقل من جزء واحد من الهافنيوم إلى 500 جزء من الزيركونيوم وزناً مخلوطة بخردة حديد,5
81093900200,خردة وفضلات من زير كونيوم عدا التي تحتوي على أقل من جزء واحد من الهافنيوم إلى 500 جزء من الزيركونيوم وزناً مخلوطة بخردة نحاس,5
81093900300,خردة وفضلات من زير كونيوم عدا التي تحتوي على أقل من جزء واحد من الهافنيوم إلى 500 جزء من الزيركونيوم وزناً مخلوطة بخردة المنيوم,5
81093900900,خردة وفضلات من زير كونيوم عدا التي تحتوي على أقل من جزء واحد من الهافنيوم إلى 500 جزء من الزيركونيوم وزناً (غ.م.ك),5
81099100000,"مصنوعات من زيركونيوم، تحتوي على أقل من جزء واحد من الهافنيوم إلى 500 جزء من الزيركونيوم وزناً",0
81099900000,مصنوعات من زير كونيوم (غ.م.ك),0
81101000000,انتيموني خام او مساحيق,5
81102000100,خردة وفضلات من أنتيموان مخلوطة بخردة حديد,5
81102000200,خردة وفضلات من أنتيموان مخلوطة بخردة نحاس,5
81102000300,خردة وفضلات من أنتيموان مخلوطة بخردة المنيوم,5
81102000900,خردة وفضلات من أنتيموان (غ.م.ك),5
81109000000,مصنوعات اخر من انتيموني (غ.م.ك),5
81110010000,منجنيز بأشكال خام,5
81110090100,"مصنوعات، من منجنيز (غ.م.ك)",5
81110090910,فضلات وخردة من منجنيز مخلوطة بخردة حديد,5
81110090920,فضلات وخردة من منجنيز مخلوطة بخردة نحاس,5
81110090930,فضلات وخردة من منجنيز مخلوطة بخردة المنيوم,5
81110090990,فضلات وخردة من منجنيز (غ.م.ك),5
81121200000,بيريليوم بأشكال خام او مساحيق,5
81121300100,خردة وفضلات من بيريليوم مخلوطة بخردة حديد,5
81121300200,خردة وفضلات من بيريليوم مخلوطة بخردة نحاس,5
81121300300,خردة وفضلات من بيريليوم مخلوطة بخردة المنيوم,5
81121300900,خردة وفضلات من بيريليوم (غ.م.ك),5
81121900000,مصنوعات من بيريليوم (غ.م.ك),5
81122100000,"كروميوم، خام او مساحيق",5
81122200100,خردة وفضلات من كروميوم (كروم) مخلوطة بخردة حديد,5
81122200200,خردة وفضلات من كروميوم (كروم) مخلوطة بخردة نحاس,5
81122200300,خردة وفضلات من كروميوم (كروم) مخلوطة بخردة المنيوم,5
81122200900,خردة وفضلات من كروميوم (كروم) (غ.م.ك),5
81122900000,مصنوعات اخر من كروميوم (غ.م.ك),0
81123110000,هافنيوم خام,5
81123190100,مساحيق من هافنيوم,5
81123190910,خردة وفضلات من هافنيوم مخلوطة بخردة حديد,5
81123190920,خردة وفضلات من هافنيوم مخلوطة بخردة نحاس,5
81123190930,خردة وفضلات من هافنيوم مخلوطة بخردة المنيوم,5
81123190990,خردة وفضلات من هافنيوم (ع.م.ك),5
81123900000,هافينيوم (غ.م.ك) (عدا بأشكال خام؛ فضلات وخردة؛ مساحيق),5
81124110000,رينيوم خام,5
81124190100,مساحيق من رينيوم,5
81124190910,خردة وفضلات من رينيوم مخلوطة بخردة حديد,5
81124190920,خردة وفضلات من رينيوم مخلوطة بخردة نحاس,5
81124190930,خردة وفضلات من رينيوم مخلوطة بخردة المنيوم,5
81124190990,خردة وفضلات من رينيوم (غ.م.ك),5
81124900000,رينيوم (غ.م.ك) (عدا بأشكال خام ؛ فضلات وخردة ؛ مساحيق),5
81125100000,ثاليوم خام او مسحوق,5
81125200100,خردة وفضلات من ثاليوم مخلوطة بخردة حديد,5
81125200200,خردة وفضلات من ثاليوم مخلوطة بخردة نحاس,5
81125200300,خردة وفضلات من ثاليوم مخلوطة بخردة المنيوم,5
81125200900,خردة وفضلات من ثاليوم (غ.م.ك),5
81125900000,مصنوعات اخر من ثاليوم (غ.م.ك),5
81126100100,خردة وفضلات من كادميوم مخلوطة بخردة حديد,5
81126100200,خردة وفضلات من كادميوم مخلوطة بخردة نحاس,5
81126100300,خردة وفضلات من كادميوم مخلوطة بخردة المنيوم,5
81126100900,خردة وفضلات من كادميوم (غ.م.ك),5
81126910000,كادميوم بأشكال خام,5
81126990000,كادميوم (غ.م.ك) (عدا الخام),5
81129210000,"كاليوم، هافنيوم، أنديوم، نيوبيوم، رينيوم وتاليوم بأشكال خام",5
81129290100,مساحيق من جرمانيوم وفاناديوم وجاليوم وانديوم ونيوبيوم (كولومبيوم),5
81129290910,خردة و فضلات من جرمانيوم وفاناديوم وجاليوم وانديوم ونيوبيوم (كولومبيوم) مخلوطة بخردة حديد,5
81129290920,خردة و فضلات من جرمانيوم وفاناديوم وجاليوم وانديوم ونيوبيوم (كولومبيوم) مخلوطة بخردة نحاس,5
81129290930,خردة و فضلات من جرمانيوم وفاناديوم وجاليوم وانديوم ونيوبيوم (كولومبيوم) مخلوطة بخردة المنيوم,5
81129290990,خردة و فضلات من جرمانيوم وفاناديوم وجاليوم وانديوم ونيوبيوم (كولومبيوم) (غ.م.ك),5
81129900000,"مصنوعات من كاليوم، هافنيوم، أنديوم، نيوبيوم، رينيوم متاليوم (غ.م.ك)",5
81130010000,خلائط خزفية معدنية بأشكال خام,5
81130090100,مصنوعات من خلائط معدنية خزفية (سيرميت),5
81130090910,خردة و فضلات من خلائط معدنية خزفية (سيرميت) مخلوطة بخردة حديد,5
81130090920,خردة و فضلات من خلائط معدنية خزفية (سيرميت) مخلوطة بخردة نحاس,5
81130090930,خردة و فضلات من خلائط معدنية خزفية (سيرميت) مخلوطة بخردة المنيوم,5
81130090990,خردة و فضلات من خلائط معدنية خزفية (سيرميت) (غ.م.ك),5
82011000000,مجارف ورفوش يدوية من معادن عادية,5
82013000000,"معاول ومحافر ومعازق وأمشاط، يدوية من معادن عادية",5
82014000000,فؤوس وبلطات وعدد قاطعة مماثلة يدوية من معادن عادية,5
82015010000,مقصات تقطيع الدواجن التي تدار بيد واحدة من معادن عادية,5
82015090000,"مقصات تقليم ومشاذب و مجزات، تدار بيد واحدة، عدا مقصات تقطيع الدواجن من معادن عادية",0
82016000000,مجزات أعشاب ومجزات تقليم أخر تدار باليدين من معدن أساس,0
82019010000,"مناجل مشاول وسكاكين الكلأ و القش مجزات ومقصات الأغنام، يدوية من معادن عادية",0
82019020000,مذاري يدوية من معادن عادية,0
82019090000,عدد يدوية أخر مستعملة في الزراعة أو البستنة أو الغابات يدوية من معادن عادية,5
82021000000,مناشير يدوية,5
82022000000,"نصال مناشير دائرية ونصال مقفلة بدون نهايات ""شلة""",0
82023100000,بأجزاء عاملة من صلب,0
82023900000,"غيرها، بما في ذلك الأجزاء",0
82024000000,نصال مناشير سلاسل,0
82029100000,نصال مناشير مستقيمة لشغل المعادن,5
82029900000,نصال مناشير أخر (غ.م.ك),0
82031000000,مبارد ومبارد للخشب وعدد يدوية مماثلة,5
82032000000,"كماشات وزراديات بنسات (بما في ذلك الأنواع القاطعة، ملاقط، وعدد مماثلة)",5
82033000000,مقصات لقطع المعادن وعدد مماثلة,5
82034000000,قاطعات مواسير وقاطعات مسامير و براغي ومثاقب تخريم وعدد يدوية مماثلة,5
82041100000,"مفاتيح ربط وشد يدوية، غير قابلة للتعديل",5
82041200000,مفاتيح ربط وشد يدوية قابلة للتعديل,5
82042000000,قطع مفاتيح الربط والشد القابلة للتبديل,5
82051000000,أدوات ثقب ولولبة وطرق يدوية,5
82052000000,المطارق والمطارق الثقيلة,5
82053000000,مساحج (فارات وأزاميل وأزاميل مقعرة وما يماثلها من أدوات قاطعة الشغل الخشب,5
82054000000,مفكات,5
82055100000,عدد يدوية أخر للإستعمال المنزلي,5
82055910000,عدد يدوية أخر (غ.م.ك) المستورد من قبل المصانع كمستلزمات انتاج لاستخداماتها الخاصة,0
82055990000,عدد يدوية أخر (غ.م.ك),5
82056000000,مواقد لحام,5
82057000000,ملازم ومرابط وما يماثلها,5
82059010000,عدد منزلية بشكل مجموعات (أطقم) تحتوي على الأقل على إثنين من الأصناف الداخلة في البند 8205,5
82059030000,سنادين أكوار : قابلة للحمل دواليب شحذ بهياكلها تدار باليد أو بالقدم من معادن عادية,5
82059040000,مجموعات (أطقم) تحتوي على الأقل .. البند (8205) مستورد.. كمستلزمات .. لاستخداماتها ....,0
82059090000,"مجموعات (أطقم) تحتوي على الأقل على إثنين من الأصناف الداخلة في البند (8205)، عدا المنزلية",5
82060010000,عدد تحتوي على اثنين أو أكثر من البنود 8202 إلى 8205 كمجموعات (م.ل.ت) مستوردة كمستلزمات لاستخداماتها الخاصة,0
82060090000,عدد تحتوي على اثنين أو أكثر من الأصناف الداخلة في البنود من 8202 إلى 8205 كمجموعات (م.ل.ت) (غ.م.ك),5
82071310000,أدوات حفر وثقب بجزء عامل من خلائط معدنية خزفية مستورد.. كمستلزمات .. لاستخداماتها الخاصة,0
82071390000,أدوات حفر وثقب التربة والصخور بجزء عامل من خلائط معدنية خزفية (سيرميت) (غ.م.ك),5
82071910000,أدوات حفر وثقب التربة والصخور الأجزاء المستورد.. كمستلزمات .. لاستخدماتها الخاصة,0
82071990000,أدوات حفر و ثقب التربة والصخور (غ.م.ك) بما في ذلك الأجزاء,5
82072010000,قوالب تشكيل الألمنيوم من معادن عادية المستوردة من قبل المصانع,0
82072090000,قوالب سحب وبثق المعادن (غ.م.ك),5
82073010000,قوالب تشكيل المعادن من معادن عادية المستوردة من قبل المصانع,0
82073020000,"عدد للضغط أو للكبس أو البصم أو الطبع أو من معادن عادية، مستورد.. كمستلزم .. لاستخداماتها الخاصة",0
82073090000,عدد للضغط أو للكبس أو البصم أو الطبع أو التثقيب من معادن عادية (غ.م.ك),5
82074010000,قوالب تشكيل الألمنيوم من معادن عادية المستوردة من قبل المصانع,0
82074090000,ادوات للولبة الداخلية او الخارجية (غ.م.ك),5
82075000000,عدد الحفر عدا عدد حفر الصخور,5
82076000000,عدد التقعير والتقوير,5
82077000000,أدوات للتفريز,5
82078000000,عدد الخرط,5
82079010000,عدد آخر قابلة للتبديل المستورد.. كمستلزمات انتاج لاستخداماتها الخاصة,0
82079090000,عدد آخر قابلة للتبديل (غ.م.ك),5
82081000000,سكاكين ونصال قاطعة لآلات وأجهزة شغل المعادن,0
82082000000,سكاكين ونصال قاطعة لآلات وأجهزة شغل الأخشاب,0
82083000000,سكاكين ونصال قاطعة لأجهزة المطابخ أو للآلات المستعملة في صناعة الأغذية,0
82084000000,سكاكين ونصال قاطعة لآلات الزراعة أو البستنة أو الغابات,0
82089000000,سكاكين ونصال قاطعة أخر لآلات أو أجهزة (غ.م.ك),0
82090010000,أطراف ورؤوس وما يماثلها للعدد غير مركبة من خلائط (سير ميت) مستورد من قبل المصانع كمدخلات انتاج,0
82090090000,"أطراف ورؤوس و ما يماثلها للعدد، غير مركبة من خلائط معدنية خزفية (سيرميت) (غ.م.ك)",5
82100000000,أجهزة آلية تدار باليد تزن 10 كغ للإستعمال في تحضير أو .. تقديم الأطعمة أو الأشربة,5
82111000000,مجموعات (أطقم) من سكاكين ذات نصال قاطعة عدا الداخلة في البند 8208,5
82119100000,سكاكين مائدة ذات نصال ثابتة عدا الداخلة في البند 8208,5
82119210000,"مطاوي تقليم وتطعيم الأشجار، ذات نصال ثابتة عدا الداخلة في البند 8208",5
82119290000,سكاكين أخر ذات نصال ثابتة (غ.م.ك) عدا الداخلة في البند 8208,5
82119310000,مطاوي تقليم وتطعيم أشجار (عدا ذات نصال ثابتة عدا الداخلة في البند 8208),5
82119390000,"سكاكين ذات نصال (عدا ذات نصال ثابتة) (غ.م.ك)، عدا الداخلة في البند 8208",5
82119400000,نصال سكاكين عدا الداخلة في البند 8208,5
82119500000,مقابض سكاكين من معدن أساس,5
82121000000,أمواس وأدوات حلاقة,5
82122010000,نصال لأمواس الحلاقة المأمونة غير تامة الصنع بشكل اشرطة وقدد المستوردة .. المصانع كمدخلات انتاج,5
82122090000,نصال لأمواس الحلاقة المأمونة (غ.م.ك),5
82129000000,أجزاء أخر الأمواس وأدوات الحلاقة (غ.م.ك),5
82130000000,مقصات ونصالها,5
82141000100,برايات أقلام الرصاص,5
82141000900,"قاطعات الورق وفاتحات الرسائل وسكاكين المحو، ونصال البرايات",5
82142000000,أدوات ومجموعات تجميل الأظافر (بما فيها مبارد الأظافر),5
82149000000,أدوات قاطعة آخر (غ.م.ك) مثل : أدوات قص أو جز الشعر وسواطير وسكاكين الجزارين أو المطبخ,5
82151000000,مجموعات تحتوي على صنف واحد على الأقل مطلي بمعدن ثمين من ملاعق وشوك ومغارف ومقشدات وقاطعات,5
82152000000,مجموعات من ملاعق وشوك ومغارف ومقشدات وقاطعات الكعك وسكاكين للسمك والزبدة .. إلخ. (غ.م.ك),5
82159100000,ملاعق وشوك ومغارف ومقشدات وقاطعات الكعك وسكاكين للسمك والزبدة ... مطلية بمعادن ثمينة,5
82159900000,ملاعق وشوك ومغارف ومقشدات وقاطعات الكعك وسكاكين للسمك والزبدة وملاقط سكر ... (غ.م.ك),5
83011010000,أقفال من معادن عادية المستورد من قبل المصانع كمدخلات انتاج,0
83011090100,أقفال الكترونية,5
83011090900,أقفال من معادن عادية (غ.م.ك),5
83012000000,"مغاليق (غالات من الأنواع المستعملة للسيارات، من معادن عادية",5
83013000000,مغاليق (غالات من الأنواع المستعملة للأثاث من معادن عادية,0
83014010000,مغاليق (غالات) (غ.م.ك) من معادن عادية المعدة للحقائب حقائب السفر وحقائب اليد وما يماثلها),0
83014020000,مغاليق (غالات) (غ.م.ك) من معادن عادية المستوردة من قبل المصانع كمدخلات انتاج,0
83014090000,مغاليق (غالات) أخر من معادن عادية (غ.م.ك),5
83015010000,مغاليق واطر مغاليق محتوية على اقفال المعدة للحقائب السفر اليد..,0
83015020000,أبازيم وأطر بأبازيم محتوية على مغاليق (غالات من معادن عادية المستورد من قبل المصانع كمدخل انتاج,0
83015090000,أبازيم وأطر بأبازيم محتوية على مغاليق (غالات) من معادن عادية (غ.م.ك),5
83016010000,أجزاء أقفال ومغاليق (غالات من معادن عادية المستورد من قبل المصانع كمدخلات إنتاج,0
83016090000,أجزاء أقفال ومغاليق (غالات من معادن عادية (غ.م.ك),5
83017000000,مفاتيح مقدمة على حدة من معادن عادية,5
83021000000,مفصلات من معادن عادية,0
83022000000,عجلات تدحرج (castors),0
83023000000,"تركيبات ولوازم وأصناف أخر مماثلة، مما يستعمل للسيارات من معادن عادية",5
83024110000,تركيبات ولوازم و... أخر مماثلة للمباني من معادن عادية المستوردة من قبل المصانع كمدخلات انتاج,0
83024190000,تركيبات ولوازم وأصناف أخر مماثلة للمباني من معادن عادية (غ.م.ك),5
83024200000,تركيبات ولوازم مما يستعمل للأثاث من معادن عادية,0
83024900000,تركيبات ولوازم وأصناف أخر مماثلة من معادن عادية عدا المستعملة في المباني والأثاث,0
83025000000,مشاجب وحوامل قبعات وتركيبات حاملة وتركيبات مماثلة من معادن عادية,5
83026000000,غالقات ذاتية الحركة للأبواب من معادن عادية,5
83030000000,"أبواب مصفحة وخزائن ودائع وأمانات للغرف المأمونة، علب .. وما يماثلها من معادن عادية",25
83040000000,"علب للملفات وللمصنفات ولبطاقات الفهرسة و أصناف مماثلة من معادن عادية للمكاتب، عدا أصناف 9403",25
83051010000,تركيبات لمصنفات ضم الأوراق ... من معادن عادية المستورد من قبل المصانع كمدخلات إنتاج,0
83051090000,تركيبات المصنفات ضم الأوراق (دوسيهات أو للملفات من معادن عادية (غ.م.ك),5
83052000000,مشابك خارزة (دبابيس تخريس) بشكل أمشاط من معادن عادية,0
83059020000,أجزاء ماسكات وشابكات وزوايا .. ورقاع . . مماثلة من معادن عادية المستوردة.. كمدخلات انتاج,0
83059090000,"ماسكات وشابكات وزوايا رسائل ومشابك ورق ورقاع للفهرسة.. مماثلة، أجزاء من معادن عادية (غ.م.ك)",5
83061000000,أجراس ونواقيس وما يماثلها من معادن عادية,5
83062100100,ميداليات من حديد (مطلية بمعادن ثمينة),5
83062100900,تماثيل وأصناف أخر للتزيين من معادن عادية مطلية بمعادن ثمينة,5
83062900100,ميداليات من حديد,5
83062900900,تماثيل وأصناف أخر للتزيين من معادن عادية عدا المطلية بمعادن ثمينة,5
83063000000,أطر للصور الفوتوغرافية واللوحات أو ما يماثلها ومرايا من معادن عادية,5
83071010000,أنابيب ومواسير مرنة من حديد أو صلب المستوردة .. الفرامل والكلاتش كمدخلات انتاج,0
83071090000,أنابيب ومواسير مرنة من حديد أو صلب (غ.م.ك),5
83079010000,أنابيب ومواسير مرنة من معادن عادية أخر المستوردة من قبل المصانع كمدخلات انتاج,0
83079090000,أنابيب ومواسير مرنة من معادن عادية أخر (غ.م.ك),5
83081000000,محاجن و عرى و عينيات من معادن عادية,0
83082000000,مسامير برشام مجوفة أو مشقوقة الساق من معادن عادية,0
83089010000,"اغلاق، أطر بإغلاق أبازيم ... من معادن عادية للألبسة والأحذية ولوازم.. مصنوعات الجلود والنسيج",0
83089090000,أجزاء من معادن عادية لأصناف البند 8308,5
83091010000,أغطية تاجية من معادن عادية المستورد من قبل المصانع كمدخلات انتاج,0
83091090000,أغطية تاجية من معادن عادية (غ.م.ك),5
83099040000,أغطية وسدادات عبوات وكبسولات و .. ولوازم إحكام الاغلاق من معادن عادية مستورد.. لمصانع انتاج,0
83099090000,أغطية وسدادات عبوات وكبسولات وأختام ولوازم إحكام الإغلاق (غ.م.ك) من معادن عادية,5
83100000100,لوحات سيارات (نمر),25
83100000900,"لافتات لوحات أسماء وعناوين، ولوحات مماثلة وأرقام وحروف وعلامات أخر من معادن عادية (غ.م.ك)",25
83111000000,"أقطاب لحام مكسوة للحام بالقوس الكهربائي، من معادن عادية",0
83112000000,أسلاك محشوة للحام بالقوس الكهربائي من معادن عادية,0
83113000000,عيدان مكسوة وأسلاك محشوة للحام باللهب من معادن عادية,0
83119000000,غيرها,0
84011000000,مفاعلات نووية,0
84012000000,آلات وأجهزة للفصل النظائري وأجزاؤها,0
84013000000,عناصر وقود (خراطيش) لم تتعرض للإشعاع للمفاعلات النووية,0
84014000000,أجزاء مفاعلات نووية,0
84021100000,"مراجل توليد البخار المائي، بأنابيب مائية تنتج 45 طن / ساعة من البخار المائي",0
84021200000,مراجل توليد البخار المائي بأنابيب مائية تنتج - 45 طن / ساعة من البخار المائي,0
84021900000,مراجل آخر لتوليد البخار المائي (غ.م.ك),0
84022000000,مراجل المياه المسعرة,0
84029000000,أجزاء المراجل توليد البخار المائي ولمراجل المياه المسعرة,0
84031000000,مراجل للتدفئة المركزية عدا الداخلة بالبند 8402,25
84039020000,مقاطع مراجل التدفئة المركزية من حديد السكب,5
84039030000,أجزاء لمراجل التدفئة المركزية المستوردة من قبل المصانع كمدخلات انتاج,0
84039090000,أجزاء المراجل التدفئة المركزية (غ.م.ك),5
84041010000,أجهزة مساعدة للمراجل الداخلة في البند 8402 مثل الموفرات والمسعرات ومزيلات الهباب,0
84041090000,أجهزة مساعدة للمراجل الداخلة في البند 8403 مثل الموفرات والمسعرات ومزيلات الهباب,5
84042000000,مكثفات للآلات البخارية,0
84049010000,أجزاء للأجهزة المساعدة للمراجل الداخلة في البند 8402,0
84049090000,أجزاء للأجهزة المساعدة للمراجل الداخلة في البند 8403 ولمكثفات الآلات البخارية,5
84051000000,مولدات غازات ومولدات غازات من الماء مولدات الأستيلين وغازات مماثلة من الماء,0
84059000000,أجزاء مولدات غازات أو غازات مائية .. الخ,0
84061000000,عنفات بخارية لتسيير المراكب المائية,0
84068100000,عنفات بخارية أخر ذات قدرة - 40MW (غ.م.ك),0
84068200000,"عنفات بخارية أخر، بقدرة 40MW (غ.م.ك)",0
84069000000,أجزاء عنفات بخارية,0
84071000000,محركات ذات مكابس متناوبة أو دوارة يتم الإشتعال فيها بالشرر للطائرات,5
84072100000,محركات خارجية (غير ثابتة) لتسيير المراكب المائية,5
84072900000,محركات ذات مكابس متناوبة أو دوارة يتم الاشتعال فيها بالشرر لتسيير المراكب المائية (غ.م.ك),5
84073110100,محركات جديدة بمكابس متناوبة يتم الاشتعال .. لتسيير مركبات الفصل 87 سعة إسطواناتها 50 سم3 هجينة,5
84073110900,محركات جديدة بمكابس متناوبة يتم الاشتعال.. لتسيير مركبات الفصل 87 سعة إسطواناتها 50 سم3 (غ.م.ك),5
84073120100,محركات مستعملة بمكابس متناوبة يتم الاشتعال.. بالشرر لمركبات الفصل 87 سعة إسطواناتها 50 سم3 هجينة,5
84073120900,محركات مستعملة بمكابس متناوبة يتم الاشتعال.. بالشرر لمركبات الفصل 87 سعة إسطواناتها 50 سم3 (غ.م.ك),5
84073210100,محركات جديدة بمكابس متناوبة يتم الاشتعال.. لمركبات الفصل 87 سعة إسطواناتها > 50 و 250 سم3 هجينة,5
84073210900,محركات جديدة بمكابس متناوبة يتم الاشتعال.. لمركبات الفصل 87 سعة إسطواناتها > 50 و 250 سم3 (غ.م.ك),5
84073220100,محركات مستعملة بمكابس متناوبة يتم الاشتعال.. لمركبات الفصل 87 سعة إسطواناتها > 50 و 250 سم3 هجينة,5
84073220900,محركات مستعملة بمكابس متناوبة يتم الاشتعال.. لمركبات الفصل 87 سعة إسطواناتها > 50 و 250 سم3 (غ.م.ك),5
84073330100,محركات جديدة مكابس متناوبة .. الاشتعال.. المركبات .. سعة إسطوانة > 250 و 1000 سم المستورد.. انتاج هجينة,0
84073330900,محركات جديدة مكابس متناوبة .. الاشتعال.. المركبات .. سعة إسطوانة > 250 و 1000 سم المستورد.. انتاج (غ.م.ك),0
84073340100,محركات جديدة بمكابس متناوبة يتم الاشتعال.. المركبات .. سعة إسطواناتها > 250 و 1000 سم3 هجينة,5
84073340900,محركات جديدة بمكابس متناوبة يتم الاشتعال.. لمركبات .. سعة إسطواناتها > 250 و 1000 سم3 (غ.م.ك),5
84073350100,محركات مستعملة بمكابس متناوبة يتم الاشتعال.. المركبات ... سعة إسطواناتها > 250 و 1000 سم3 هجينة,5
84073350900,محركات مستعملة بمكابس متناوبة يتم الاشتعال.. المركبات ... سعة إسطواناتها > 250 و 1000 سم3 (غ.م.ك),5
84073430100,محركات جديدة بمكابس متناوبة يتم الاشتعال.. لمركبات ... سعة إسطواناتها > 1000 سم3 المستوردة .. انتاج هجينة,0
84073430900,محركات جديدة بمكابس متناوبة يتم الاشتعال.. المركبات ... سعة إسطواناتها > 1000 سم3 المستوردة.. انتاج (غ.م.ك),0
84073440100,محركات جديدة بمكابس متناوبة يتم الاشتعال.. لمركبات... سعة إسطواناتها > 1000 سم3 هجينة,5
84073440900,محركات جديدة بمكابس متناوبة يتم الاشتعال .. المركبات ... سعة إسطواناتها > 1000 سم3 (غ.م.ك),5
84073450100,محركات مستعملة بمكابس متناوبة يتم الاشتعال .. المركبات الفصل 87 سعة إسطواناتها > 1000 سم3 هجينة,5
84073450900,محركات مستعملة بمكابس متناوبة يتم الاشتعال.. لمركبات الفصل 87 سعة إسطواناتها > 1000 سم3 (غ.م.ك),5
84079010000,محركات أخر ثابتة جديدة بمكابس متناوبة دوارة يتم الاشتعال فيها بالشرر (غ.م.ك),0
84079090000,محركات أخر بمكابس متناوبة دوارة يتم الاشتعال فيها بالشرر (غ.م.ك),5
84081000000,محركات بمكابس يتم الإشتغال بها بالضغط ديزل أو نصف ديزل لتسيير المراكب المائية,5
84082030100,محركات جديدة بمكابس يتم الاشتعال فيها بالضغط ديزل أو ... المركبات فصل 87 المستوردة ... انتاج هجينة,0
84082030900,محركات جديدة بمكابس يتم الاشتعال فيها بالضغط ديزل أو .. المركبات فصل 87 المستوردة ... انتاج (غ.م.ك),0
84082040100,"محركات جديدة بمكابس يتم الاشتعال فيها بالضغط ديزل أو نصف ديزل لمركبات الفصل 87، هجينة",5
84082040900,محركات جديدة بمكابس يتم الاشتعال فيها بالضغط ديزل أو نصف ديزل المركبات الفصل 87 (غ.م.ك),5
84082050100,محركات مستعملة بمكابس يتم الإشتغال بها بالضغط ديزل أو نصف ديزل لتسيير مركبات الفصل 87 هجينة,5
84082050900,محركات مستعملة بمكابس يتم الإشتغال بها بالضغط ديزل أو نصف ديزل لتسيير مركبات الفصل 87 (غ.م.ك),5
84089010000,محركات ثابتة بمكابس يتم الاشتعال فيها بالضغط ديزل أو نصف ديزل (غ.م.ك),0
84089090000,محركات أخر بمكابس يتم الاشتعال فيها بالضغط ديزل أو نصف ديزل (غ.م.ك),5
84091000000,أجزاء معدة حصرا أو بصورة رئيسية لمحركات للطائرات الداخلة بالبنود 8407 او 8408,5
84099110000,أجزاء جديدة معدة حصرا أو بصورة رئيسية للمحركات التي يتم الاشتعال فيها بالشرر (عدا للطائرات),5
84099120000,أجزاء مستعملة معدة حصرا أو بصورة رئيسة للمحركات التي يتم الاشتعال فيها بالشرر (عدا للطائرات),5
84099910000,أجزاء جديدة معدة حصرا أو بصورة رئيسية للمحركات التي يتم الاشتعال فيها بالضغط (عدا للطائرات),5
84099920000,أجزاء مستعملة معدة حصرا أو بصورة رئيسة للمحركات التي يتم الاشتعال فيها بالضغط (عدا للطائرات),5
84101100000,عنفات ونواعير تعمل بقوة الماء بقدرة 1000 كيلو واط,0
84101200000,عنفات ونواعير تعمل بقوة الماء بقدرة > 1000 كيلو واط ولا تزيد عن 10000 كيلو واط,0
84101300000,عنفات ونواعير تعمل بقوة الماء بقدرة > 10000 كيلو واط,0
84109000000,"أجزاء للعنفات وللنواعير التي تعمل بقوة الماء، بما فيها المنظمات",0
84111100000,عنفات نفاثة قوة دفعها 25 كيلو نيوتن,0
84111200000,عنفات نفاثة قوة دفعها > 25 كيلونيوتن,0
84112100000,عنفات دافعة قدرتها = 1100 كيلوواط,0
84112200000,عنفات دافعة قدرتها > 1100 كيلوواط,0
84118100000,عنفات غازية أخر قدرتها 5000 كيلوواط,0
84118200000,عنفات غازية أخر قدرتها > 5000 كيلوواط,0
84119100000,أجزاء للعنفات النفاثة والدافعة,5
84119900000,أجزاء لعنفات غازية أخر (غ.م.ك),5
84121000000,محركات نفاثة عدا العنفات النفاثة,0
84122100000,محركات وآلات محركة تعمل بقوة السوائل (هيدروليك) بحركة خطية مستقيمة (إسطوانات),0
84122900000,"محركات وآلات محركة، تعمل بقوة السوائل (هيدروليك) (غ.م.ك)",0
84123100000,"محركات وألات محركة، تعمل بالهواء المضغوط، بحركة خطية مستقيمة (إسطوانات)",0
84123900000,"محركات وألات محركة، تعمل بالهواء المضغوط، (غ.م.ك)",0
84128000100,انظمة توليد الطاقة باستخدام طاقة الرياح (النظام كامل),0
84128000900,محركات وألات محركة أخر (غ.م.ك),0
84129010000,أجزاء انظمة توليد الكهرباء باستخدام طاقة الرياح,5
84129020000,أجزاء المحركات والآلات المحركة الواردة (8412) المستورد.. كمستلزمات .. لاستخداماتها .. (غ.م.ك),0
84129090000,أجزاء المحركات والآلات المحركة الواردة بالبند 8412 (غ.م.ك),5
84131100000,مضخات توزيع الوقود أو الشحومات محتوية على أجهزة قياس أو معدة .. مستعملة بمحطات توزيع.. أو المرائب,0
84131900000,مضخات للسوائل محتوية على أجهزة قياس أو معدة لإحتواء مثل هذا الجهاز (غ.م.ك),0
84132000000,مضخات تدار يدويا (عدا المضخات الداخلة في البند الفرعي 841311 أو 841319),0
84133000000,مضخات وقود أو زيت أو سوائل التبريد للمحركات التي يتم الاشتعال فيها بالشرر أو بالضغط,5
84134000000,مضخات خرسانه,0
84135000000,مضخات إزاحة موجبة متناوبة أخرى للسوائل,0
84136000100,مضخات الحريق لمادة الفوم,0
84136000900,مضخات إزاحة موجبة دوارة أخر للسوائل (غ.م.ك),0
84137000100,مضخات لأنظمة إطفاء الحريق,0
84137000900,مضخات أخر تعمل بالطرد المركزي (غ.م.ك),0
84138100100,مضخة الانسولين و مستهلكات مضخة الانسولين,0
84138100900,مضخات أخر للسوائل (غ.م.ك),0
84138200100,رافعات سوائل تحتوي على خاصية اتصال,0
84138200900,رافعات سوائل لا تحتوي على خاصية اتصال,0
84139110100,أجزاء مضخات الماء أو الوقود للمحركات تحتوي على خاصية اتصال,5
84139110900,أجزاء مضخات الماء أو الوقود للمحركات لا تحتوي على خاصية اتصال,5
84139190000,أجزاء لمضخات السوائل (غ.م.ك),0
84139200000,أجزاء الرافعات السوائل,0
84141000000,مضخات تفريغ الهواء,0
84142000000,مضخات هواء تدار بالأيدي أو بالأرجل,5
84143000000,مضاغط من الأنواع المستعملة في أجهزة و آلات ومعدات التبريد,0
84144000000,مضاغط هواء مركبة على هياكل بدواليب وقابلة للقطر,5
84145100000,مراوح طاولة أو أرض أو جدران أو نوافذ أو سقوف ذات محرك كهربائي مندمج بقدرة 125 واط,15
84145920000,مراوح المستوردة من قبل المصانع كمدخلات انتاج,0
84145992000,الستائر الهوائية لعزل الهواء المكيف,5
84145999100,مراوح الدفع والتهوية والضغط الموجب لبيوت الادراج ومواقف السيارات jet fan/axial fan ومراوح التحكم بالدخان,25
84145999900,مراوح (غ.م.ك),25
84146010000,"أجهزة (أغطية) شافطة أو .. للهواء بمراوح .. مقاس أكبر .. أفقي لها 120 سم، معد لاستعمال صناعي او زراعي",0
84146090000,"أجهزة (أغطية) شافطة أو مبدلة للهواء بمراوح مندمجة مقاس أكبر جانب أفقي لها = 120 سم، (غ.م.ك)",5
84147000000,خزائن السلامة البيولوجية المحكمة والمانعة لتسرب الغاز,5
84148020000,مضاغط من الأنواع المستعملة في صناعة أجهزة التكييف,0
84148030000,مضخات هوائية ومضاغط وأغطية شافطة أو مبدلة للهواء ... (غ.م.ك) المعدة للاستعمال الزراعي أو الصناعي,0
84148040000,مضاغط اخر تحتوي على وحدات لاسترجاع الحرارة,5
84148090000,مضخات هوائية و مضاغط و أغطية شافطة أو مبدلة للهواء بمراوح مندمجة (غ.م.ك),5
84149030000,أجزاء المضخات الهواء أو .. أو لمضاغط والمراوح... الغازات أو .. المستورد من قبل المصانع كمدخلات إنتاج,0
84149090000,أجزاء لمضخات الهواء أو تفريغ الهواء أو لمضاغط والمراوح .. الغازات أو للأغطية الشافطة,5
84151010000,أجهزة تكييف هواء محتوية على مروحة بمحرك ... لتعديل الحرارة .. للنوافذ ... تعمل بالطاقة الشمسية,15
84151090000,أجهزة تكييف هواء محتوية على مروحة بمحرك وتجهيزات لتعديل الحرارة والرطوبة للنوافذ أو .. (غ.م.ك),15
84152010000,أجهزة تكييف هواء محتوية .. للباصات المستورد من قبل مصانع تجميع الباصات كمدخل انتاج,0
84152090000,أجهزة تكييف هواء محتوية على مروحة بمحرك وتجهيزات لتعديل الحرارة والرطوبة للمركبات,15
84158100000,"أجهزة تكييف هواء بمروحة وتجهيزات لتعديل الحرارة والرطوبة، ووحدة تبريد و صمام لعكس الدورة الحرارية",15
84158200000,"أجهزة تكييف هواء محتوية على مروحة بمحرك وتجهيزات لتعديل الحرارة والرطوبة، وعلى وحدة تبريد، بلا صمام",15
84158300000,"أجهزة تكييف هواء محتوية على مروحة بمحرك وتجهيزات لتعديل الحرارة والرطوبة، لا تحتوي على وحدة تبريد",15
84159020000,الهيكل الداخلي او الخارجي المستورد من قبل المصانع كمدخلات انتاج,0
84159030000,المبخرات والمكثفات غير مجمعة مع الهيكل المستوردة من قبل المصانع كمدخلات انتاج,0
84159090000,أجزاء أجهزة تكييف الهواء (غ.م.ك),15
84161000000,أجهزة إشعال للأفران التي تعمل بالوقود السائل,0
84162000000,"أجهزة إشعال آخر للأفران، بما فيها أجهزة الإشعال المشتركة",0
84163000000,"مواقد آلية، بما فيها أجزاؤها الآلية، كالسفود ومفرغات الرماد وما يماثلها",0
84169000000,اجزاء,0
84171000000,أفران غير كهربائية للتحميص أو للصهر أو للمعالجة الحرارية للمعادن (بما فيها البيريت) أو لخاماتها,0
84172000000,أفران غير كهربائية للمخابز بما فيها أفران صنع الفطائر والبسكويت,5
84178010000,أفران المختبرات وصناعات الاسمنت والخزف غير كهربائية (غ.م.ك),0
84178090000,أفران غير كهربائية للصناعة أو المختبرات (غ.م.ك),5
84179010000,أجزاء للأفران غير الكهربائية الداخلة بالبندين 841710 و 8417801,0
84179090000,أجزاء للأفران غير الكهربائية الداخلة بالبند 8417 (غ.م.ك),5
84181010000,ثلاجات مع مجمدات في جسم واحد مجهزة بأبواب خارجية مستقلة المعدة للاستعمال الصناعي او الطبي,0
84181020000,ثلاجات مع مجمدات في جسم واحد مجهزة بأبواب خارجية مستقلة تعمل بالطاقة الشمسية,15
84181090000,"ثلاجات مع مجمدات في جسم واحد، مجهزة بأبواب خارجية مستقلة (غ.م.ك)",15
84182110000,"ثلاجات من النوع المنزلي تعمل بالضغط، تعمل بالطاقة الشمسية",15
84182190000,"ثلاجات من النوع المنزلي، تعمل بالضغط، (غ.م.ك)",15
84182900000,"ثلاجات من النوع المنزلي، (غ.م.ك)",25
84183010000,مجمدات بشكل صناديق بسعة 800 لتر المعدة للاستعمال الصناعي او الطبي,0
84183020000,"مجمدات بشكل صناديق بسعة 800 لتر، تعمل بالطاقة الشمسية",25
84183090000,مجمدات بشكل صناديق بسعة 800 لتر (غ.م.ك),25
84184010000,مجمدات بشكل خزائن بسعة 900 لتر المعدة للاستعمال الصناعي او الطبي,0
84184020000,"مجمدات بشكل خزائن بسعة 900 لتر، تعمل بالطاقة الشمسية",25
84184090000,مجمدات بشكل خزائن بسعة 900 لتر (غ.م.ك),25
84185010000,اثاث اخر (صناديق... للتخزين والعرض متضمنة.. التبريد أو التجميد المعدة للاستعمال الصناعي أو الطبي,0
84185090000,اثاث اخر (صناديق وخزائن و... وما يماثلها للتخزين والعرض متضمنة .. التبريد أو التجميد (غ.م.ك),25
84186110000,"مضخات حرارية للمكيفات، عدا اجهزة تكييف الهواء الداخلة في البند 8415",25
84186120000,"آلات (وحدات تبريد تعمل بالضغط، عدا اجهزة تكييف الهواء .. البند 8415 المعدة للاستعمال صناعي اوطبي",0
84186190000,"مضخات حرارية، تعمل بالضغط، عدا اجهزة تكييف الهواء الداخلة في البند 8415 (غ.م.ك)",25
84186911000,آلات (وحدات تبريد للمكيفات المستورد من قبل المصانع كمستلزمات انتاج لاستخداماتها الخاصة,0
84186919000,آلات (وحدات) تبريد للمكيفات (غ.م.ك),15
84186920000,"آلات (وحدات) تبريد أو تجميد، ومضخات حرارية المعدة للاستعمال الصناعي او الطبي",0
84186990000,"آلات (وحدات) تبريد أو تجميد، ومضخات حرارية (غ.م.ك)",15
84189100000,أثاث مصمم ليركب علية تجهيزات التبريد أو التجميد كأجزاء لوحدات التبريد أو التجميد,25
84189910000,مبخرات ومكثفات كأجزاء ثلاجات ومجمدات وغيرها من أجهزة تبريد أو تجميد,0
84189930000,شبر جاهز للثلاجات وللمجمدات مستوردة من قبل المصانع كمدخلات انتاج,0
84189940000,هياكل (كبائن) الثلاجات والمجمدات والكولرات,15
84189970000,وحدات التكثيف أو التبخير,15
84189980000,"غيرها، اجزاء الثلاجات والمجمدات المستوردة كمدخلات انتاج من قبل المصانع عدا الهياكل (الكبائن)",0
84189990000,"هياكل ثلاجات أو أجزاؤها و أجزاء مجمدات وأجهزة تبريد أو تجميد أخر، عدا الأثاث المكثفات مبخرات",25
84191110000,مسخنات فورية للماء تعمل بالغاز الاستعمال منزلي,25
84191120000,مسخنات فورية للماء تعمل بالغاز المعدة للاستعمال الزراعي أو الصناعي أو الطبي أو المخبري,0
84191190000,مسخنات فورية للماء تعمل بالغاز (غ.م.ك),15
84191210000,مسخنات للماء تعمل بالطاقة الشمسية معدة للاستعمال المنزلي,15
84191290000,مسخنات للماء تعمل بالطاقة الشمسية عدا للاستعمال المنزلي,15
84191910000,مسخنات فورية للماء ومسخنات مياه مجمعة غير كهربائية (غ.م.ك) المعدة للاستعمال صناعي / طبي مخبري,0
84191930000,خزانات مياه معزولة مع مبادل حراري لتسخين المياه,5
84191990000,مسخنات فورية للماء و مسخنات مياه مجمعة غير كهربائية (غ.م.ك),5
84192000000,أجهزة تعقيم طبية جراحية أو مخبري,0
84193310000,"أجهزة التجفيف بالتجميد، وحدات التجفيف بالتجميد وأجهزة التجفيف بالرش المعدة للاستعمال الصناعي او الطبي او المخبري",0
84193390000,"أجهزة التجفيف بالتجميد، وحدات التجفيف بالتجميد وأجهزة التجفيف بالرش (غ.م.ك) (عدا المعد للاستعمال الصناعي او الطبي او المخبري)",5
84193400000,أجهزة تجفيف للمنتجات الزراعية,0
84193500000,"غيرها، أجهزة تجفيف للخشب، لعجائن الورق للورق أو للورق المقوى",0
84193910000,أجهزة تجفيف (غ.م.ك) المعدة للاستعمال الصناعي أو الطبي أو المخبري,0
84193990000,أجهزة تجفيف (غ.م.ك),5
84194000000,"أجهزة تقطير أو تكرير، عدا المنزلية",0
84195000000,مبادلات حرارية,0
84196000000,"آلات تسييل الهواء أو الغازات الأخر، عدا المنزلية",0
84198100000,"آلات وأجهزة ومعدات أخر، عدا المنزلية الصناعة المشروبات الساخنة أو لطهي أو تسخين الأغذية",5
84198920000,مبردات الامتصاص وابراج التبريد,5
84198930000,آلات وأجهزة ومعدات (غ.م.ك) لمعالجة المواد بتغيير الحرارة... معدة للاستعمال الزراعي.. أو المخبري,0
84198990000,آلات وأجهزة ومعدات أخر المعالجة المواد بتغيير الحرارة... (غ.م.ك),5
84199010000,أجزاء الأجهزة والمعدات والآلات الداخلة بالبند 8419 (غ.م.ك) صناعي / زراعي / طبي / مخبري,0
84199020000,أجزاء الأجهزة والمعدات والآلات الداخلة بالبند 8419 (غ.م.ك) المستورد.. المصانع كمدخلات انتاج,0
84199030000,الانابيب الزجاجية المفرغة المستخدمة في تسخين المياه (Vacuum tube),5
84199090000,أجزاء الأجهزة والمعدات والآلات الداخلة بالبند 8419 (غ.م.ك).,5
84201000000,"آلات صقل وترقيق، عدا ما كان للمعادن أو للزجاج",0
84209100000,إسطوانات آلات الصقل والترقيق (أجزاء),0
84209900000,أجزاء آلات الصقل والترقيق (غ.م.ك),0
84211110000,فارزات قشدة تعمل بالطرد المركزي المعدة للاستعمال الصناعي أو الزراعي,0
84211190000,فارزات قشدة تعمل بالطرد المركزي (غ.م.ك),5
84211200000,أجهزة تجفيف البياضات والألبسة تعمل بالطرد المركزي,5
84211920000,"أجهزة طرد مركزي بما فيها اجهزة التجفيف بالطرد المركزي، صناعي / زراعي / طبي / مخبري / صحة بيئة",0
84211990000,أجهزة طرد مركزي (بما فيها اجهزة التجفيف بالطرد المركزي) (غ.م.ك),5
84212120000,أجهزة ترشيح أو تنقية المياه المتضمنة اجهزة تسخين و او تبريد مياه الشرب,15
84212130100,أجهزة ترشيح أو تنقية المياه المعدة للاستعمال الصناعي او الزراعي او الطبي او المخبري,0
84212130900,أجهزة ترشيح أو تنقية المياه المعدة لصحة البيئة,0
84212190000,أجهزة ترشيح أو تنقية المياه (غ.م.ك),5
84212210000,أجهزة ترشيح أو تنقية المشروبات (عدا المياه المعدة للاستعمال الصناعي),0
84212290000,"أجهزة ترشيح أو تنقية المشروبات (عدا المياه)، (غ.م.ك)",5
84212310000,أجهزة ترشيح زيوت أو وقود في محركات الاحتراق الداخلي مستورد.. كمستلزمات .. لاستخداماتها الخاصة,0
84212390000,"أجهزة ترشيح الزيوت أو الوقود في محركات الاحتراق الداخلي، (غ.م.ك)",5
84212910100,أجهزة لترشيح أو تنقية السوائل فلاتر الكلية الصناعية),0
84212910200,أجهزة لترشيح أو تنقية السوائل (صحة بيئة),0
84212910900,أجهزة لترشيح أو تنقية السوائل صناعي زراعي / طبي / مخبري),0
84212920000,أجهزة لترشيح أو تنقية السوائل المستوردة من قبل المصانع كمدخلات انتاج,0
84212990000,أجهزة لترشيح أو تنقية السوائل (غ.م.ك),5
84213100000,أجهزة ترشيح لتنقية الهواء الداخل المحركات الاحتراق الداخلي,5
84213200000,"محولات محفزة أو مرشحات الأجسام الدقيقة، وإن كانت متحدة، معدة لتنقية أو ترشيح الغازات",0
84213910100,أجهزة ترشيح أو تنقية الغازات المعدة لصحة البيئة,0
84213910900,أجهزة ترشيح أو تنقية الغازات المعدة للاستعمال الصناعي او الزراعي او الطبي او المخبري,0
84213920000,أجهزة ترشيح أو تنقية الغازات المستوردة من قبل المصانع كمدخلات انتاج,0
84213990000,"غيرها من أجهزة طرد مركزي، بما فيها أجهزة التجفيف بالطرد المركزي وآلات وأجهزة ترشيح أو تنقية السوائل أو الغازات (غ.م.ك)",5
84219120000,الأجزاء المعدة لأجهزة الطرد المركزي الصناعية أو الطبية أو المخبرية أو صحة البيئة,0
84219190000,"أجزاء لأجهزة الطرد المركزي، (غ.م.ك)",5
84219910000,أجزاء لأجهزة ترشيح أو تنقية السوائل أو الغازات معدة للأجهزة الصناعية أو الطبية أو .. أو صحة البيئة,0
84219920000,أجزاء (غ.م.ك) لأجهزة ترشيح أو تنقية السوائل أو الغازات المستوردة من قبل المصانع كمدخلات انتاج,0
84219990000,أجزاء لأجهزة ترشيح أو تنقية السوائل أو الغازات (غ.م.ك),5
84221100000,أجهزة لغسل الأواني منزلية,25
84221900000,أجهزة لغسل الأواني (عدا المنزلية),0
84222000000,آلات وأجهزة لتنظيف أو تجفيف القوارير أو الأوعية الأخر,0
84223000000,أجهزة للتعبئة أو الغلق أو .. على القناني... أجهزة كبسلة قناني ... أجهزة ة لصنع المشروبات الغازية,0
84224000000,آلات وأجهزة آخر لتعبئة أو رزم البضائع بما فيها أجهزة الرزم بالتقلص الحراري,0
84229011000,"أجزاء لأجهزة غسل الأواني المنزلية، المستورد من قبل المصانع كمدخلات إنتاج",0
84229019000,أجزاء لأجهزة غسل الأواني المنزلية (غ.م.ك),5
84229020000,أجزاء الأجهزة التابعة للبند (8422) مستورد.. مصانع كمستلزمات انتاج لاستخداماتها الخاصة (ع م ك),0
84229090000,أجزاء الأجهزة التابعة للبند 8422 باستثناء أجزاء البند 842211,5
84231000000,"أجهزة وزن الاشخاص، بما في ذلك موازين الأطفال؛ موازين منزلية، عدا التي تبلغ حساسيتها 5 سغ",5
84232000000,أجهزة للوزن المستمر للبضائع المنقولة على سيور ناقلة عدا ذو حساسية 5 سغ,5
84233000000,أجهزة لوزن كمية ثابتة و أجهزة وزن وقبابين لوضع المواد بأكياس... بحساسية 5 سغ,5
84238100000,"أجهزة وزن أخر (غ.م.ك)، ذات طاقة وزن 30 كغ، عدا البالغة حساسيتها 5 سغ",5
84238210000,قبابين ذات الرمانة (غ.م.ك) ذات طاقة وزن 30 كغ ولكن <= 5000 كغ,5
84238290000,أجهزة وزن أخر ذات طاقة وزن 30 لكن 5000 كغ (غ.م.ك),5
84238910000,"قبابين ذات الرمانة (غ.م.ك)، ذات طاقة وزن 5000 كغ",5
84238990000,"أجهزة وزن آخر، ذات طاقة وزن حمولة 5000 كغ (غ.م.ك)",5
84239000000,صنجات (عيارات) لجميع الموازين: أجزاء أجهزة وزن التابعة للبند 8423,5
84241000000,"أجهزة إطفاء الحرائق، وإن كانت معبأة",0
84242030000,رؤوس النفث والرش للعبوات (Trigger),0
84242040100,مسدسات رش وأجهزة مماثله للاستعمال الصناعي والطبي,0
84242040900,مسدسات رش وأجهزة مماثله للاستعمال الزراعي,0
84242050000,"مسدسات رش وأجهزة مماثله، مستوردة من قبل المصانع كمدخلات انتاج",0
84242090100,قاذف مياه لانظمة الاطفاء وقواذف الفوم,5
84242090900,مسدسات رش وأجهزة مماثله (غ.م.ك),5
84243010000,أجهزة نفث بخار أو قذف رمال وأجهزة مماثلة (للاستعمال الصناعي أو الطبي او الزراعي),0
84243090000,أجهزة نفث بخار أو قذف رمال وأجهزة مماثلة (غ.م.ك),5
84244100000,أجهزة نفث محمولة,0
84244900000,أجهزة نفث (غ.م.ك),0
84248210000,أنظمة الري بالتنقيط,25
84248290000,"أجهزة أخر، للزراعة أو البستنة",0
84248910000,اجهزة لتنظيف وازالة الملوثات عن الاقطاب المعدنية لاغلفة اشباة الموصلات قبل الطلاء الكهربائي,0
84248930000,أجهزة ألية اخر لرش السوائل أو المساحيق للاستعمال الصناعي او الطبي او المستورد.. كمدخلات انتاج,0
84248990100,مرشات لأنظمة الإطفاء,5
84248990900,"أجهزة آلية اخر لرش ونثر ونفث السوائل أو المساحيق، (غ.م.ك)",5
84249010000,أجزاء أجهزة إطفاء الحرائق,0
84249030000,أجزاء للأجهزة الآلية المذكورة بالبند 8424 الصناعية أو الطبية أو الزراعية (غ.م.ك),0
84249090000,أجزاء الأجهزة الداخلة بالبند 8424 (غ.م.ك),5
84251110000,روافع ذات بكرات (عدا ذات القواديس او .... تعمل بمحرك كهربائي المعدة للاستعمال الصناعي,0
84251190000,روافع ذات بكرات (عدا ذات القواديس أو المستعملة لرفع السيارات تعمل بمحرك كهربائي (غ.م.ك),5
84251910000,روافع ذات بكرات (عدا ذات القواديس أو المستعملة لرفع السيارات المعدة للاستعمال الصناعي (غ.م.ك),0
84251990000,روافع ذات بكرات (عدا ذات القواديس أو المستعملة لرفع السيارات). (غ.م.ك),5
84253100000,"روافع أخر ذات إسطوانات أفقية (ونش) وروافع ذات إسطوانات عمودية (كابستان، تعمل بمحرك كهربائي",0
84253900000,"روافع أخر ذات إسطوانات أفقية ونش) وروافع ذات إسطوانات عمودية (كابستان)، (غ.م.ك)",5
84254100000,أنظمة رفع ثابتة للسيارات من الأنواع المستعملة بمرائب تصليح السيارات (الجراجات),5
84254210000,"أجهزة رفع أخر، وروافع (عفريتات) أخر، هيدروليكية قابلة للحمل",5
84254220000,"أجهزة رفع أخر وروافع (عفريتات)، هيدروليكية (عدا القابلة للحمل المعدة للاستعمال الصناعي)",0
84254230000,أجهزة رفع أخر وروافع (عفريتات) هيدروليكية (عدا القابلة للحمل المستورد من قبل المصانع كمدخلات إنتاج),0
84254290000,"أجهزة رفع أخر وروافع (عفريتات) أخر للسيارات، هيدروليكية (عدا القابلة للحمل) (غ.م.ك)",5
84254900000,أجهزة رفع وروافع (عفريتات) للسيارات (غ.م.ك),5
84261110000,جسور رافعة متحركة على قواعد ثابتة معدة للاستعمال الصناعي,0
84261190000,جسور رافعة متحركة على قواعد ثابتة (ع.م.ك),5
84261210000,عربات مزودة بأذرع رافعة (كرين),5
84261220000,هياكل رفع وتنضيد متحركة وحاملات رافعة للتنضيد متحركة (على إطارات المعدة للاستعمال الصناعي),0
84261290000,هياكل رفع وتنضيد متحركة (على إطارات) وحاملات رافعة للتنضيد متحركة (على إطارات) (غ.م.ك),5
84261910000,روافع ذات اذرع,5
84261920000,جسور رافعة متحركة روافع متحركة على جسور روافع متحركة أخر المعدة للاستعمال الصناعي (غ.م.ك),0
84261990000,جسور رافعة متحركة روافع متحركة على جسور روافع متحركة أخر (غ.م.ك),5
84262010000,روافع (كرين) برجيه المعدة للاستعمال الصناعي,0
84262090000,روافع (كرين) برجيه (غ.م.ك),5
84263010000,روافع (كرين) بهياكل متحركة على خط حديدي المعدة للاستعمال الصناعي,0
84263090000,روافع (كرين) بهياكل متحركة على خط حديدي (غ.م.ك),5
84264110000,"عربات على إطارات ذاتية الدفع، مزودة برافعة (كرين)",5
84264120000,آلات وأجهزة رفع أخرى على إطارات ذاتية الدفع المعدة للاستعمال الصناعي,0
84264190000,"آلات وأجهزة رفع أخرى، على إطارات ذاتية الدفع (غ.م.ك)",5
84264910000,آلات وأجهزة رفع أخرى ذاتية الدفع المعدة للاستعمال الصناعي,0
84264990000,آلات وأجهزة رفع أخرى ذاتية الدفع (غ.م.ك),5
84269100000,آلات وأجهزة رفع أخرى (غ.م.ك) مصممة للتركيب على مركبات تسير على الطرق,5
84269910000,آلات واجهزة رفع أخر (غ.م.ك) المعدة للاستعمال الصناعي,0
84269990000,آلات واجهزة رفع أخر (غ.م.ك),5
84271010100,عربات بروافع شوكية و... مجهزة بمعدات رفع ذاتية الدفع تعمل بمحرك كهربائي معدة للاستعمال الصناعي بكبينة قيادة,0
84271010900,عربات بروافع شوكية و... مجهزة بمعدات رفع ذاتية الدفع تعمل بمحرك كهربائي معدة للاستعمال الصناعي (غ.م.ك),0
84271090100,عربات بروافع شوكية ... للتنضيد مجهزة بمعدات رفع ذاتية الدفع تعمل بمحرك كهربائي بكبينة قيادة (غ.م.ك),5
84271090900,عربات بروافع شوكية و .. للتنضيد مجهزة بمعدات رفع ذاتية الدفع تعمل بمحرك كهربائي (غ.م.ك),5
84272010100,عربات بروافع شوكية وأخر .. للتنضيد مجهزة بمعدات رفع ذاتية الدفع معدة للاستعمال الصناعي بكبينة قيادة,0
84272010900,عربات بروافع شوكية وأخر .. للتنضيد مجهزة بمعدات رفع ذاتية الدفع معدة للاستعمال الصناعي (غ.م.ك),0
84272090100,عربات بروافع شوكية وعربات أخر للتنضيد مجهزة بمعدات رفع ذاتية الدفع بكبينة قيادة (غ.م.ك),5
84272090900,عربات بروافع شوكية وعربات أخر للتنضيد مجهزة بمعدات رفع ذاتية الدفع (غ.م.ك),5
84279010100,"عربات بروافع شوكية وعربات أخر للتنضيد مجهزة بمعدات رفع المعدة للاستعمال صناعي، بكبينة قيادة (غ.م.ك)",0
84279010900,عربات بروافع شوكية وعربات أخر للتنضيد مجهزة بمعدات رفع المعدة للاستعمال صناعي (غ.م.ك),0
84279090100,عربات بروافع شوكية وعربات أخر للتنضيد مجهزة بمعدات رفع بكبينة قيادة (غ.م.ك),5
84279090900,عربات بروافع شوكية وعربات أخر للتنضيد مجهزة بمعدات رفع (غ.م.ك),5
84281010000,مصاعد للأشخاص أو البضائع,25
84281020000,روافع ذات قواديس معدة للاستعمال الصناعي,0
84281090000,روافع ذات قواديس (غ.م.ك),5
84282000000,أجهزة رافعة أو ناقلة تعمل بالهواء المضغوط,5
84283100000,"أجهزة رفع أو نقل أخر ذات عمل مستمر للبضائع أو المواد، مصممة خصيصا للاستعمال تحت الأرض",5
84283210000,"أجهزة رفع أو نقل أخر ذات عمل مستمر للبضائع أو المواد ذات قواديس، معدة للاستعمال الصناعي",0
84283290000,أجهزة رفع أو نقل أخر ذات عمل مستمر للبضائع أو المواد ذات قواديس (غ.م.ك),5
84283310000,أجهزة رفع أو نقل أخر ذات عمل مستمر للبضائع أو المواد ذات سيور معدة للاستعمال الصناعي,0
84283390000,أجهزة رفع أو نقل أخر ذات عمل مستمر للبضائع أو المواد ذات سيور (غ.م.ك),5
84283910000,أجهزة رفع أو نقل أخر ذات عمل مستمر للبضائع أو المواد معدة للاستعمال الصناعي,0
84283990000,"أجهزة رفع أو نقل أخر ذات عمل مستمر للبضائع أو المواد، (غ.م.ك)",5
84284000000,سلالم وممرات متحركة,0
84286000000,ناقلات سلكية بما فيها الناقلات بمقاعد و أجهزة رفع المتزلجين تركيبات آلية لسحب الناقلات الجبلية,5
84287000000,روبوتات صناعية,0
84289010000,آلات وأجهزة أخر للرفع أو التنضيد أو التحميل أو التفريغ (غ.م.ك) معدة للاستعمال الصناعي,0
84289020000,آلات وأجهزة رفع أو نقل معدة لللاشخاص ذوي الاعاقات,0
84289090000,آلات وأجهزة أخر للرفع أو التنضيد أو التحميل أو التفريغ (غ.م.ك),5
84291100000,"جرافات شق الطرق، وجرافات تسوية الطرق ذاتية الدفع بجنازير",0
84291900000,"جرافات شق الطرق، وجرافات تسوية الطرق ذاتية الدفع بدون جنازير",0
84292000000,آلات تسوية ذاتية الدفع,0
84293000000,آلات كشط ذاتية الحركة,0
84294000000,آلات دك ومحادل رصف طرق ذاتية الدفع,0
84295100000,محملات بمجارف أمامية ذاتية الدفع,0
84295200000,مجارف ألية والات استخراج ومحملات بمجارف ذاتية الدفع ذات هيكل علوي متحرك مدى دورانه 360 درجة,0
84295900000,مجارف ألية وآلات استخراج ومحملات بمجارف ذاتية الدفع (غ.م.ك),0
84301010000,آلات نزع الاوتاد,5
84301090000,آلات غرز الأوتاد,0
84302000000,جارفات وطاردات (نافثات) الثلج,0
84303100000,"آلات تكسير الصخر أو الفحم وآلات حفر الانفاق، ذاتية الدفع",0
84303900000,آلات تكسير الصخر أو الفحم وآلات حفر الانفاق (عدا الآلات ذاتية الدفع),0
84304100000,آلات أخر للسبر أو الحفر ذاتية الدفع,0
84304900000,آلات أخر للسبر أو الحفر (عدا ذاتية الدفع),0
84305000000,"آلات وأجهزة أخر (غ.م.ك) للتسوية للتمهيد للكشط للحفر للدك، للرص للإستخراج، ذاتية الدفع",0
84306100000,آلات دك أو رص غير ذاتية الدفع,0
84306900000,"آلات وأجهزة أخر (غ.م.ك) للتسوية أو للتمهيد أو للحفر أو للإستخراج، غير ذاتية الدفع",0
84311000000,أجزاء الآلات الداخلة بالبند 8425 روافع) ذات بكرات أو إسطوانات (أفقية أو عمودية) أو عفريتات),5
84312000000,أجزاء الآلات الداخلة بالبند (8427) عربات بروافع شوكية وعربات أخر للتنضيد مجهزة بمعدات رفع,5
84313100000,أجزاء المصاعد نقل الاشخاص أو البضائع أو للروافع ذات القواديس أو للسلالم المتحركة,0
84313900000,أجزاء أجهزة الرفع أو التنضيد أو التحميل أو التفريغ الداخلة للبند 8428 (ع.م.ك),5
84314100000,قواديس ومجارف وخطاطيف وكلاليب للآلات الداخلة بالبند 8426 أو 8429 أو 8430,5
84314200000,نصال الجرافات شق الطرق أو الجرافات تسوية الطرق الداخلة بالبند 842910,5
84314300000,"أجزاء لآلات السبر أو الحفر، الداخلة بالبند 843041 أو 843049",5
84314910000,أجزاء (غ.م.ك) للآلات الداخلة بالبند 8429 أو 8430,5
84314990000,أجزاء (غ.م.ك) للآلات الداخلة بالبند 8426,5
84321000000,المحاريث المستعملة في الزراعة أو البستنة أو الحراج التحضير أو فلاحة التربة,0
84322100000,آلات ذات أقراص لتفتيت كتل التربة,0
84322900000,"آلات تفتيت كتل التربة (غ.م.ك)، وألات تقليب وتمهيد وشق وفلاحة التربة للزراعة وألات نزع العشب",0
84323100000,الات البذر والغرس والشتل المباشر دون حراثة,0
84323900000,آلات بذر وغرس وشتل (غ.م.ك),0
84324100000,الات فرش الأسمدة العضوية,0
84324200000,الات وتوزيع المخصبات,0
84328000100,محادل الحدائق أو الملاعب الرياضية,0
84328000900,آلات وأجهزة للزراعة أو البستنة أو الحراج لتحضير التربة (غ.م.ك),0
84329000000,"أجزاء آلات وأجهزة للزراعة أو البستنة أو الحراج، لتحضير التربة أو لمحادل الحدائق أو للملاعب...",0
84331100000,أجهزة قص الأعشاب والحشائش في الحدائق العامة أو الملاعب الرياضية بمحرك بأداة قص تدور بخط أفقي,0
84331900000,أجهزة قص الأعشاب والحشائش في الحدائق العامة أو الملاعب الرياضية (غ.م.ك),0
84332000000,أجهزة أخر لقص الأعشاب والحشائش بما في ذلك قضبان القطع التي تركب على الجرارات,0
84333000000,أجهزة أخر لحصاد الكلأ,0
84334000000,مكابس للقش أو العلف بما فيها مكابس جمع وحزم القش,0
84335100000,آلات حاصدة - دراسة للزراعة,0
84335200000,آلات وأجهزة دراس أخر للزراعة (غ.م.ك),0
84335300000,آلات جني وحصد الجذور أو الدرنات,0
84335900000,آلات وأجهزة جنى وحصد أخر (غ.م.ك),0
84336000000,آلات وأجهزة لتنظيف أو تصنيف أو فرز البيض أو الفواكه أو غيرها من المحاصيل الزراعية,0
84339000000,أجزاء لآلات وأجهزة جني وحصد أو دراس المحاصيل الزراعية ولالات تنظيف أو تصنيف أوفرز البيض...,0
84341000000,آلات حلب,0
84342000000,آلات وأجهزة صناعة منتجات الألبان,0
84349000000,أجزاء لآلات الحلب ولآلات وأجهزة صناعة منتجات الألبان,0
84351000000,معاصر ومهارس وآلات وأجهزة مماثلة لصناعة النبيذ أو .. عصير الفواكه .. المشروبات المماثلة,0
84359000000,أجزاء معاصر ومهارس وآلات وأجهزة مماثلة لصناعة النبيذ .. أو عصير الفواكه أو المشروبات المماثلة,0
84361000000,آلات وأجهزة لتحضير أغذية وعلف الحيوانات,0
84362100000,آلات وأجهزة لحضانة وتفريخ الطيور الداجنة,0
84362900000,آلات وأجهزة تربية الطيور الداجنة (عدا أجهزة الحضانة والتفريخ),0
84368000000,أجهزة أخر مما يستعمل في الزراعة أو البستنة أو التحريج أو تربية النحل (غ.م.ك),0
84369100000,أجزاء لآلات وأجهزة تربية أو حضانة أو تفريخ الطيور الداجنة,0
84369900000,أجزاء لآلات وأجهزة أخر مما يستخدم في الزراعة أو البستنة أو التحريج أو تربية النحل,0
84371000000,آلات لتنظيف أو تصنيف أو فرز أو غربلة البذور أو الحبوب أو البقول اليابسة,0
84378000000,آلات وأجهزة للمطاحن أو لمعالجة الحبوب أو البقول اليابسة عدا المستعملة في المزارع,0
84379000000,أجزاء الآلات والأجهزة التابعة للبند 8437,0
84381000000,آلات وأجهزة لصناعة منتجات المخابز أو غيرها من العجائن الغذائية (غ.م.ك),0
84382000000,آلات وأجهزة لصناعة الحلويات أو الكاكاو أو الشوكولاته (غ.م.ك),0
84383000000,آلات وأجهزة لصناعة السكر (غ.م.ك),0
84384000000,"آلات وأجهزة لصناعة البيرة (الجعة)، (غ.م.ك)",0
84385000000,آلات وأجهزة لتحضير اللحوم أو الطيور (غ.م.ك),0
84386000000,"آلات وأجهزة لتحضير الفواكه أو الأثمار القشرية أو الخضر، (غ.م.ك)",0
84388000000,آلات وأجهزة لتحضير أو صناعة الأطعمة (غ.م.ك),0
84389000000,أجزاء لآلات صناعة الأغذية أو المشروبات (غ.م.ك),0
84391000000,آلات وأجهزة لصنع عجائن ورقية من مواد ليفية سليلوزية,0
84392000000,آلات وأجهزة لصنع الورق أو الورق المقوى,0
84393000000,آلات وأجهزة لتجهيز الورق أو الورق المقوى,0
84399100000,أجزاء لآلات وأجهزة صنع عجائن ورقية من مواد ليفية سليلوزية,0
84399900000,أجزاء لآلات وأجهزة صنع أو تجهيز الورق أو الورق المقوى,0
84401000000,آلات وأجهزة لحبك وتجليد وخياطة الكتب لاستعمالات اخر,0
84409000000,أجزاء لآلات وأجهزة حبك وتجليد وخياطة الكتب,0
84411010000,"آلات وأجهزة قص، المستعملة في التصوير الفوتوغرافي والسينمائي",5
84411090000,آلات وأجهزة قص أخر (غ.م.ك),0
84412000000,آلات وأجهزة لصنع الأكياس أو الأكياس الصغيرة أو الأظرف (المغلفات),0
84413000000,آلات وأجهزة لصنع العلب (الكراتين) والصناديق والأنابيب.. أو أوعية مماثلة بغير طريقة القولبة,0
84414000000,آلات وأجهزة أخر لصنع أصناف من عجينة الورق أو الورق أو الورق المقوى بطريقة القولبة,0
84418000000,آلات وأجهزة أخر لشغل عجينة الورق أو الورق أو الورق المقوى (غ.م.ك),0
84419000000,أجزاء لآلات شغل عجينة الورق أو الورق أو الورق ولآلات وأجهزة القص,0
84423000000,آلات وأجهزة ومعدات أخر لتحضير أو صنع الرواسم أو الألواح أو الأسطوانات أو عناصر طابعة أخر (غ.م.ك),0
84424000000,أجزاء الآلات والأجهزة والمعدات التابعة للبند 844210 أو 844220 أو 844230,0
84425010000,الواح وأسطوانات سلندرات الطباعة مظهرة او تتضمن كلاشيهات الواح .. بما فيها تلك الأصناف المحضر,0
84425090000,الواح وأسطوانات وغيرها من عناصر طابعة ... بما فيها تلك الأصناف المحضرة للطباعة مثل ممسوحة (غ.م.ك),0
84431100000,آلات الطباعة بالأوفست تغذى بلفات ورق,0
84431200000,آلات وأجهزة لطباعة الأوفست تتغذى بصفائح ورق المستعمل في المكاتب بمقاس = 22*36 سم / صفحة,0
84431300000,آلات وأجهزة اخر لطباعة الأوفست,0
84431400000,آلات طباعة بالحروف (ليتوغرافيا) التي تغذى بلفات ورق باستثناء الطابعة (الفليكسوغرافية),0
84431500000,آلات طباعة بالحروف ليتوغرافيا عدا التي تغذى بلفات ورق باستثناء الطابعة (الفليكسوغرافية),0
84431600000,آلات الطابعة (الفليكسوغرافية),0
84431700000,آلات طباعة بطريقة الحفر (غرافير),0
84431900000,"آلات وأجهزة الطباعة المستخدمة للطباعة بواسطة الالواح .. وغيرها من عناصر الطباعة للبند 8442، (غ.م.ك)",0
84433100100,ماكينات تستخدم للطباعة الأمنية,0
84433100900,"آلات وأجهزة تؤدي وظيفتين أو أكثر من وظائف الطباعة أو استنساخ الصور أو النسخ الهاتفي (فاكس)، قابلة للتوصيل بأجهزة المعالجة أو بشبكة (ع.م.ك)",0
84433210100,ماكينات تستخدم للطباعة الأمنية,5
84433210900,أجهزة استنساخ بالكهرباء الساكنة التي تعمل بنقل الصورة الاصلية إلى النسخة بواسطة حامل وسيط (طريقة غير مباشرة) (غ.م.ك),5
84433220000,"أجهزة إستنساخ للصور، تعمل بالتماس او بالطريقة الحرارية",5
84433290200,طابعات للبطاقات البلاستيكية,0
84433290900,الات واجهزة طباعة او استنساخ صور او نسخ هاتفي (فاكس) قابلة للتوصيل باجهزة معالجة ذاتية ... (غ.م.ك),0
84433910000,أجهزة إستنساخ بالكهرباء الساكنة التي تعمل بنقل صورة اصلية النسخة .. طريقة غير مباشرةة). (غ.م.ك),5
84433920000,"أجهزة إستنساخ للصور، تعمل بالتماس او بالطريقة الحرارية، (غ.م.ك)",5
84433990200,طابعات للبطاقات البلاستيكية,0
84433990900,"طابعات اخر والات استنساخ الصور واجهزة نسخ هاتفي فاكس) وان كانت مندمجة (غ.م.ك)، غيرها",0
84439100000,"اجزاء .. آلات وأجهزة الطباعة المستخدمة للطباعة بواسطة الالواح .. وغيرها .. الطباعة للبند 8442، (غ.م.ك)",0
84439900000,"أجزاء لآلات وأجهزة الطباعة وآلات طباعة أخر، (غ.م.ك)",0
84440000000,آلات لبثق أو سحب أو تعديل البنية النسجية أو تقطيع المواد النسجية التركيبية أو الصناعية,0
84451100000,آلات ندف لتحضير الألياف النسجية,0
84451200000,آلات تمشيط التحضير الألياف النسجية,0
84451300000,آلات سحب الفتائل لتحضير الألياف النسجية,0
84451900000,آلات لتحضير الالياف النسجية (غ.م.ك),0
84452000000,آلات غزل لصنع الخيوط النسجية,0
84453000000,آلات فتل أو زوي لصنع الخيوط النسجية,0
84454000000,آلات لف أو حل المواد النسجية (بما فيها ألات لف خيوط اللحمة),0
84459000000,آلات لتحضير الخيوط النسجية لاستعمالها على الألات الداخلة بالبند 8446 أو 8447,0
84461000000,أنوال النسيج لحياكة أقمشة عرضها = 30 سم,0
84462100000,أنوال النسيج مزودة بمكوك ومحرك الحياكة أقمشة عرضها > 30 سم,0
84462900000,أنوال النسيج مزودة بمكوك الحياكة أقمشة عرضها > 30 سم عدا الأنوال المزودة بمحرك,0
84463000000,أنوال النسيج بدون مكوك الحياكة أقمشة عرضها > 30 سم,0
84471100000,"آلات تصنير دائرية، قطر إسطواناتها <= 165 مم",0
84471200000,"آلات تصنير دائرية، قطر إسطواناتها > 165 مم",0
84472000000,آلات تصنير مستقيمة آلات خياطة بالتصنير,0
84479000000,آلات لصنع خيوط بريم أو تول أو مسننات أو مطرزات أو أصناف العقادة أو الضفر أو الشباك وألات التوبي,0
84481100000,أجهزة دوبي وجاكارد آلات لإختزال أو نسخ أو تثقيب أو شبك البطاقات المستعملة مع هذه الأجهزة,0
84481900000,آلات وأجهزة مساعدة للآلات الداخلة في البند 8444 أو 8445 أو 8446 أو 8447,0
84482000000,أجزاء ولوازم للآلات الداخلة في البند 8444 أو لآلاتها وأجهزتها المساعدة,0
84483100000,أغطية آلات الندف,0
84483200000,أجزاء ولوازم لآلات تحضير الألياف النسجية عدا أغطية آلات الندف,0
84483300000,مغازل وطاراتها وحلقات دوارة أو زلاقة لآلات الغزل,0
84483900000,أجزاء ولوازم للآلات الداخلة في البند 8445 أو لآلاتها وأجهزتها المساعدة (غ.م.ك),0
84484200000,أمشاط للأنوال ودرق وأطرها لآلات النسيج أو لآلاتها وأجهزتها المساعدة (غ.م.ك),0
84484900000,أجزاء ولوازم لآلات النسج أو لآلاتها وأجهزتها المساعدة (غ.م.ك),0
84485100000,ثقالات وأبر وأصناف أخر مما يستعمل في تشكيل الغرز,0
84485900000,أجزاء ولوازم للآلات الداخلة في البند 8447 أو لأجهزتها وآلاتها المساعدة (غ.م.ك),0
84490000000,آلات وأجهزة لصنع أو تجهيز اللباد أو الأقمشة غير المنسوجة أثوابا أو ... قوالب صنع القبعات,0
84501100000,آلات وأجهزة غسيل بسعة لا تزيد عن 10 كغ من الملابس الجافة ذاتية الحركة كليا فل اتوماتيك),25
84501200000,آلات وأجهزة غسيل بسعة لا تزيد عن 10 كغ من الملابس الجافة مندمجة بأجهزة عصر تعمل بالطرد المركزي,25
84501900000,آلات وأجهزة غسيل بسعة لا تزيد عن 10 كغ من الملابس الجافة (غ.م.ك),25
84502000000,آلات وأجهزة تزيد سعة كل منها من الغسيل الجاف عن 10 كغم,25
84509020000,أجزاء .. كبائن الغسالات مما يستخدم في المنازل او المحال وان كان مثبت بها أجزاء اخرى,15
84509030000,أجزاء الات الغسيل المستوردة من قبل المصانع كمدخلات انتاج (غم ك),0
84509090000,أجزاء لآلات وأجهزة الغسيل الداخلة بالبند 8450 (غ.م.ك),25
84511000000,أجهزة تنظيف بالطريقة الجافة,25
84512100000,آلات وأجهزة تجفيف بسعة 10 كغ من الملابس الجافة,25
84512910000,آلات وأجهزة تجفيف بسعة تزيد عن 10 كغ من الملابس الجافة معدة للاستعمال الصناعي,0
84512990000,آلات وأجهزة تجفيف بسعة تزيد عن 10 كغ من الملابس الجافة (غ.م.ك),25
84513010000,آلات ومكابس كي بما فيها مكابس التثبيت الحراري معدة للاستعمال الصناعي,0
84513090000,آلات ومكابس كي بما فيها مكابس التثبيت الحراري) (غ.م.ك),5
84514010000,آلات وأجهزة غسل أو قصر أو صبغ (غ.م.ك) معدة للاستعمال الصناعي,0
84514090000,آلات وأجهزة غسل أو قصر أو صبغ (غ.م.ك),5
84515010000,آلات وأجهزة لف أو حل أو طي أو قص أو تسنين النسج المعدة للاستعمال الصناعي,0
84515090000,آلات وأجهزة لف أو حل أو طي أو قص أو تسنين النسج (غ.م.ك),5
84518010000,آلات لتحضير أو .. أو تشريب الخيوط النسجية أو مصنوعات المواد النسجية معدة للاستعمال الصناعي,0
84518090000,آلات لتحضير أو تجهيز أو تغطية أو تشريب الخيوط النسجية أو مصنوعات المواد النسجية (غ.م.ك),5
84519010000,أجزاء للأجهزة المعدة للاستعمال الصناعي الداخلة بالبند 8451,0
84519020000,"غيرها، هياكل (كبائن) أجهزة التجفيف وإن كان مثبت بها أجزاء أخرى",15
84519030000,أجزاء أخر لأجهزة التجفيف (عدا الهياكل المستوردة من قبل المصانع كمدخلات انتاج,0
84519090000,أجزاء الأجهزة والآلات الداخلة بالبند 8451 (غ.م.ك),25
84521000000,آلات خياطة منزلية,5
84522100000,آلات خياطة أخر ذاتية الحركة عدا الآت خياطة الكتب أو المنزلية,0
84522900000,آلات خياطة آخر (غ.م.ك),0
84523000000,أبر لآلات الخياطة,0
84529010000,"أثاث وقواعد وأغطية لآلات الخياطة، وأجزاؤها",5
84529090000,أجزاء أخر لآلات الخياطة,0
84531000000,آلات وأجهزة لتحضير أو دباغة أو شغل الصلال أو الجلود عدا الات الخياطة,0
84532000000,آلات وأجهزة لصنع او تصليح الأحذية عدا الات الخياطة,0
84538000000,آلات وأجهزة لتصليح المصنوعات من الصلال أو الجلود عدا الات الخياطة (غ.م.ك),0
84539000000,أجزاء الآلات والأجهزة الداخلة بالبند 8453 عدا الات الخياطة,0
84541000000,أجهزة تنقية وتحويل المعادن المصهورة,0
84542000000,قوالب صب السبائك ومغارف,0
84543000000,أجهزة صب المعادن,0
84549000000,أجزاء الآلات والأجهزة الداخلة بالبند 8454,0
84551000000,آلات تشكيل معادن أنبوبية,0
84552100000,آلات تشكيل المعادن بالحرارة أو بالحرارة وعلى البارد معا,0
84552200000,آلات تشكيل المعادن على البارد,0
84553000000,إسطوانات لآلات تشكيل المعادن,0
84559000000,أجزاء آلات تشكيل المعادن (عدا الإسطوانات),0
84561000100,طابعات ثلاثية الأبعاد تعمل باليزر او غيرها من الحزم الضوئية او الفوتوغرافية,0
84561000900,غيرها تعمل باستخدام الليزر او غيرها من الحزم الضوئية أو الفتوغرافية,0
84561100000,تعمل بإستخدام حزم الليزر,0
84561200000,"عدد آلية لشغل جميع المواد باقتطاع المادة، تعمل بغيرها من الحزم الضوئية أو الفوتونية",0
84562000000,"عدد آلية لشغل جميع المواد باقتطاع المادة، تعمل بالموجات فوق الصوتية",0
84563000000,"عدد آلية لشغل جميع المواد باقتطاع المادة، تعمل بطريقة التفريغ الكهربائي",0
84564000000,"عدد آلية لشغل جميع المواد باقتطاع المادة، تعمل بطريقة قوس البلازما",0
84565000000,الآت القطع التي تعمل بنفث الماء,0
84569000000,"عدد آلية لشغل جميع المواد باقتطاع المادة، باستخدام حزم او موجات (غ.م.ك)",0
84571000000,"مراكز تشغيل آلي، لشغل المعادن",0
84572000000,"آلات ذات محطة شغل مفردة، لشغل المعادن",0
84573000000,"آلات ذات محطات شغل متعددة، لشغل المعادن",0
84581100000,"مخارط أفقية ذات تحكم رقمي، تعمل باقتطاع المعدن",0
84581900000,"مخارط أفقية (عدا ذات تحكم رقمي، تعمل باقتطاع المعدن",0
84589100000,"مخارط آخر تعمل باقتطاع المعدن (غ.م.ك)، ذات تحكم رقمي",0
84589900000,"مخارط أخر تعمل باقتطاع المعدن (غ.م.ك)، عدا ذات تحكم رقمي",0
84591000000,وحدات تشغيل بمزالق لتثقيب أو تعديل الثقوب أو للتفريز أو اللولبة للمعادن باقتطاع المعدن,0
84592100000,آلات تثقيب أخر ذات تحكم رقمي (غ.م.ك),0
84592900000,آلات تثقيب أخر عدا ذات تحكم رقمي (غ.م.ك),0
84593100000,"آلات أخر لتفريز مع تعديل وضبط الثقوب للمعادن، ذات تحكم رقمي (غ.م.ك)",0
84593900000,"آلات أخر لتفريز مع تعديل وضبط الثقوب للمعادن، عدا ذات تحكم رقمي (غ.م.ك)",0
84594100000,آلات أخر لتعديل وضبط الثقوب للمعادن (غ.م.ك),0
84594900000,"آلات أخر لتعديل وضبط الثقوب للمعادن، (غ.م.ك)",0
84595100000,آلات تفريز بمنضدة على شكل ركبة للمعادن ذات تحكم رقمي (غ.م.ك),0
84595900000,"آلات تفريز بمنضدة على شكل ركبة للمعادن، عدا ذات التحكم الرقمي (غ.م.ك)",0
84596100000,آلات تفريز آخر للمعادن ذات تحكم رقمي (غ.م.ك),0
84596900000,"آلات تفريز أخر للمعادن، عدا ذات تحكم رقمي (غ.م.ك)",0
84597000000,آلات أخر للولبة الداخلية أو الخارجية للمعادن (غ.م.ك),0
84601000000,آلات شحذ السطوح المستوية,0
84601200000,"آلات شحذ سطوح مستوية التي.. تصل <= 0.01 مم، ذات تحكم رقمي لشغل المعادن أو الخلائط.. الخزفية...",0
84601900000,"آلات شحذ سطوح مستوية التي.. تصل > 0.01 مم، عداذات تحكم رقمي لشغل المعادن أو الخلائط.. الخزفية...",0
84602000000,آلات شحذ آخر,0
84602200000,آلات شحذ آخر التي.. تصل <= 0.01 مم ذات تحكم رقمي لشغل المعادن أو الخلائط,0
84602300000,"آلات شحذ أخر التي.. تصل > 0.01 مم، ذات تحكم رقمي لشغل المعادن أو الخلائط",0
84602400000,"آلات شحذ أخر التي.. تصل <= 0.01 مم، ذات تحكم رقمي الشغل المعادن أو الخلائط",0
84602900000,"آلات شحذ أخر التي.. تصل > 0.01 مم، عدا ذات تحكم رقمي لشغل معادن أو خلائط معدنية خزفية...",0
84603100000,آلات سن ذات تحكم رقمي لشغل المعادن والخلائط المعدنية الخزفية .. (غ.م.ك),0
84603900000,"آلات سن، (غ.م.ك)",0
84604000000,آلات تنعيم وصقل لشغل المعادن أو الخلائط المعدنية الخزفية...,0
84609000000,عدد آلية للتشذيب أو للشحذ للسن أو للصقل (غ.م.ك) لشغل المعادن .. المعدنية الخزفية .. (غ.م.ك),0
84612000000,"آلات تسوية أو تشقيق، تعمل باقتطاع المعدن أو الخلائط المعدنية الخزفية (غ.م.ك)",0
84613000000,"آلات تفريض بروش)، تعمل باقتطاع المعدن أو الخلائط المعدنية الخزفية (غ.م.ك)",0
84614000000,"آلات قطع أو شحذ أو تجهيز أسنان التروس، تعمل باقتطاع المعدن أو الخلائط.. الخزفية (غ.م.ك)",0
84615000000,آلات نشر أو قطع تعمل باقتطاع المعدن أو الخلائط المعدنية الخزفية (غ.م.ك),0
84619000000,عدد آلية (غ.م.ك) تعمل باقتطاع المعدن أو الخلائط المعدنية الخزفية,0
84621100000,"آلات لتشكيل القوالب المختومة ""المقفلة""",0
84621900000,"آلات بما فيها المكابس (للتشكيل بالحرارة، للطرق أو للقولبة والمطارق الحرارية (غ.م.ك)",0
84622200000,آلات تشكيل البروفيلات,0
84622300000,مكابح المكابس ذات تحكم رقمي,0
84622400000,آلات ثني الصفائح ذات تحكم رقمي,0
84622500000,آلات تشكيل اللفائف ذات تحكم رقمي,0
84622600000,آلات أخر ذات تحكم رقمي للثني أو للطي أو للتقويم أو للتسوية,0
84622900000,آلات (بما فيها مكابح المكابس) لثنى أو طى أو تقويم أو تسوية المنتجات المسطحة (غ.م.ك),0
84623200000,خطوط القطع وخطوط القطع بأطوال معينة,0
84623300000,آلات القص ذات تحكم رقمي,0
84623900000,"خطوط القطع وخطوط القطع بأطوال معينة وآلات قص أخر) ما عدا المكابس للمنتجات المسطحة، عدا الآلات المشتركة للتخريم والقص معا (غ.م.ك)",0
84624200000,"آلات (ما عدا المكابس لتخريم أو تحزيز أو قضم المنتجات المسطحة، بما في ذلك الآلات المشتركة للتخريم والقص معا، ذات تحكم رقمي",0
84624900000,عدد آلية (بما فيها المكابس) لشغل المعدن بالتخريم أو القضم عدا ذات تحكم رقمي,0
84625100000,"آلات ماعدا المكابس لشغل الأنابيب والمواسير والمقاطع المجوفة والقضبان، ذات تحكم رقمي",0
84625900000,آلات (ماعدا المكابس لشغل الأنابيب والمواسير والمقاطع المجوفة والقضبان (غ.م.ك),0
84626110000,مكابس هيدروليكية معدة للاستعمال الصناعي,0
84626190000,مكابس هيدروليكية (غ.م.ك),5
84626210000,مكابس آلية معدة للاستعمال الصناعي,0
84626290000,مكابس آلية (غ.م.ك),5
84626310000,مكابس سيرفو (Servo) معدة للاستعمال الصناعي,0
84626390000,مكابس سيرفو (Servo) (غ.م.ك),5
84626910000,مكابس لشغل المعادن على البارد معدة للاستعمال الصناعي,0
84626990000,مكابس لشغل المعادن على البارد (غ.م.ك),5
84629010000,عدد آلية بما (فيها المكابس لشغل المعادن بالطرق أو بالقولبة) ما عدا آلات التجليخ. معدة للاستعمال الصناعي (غ.م.ك),0
84629090000,عدد آلية (بما فيها المكابس لشغل المعادن بالطرق أو بالقولبة) ما عدا آلات التجليخ أو الترقيق)؛ عدد آلية (بما فيها الم... (غ.م.ك),5
84631000000,مناضد سحب للقضبان والأنابيب وزوايا .. وما يماثلة للمعادن أو الخلائط.. الخزفية دون إقتطاع الماد,0
84632000000,آلات لأعمال اللولبة بالسحب أو الجلخ للمعادن أو الخلائط المعدنية الخزفية دون إقتطاع المادة,0
84633000000,"آلات لشغل الاسلاك، عدا السحب للمعادن أو الخلائط المعدنية الخزفية دون اقتطاع المادة",0
84639000000,عدد آلية أخر لشغل المعادن أو الخلائط المعدنية الخزفية دون إقتطاع المادة (غ.م.ك),0
84641000000,آلات نشر الحجر أو الخزف أو الخرسانة أو خليط الحرير الصخري بإسمنت أو .. أو الزجاج على البارد,0
84642000000,آلات شحذ أو صقل الحجر أو الخزف أو الخرسانة أو خليط الحرير الصخري بإسمنت أو الزجاج على البارد,0
84649000000,عدد آلية لشغل الحجر أو الخزف أو الخرسانة أو خليط الحرير الصخري بإسمنت أو الزجاج على البارد. (غ.م.ك),0
84651000000,عدد آلية تعمل دون تغير أدواتها أثناء عملية التشغيل الآلي لشغل الخشب الفلين العظم مطاط مقسى....,0
84652000000,مراكز التشغيل الالي,0
84659100000,عدد آلية لنشر الخشب أو الفلين أو العظم أو مطاط مقسى أو لدائن صلبة أو مواد صلبة المماثلة,0
84659200000,عدد آلية التسوية أو مسح أو تفريز أو تشكيل (بالاقتطاع للخشب أو الفلين أو العظم أو المطاط المقسى...,0
84659300000,عدد آلية لشحذ أو صقل أو تلميع الخشب أو الفلين أو العظم أو المطاط المقسى أو اللدائن الصلبة أو...,0
84659400000,عدد آلية لثني وتقويس أو تجميع الخشب أو الفلين أو العظم أو المطاط المقسي أو اللدائن الصلبة أو...,0
84659500000,عدد آلية لثقب أو تلسين الخشب أو الفلين أو العظم أو المطاط المقسى أو اللدائن الصلبة أو المواد.,0
84659600000,عددالية لشق أو تقطيع الى شرائح أو قصاصات الخشب أو الفلين أو العظم أو المطاط المقسى أو ...,0
84659900000,عدد آلية لشغل الخشب أو الفلين أو العظم أو المطاط المقسى أو اللدائن الصلبة أو المواد.. (غ.م.ك),0
84661000000,حوامل الأدوات العاملة ورؤوس اللقم ذاتية الفتح لأصناف البنود 8456 حتى 8465,0
84662000000,مثبتات المشغولات لأصناف البنود 8456 حتى 8465,0
84663000000,رؤوس التقسيم وغيرها من التجهيزات الخاصة التي تركب على العدد الآلية لأصناف البنود حتى 8456,0
84669100000,أجزاء ولوازم معدة للأستعمال حصرا أو بصفة رئيسية في الآلات الداخلة في البند 8464,0
84669200000,أجزاء ولوازم معدة للأستعمال حصرا أو بصفة رئيسية في الآلات الداخلة في البند 8465,0
84669300000,أجزاء ولوازم معدة للأستعمال حصرا أو بصفة رئيسية في الآلات الداخلة في البنود 8456 حتى 8461,0
84669400000,أجزاء ولوازم معدة للاستعمال حصرا أو بصفة رئيسية في الآلات الداخلة في البنود 8462 حتى 8463,0
84671100000,عدد تدار يدويا تعمل بالهواء المضغوط دواره وإن كانت طارقة,0
84671900000,"عدد تدار يدويا تعمل بالهواء المضغوط، عدا الدواره (غ.م.ك)",0
84672100000,مثاقب من جميع الانواع بمحرك كهربائي مندمج,0
84672200000,مناشير بمحرك كهربائي مندمج,0
84672900000,عدد يدوية اخر تشتمل على محرك كهربائي مندمج,0
84678100000,"مناشير ذات سلاسل، تدار يدويا، تعمل بمحرك كهربائي او غير كهربائي مندمج بها أو هيدروليكي",0
84678900000,"عدد تدار يدويا، تعمل بمحرك كهربائي او غير كهربائي مندمج أو هيدروليكي (غ.م.ك)",0
84679100000,أجزاء للمناشير ذات السلاسل للبند 8467.81,0
84679200000,أجزاء للعدد التي تدار يدويا وتعمل بالهواء المضغوط,0
84679900000,"أجزاء للعدد التي تدار) يدويا و تعمل بمحرك غير كهربائي مندمج بها أو هيدروليكي)، (غ.م.ك)",0
84681000000,قصبات لحام توجه يدويا,0
84682000000,آلات وأجهزة أخر تستعمل بها الغازات لتقسية الاسطح,0
84688020000,لتشكيل الاجسام ثلاثية الابعاد باستخدام الزجاج و الخزف,0
84688030000,غيرها المعدة للاستعمال الصناعي,0
84688090000,آلات وأجهزة لحام أخر (غ.م.ك),5
84689000000,أجزاء الآلات والأجهزة الواردة للبند 8468,0
84701000000,آلات حاسبة الكترونية تعمل دون مصدر طاقة خارجي وآلات بحجم الجيب لتسجيل وإظهار البيانات....,0
84702100000,آلات حاسبة الكترونية أخر متضمنة أداة طابعة,0
84702900000,"آلات حاسبة الكترونية أخر، عدا المتضمنة أداة طابعة",0
84703000000,آلات حاسبة (عدا الالكترونية) (غ.م.ك),0
84705000000,صناديق نقد مسجلة,0
84709000000,آلات ختم طوابع وآلات أصدار التذاكر وما يماثلها من آلات متضمنة أداة حاسبة,0
84713000000,"آلات للمعالجة الذاتية للمعلومات قابلة للحمل لا يتجاوز وزنها 10 كغم، تتألف على الأقل من وحدة معالجة مركزية ولوحة مفاتيح وشاشة",0
84714100000,آلات رقمية أخر للمعالجة الذاتية للمعلومات تتألف من CPU ووحدة إدخال وإخراج أو كلاهما بنفس البدن,0
84714900000,آلات رقمية للمعالجة الذاتية للمعلومات (غ.م.ك) مقدمة على شكل أنظمة,0
84715000000,"وحدات معالجة أخر تتضمن على الأقل وحدة من وحدات تخزين إدخال إخراج (عدا 847141,847149)",0
84716000000,"وحدات إدخال أو إخراج، وإن تضمنت وحدات تخزين ذاكرة في نفس البدن",0
84717000000,وحدات تخزين لآلات المعالجة الذاتية للمعلومات,0
84718000000,"وحدات أخر لآلات المعالجة الذاتية للمعلومات، (غ.م.ك)",0
84719000100,قارئ جواز السفر والهويات,0
84719000900,قارئات مغناطيسية أو بصرية آلات نقل المعلومات على حوامل بهيئة رموز وآلات لمعالجتها (غ.م.ك),0
84721000000,آلات إستنساخ للمكاتب (هيكتوغراف أو استنسل),5
84723000000,آلات فرز أو طي المراسلات أو وضعها في ظروف أو لفها بأشرطة ... أجهزة لصق أو إبطال طوابع البريد,5
84729010000,أجهزة الصراف الآلي (ATM),0
84729020000,الات معالجة النصوص,0
84729030000,الات كاتبة (عدا الطابعات الداخلة في البند 84.43),5
84729090100,آلات بري الأقلام,5
84729090200,آلات توقيع الشيكات,5
84729090300,ماكينة ترميز الشيكات,5
84729090900,آلات وأجهزة أخر للمكاتب (غ.م.ك) (مثل آلات فرز وعد وتغليف الأوراق النقدية,5
84732100000,أجزاء ولوازم للآلات الحاسبة الالكترونية الداخلة في البند 8470.10 أو 8470.21 أو 8470.29,0
84732900000,أجزاء ولوازم للآلات الداخلة في البند من 8470.30 حتى 8470.90,0
84733000000,أجزاء ولوازم للآلات والأجهزة الداخلة في البند 8471,0
84734010000,اجزاء و لوازم للالات و الاجهزة الداخلة في البنود الفرعية 8472.902 و 8472.903,5
84734090000,أجزاء ولوازم للآلات والأجهزة الداخلة في البند 8472 (غ.م.ك),5
84735000000,أجزاء ولوازم تستخدم على حد سواء مع الآلات الداخلة في بندين أو أكثر من 8469 حتى 8472,0
84741010000,آلات غربلة الحصمة,25
84741090000,آلات وأجهزة فرز أو فصل أو غسل أو غربلة الأتربة أو .. الصلبة عدا آلات غربلة الحصمة (غ.م.ك),0
84742000000,آلات وأجهزة جرش أو سحق الأتربة أو الأحجار أو خامات المعادن أو غيرها من المواد المعدنية الصلبة,0
84743110000,خلاطات الخرسانة أو الملاط يتم تثبيتها بالمواقع الإنشائية وتعبأ آليا (مركزية),0
84743190000,خلاطات الخرسانة أو الملاط (عدا الخلاطات التي يتم تثبيتها بالمواقع الانشائية),5
84743200000,آلات وأجهزة خلط المواد المعدنية بالقار,0
84743900000,آلات خلط أو عجن الأتربة أو الأحجار أو خامات معادن أو غيرها من المواد المعدنية الصلبة (غ.م.ك),0
84748000000,آلات تكتيل أو تشكيل .. الوقود المعدني الصلب والعجن الخزفية ... آلات صنع قوالب الصب من رمل,0
84749010000,أجزاء لآلات غربلة الحصمة والخلاطات الخرسانة غير المركزية,0
84749090000,أجزاء آلات البند 8474 عدا أجزاء البندين (8474.101) (8474.319),5
84751000000,آلات تجميع مصابيح أو أنابيب أو صمامات كهربائية أو الكترونية أو مصابيح إحداث.. في أغلفة من زجاج,0
84752100000,آلات لصنع ألياف زجاجية بصرية وأشكالها الأولية,0
84752900000,آلات صنع أو شغل الزجاج أو مصنوعاته بالحرارة (عدا الألياف البصرية),0
84759000000,أجزاء آلات البند 8475,0
84762100000,آلات ذاتية الحركة (آلية) لبيع المشروبات متضمنة أجهزة تسخين أو تبريد,25
84762900000,آلات ذاتية الحركة (آلية) لبيع المشروبات عدا المتضمنة على أجهزة تسخين أو تبريد,25
84768100000,آلات ذاتية الحركة (آلية) لبيع البضائع متضمنة على أجهزة تسخين أو تبريد (عدا بيع المشروبات),25
84768900000,آلات ذاتية الحركة (آلية) لبيع البضائع عدا المتضمنة على أجهزة تسخين أو تبريد (غ.م.ك),25
84769000000,أجزاء آلات ذاتية الحركة (آلية) لبيع البضائع,5
84771000000,"آلات قولبة بالحقن لشغل المطاط أو اللدائن أو لصنع منتجات من هذه المواد، غير مذكورة ولا داخلة في مكان آخر من هذا الفصل",0
84772000000,"أجهزة التشكيل بالبثق، لشغل المطاط أو اللدائن أو لصنع منتجات من هذه المواد غير مذكورة ولا داخلة في مكان آخر من هذا الفصل",0
84773000000,"آلات قولبة بالنفخ، لشغل المطاط أو اللدائن أو لصنع منتجات من هذه المواد غير مذكورة ولا داخلة في مكان آخر من هذا الفصل",0
84774000000,"آلات قولبة بالتفريغ الهوائي وآلات تشكيل حراري أخر، لشغل المطاط أو اللدائن أو لصنع منتجات من هذه المواد غير مذكورة ولا داخلة في مكان آخر من هذا الفصل",0
84775100000,آلات قولبة أو تلبيس إطارات خارجية هوائية أو قولبة أو تشكيل أنابيب داخلية هوائية (غ.م.ك),0
84775900000,"آلات قولبة أو تشكيل آخر، (غ.م.ك)",0
84778000000,آلات لشغل المطاط أو اللدائن أو لصنع منتجات من هذه المواد (غ.م.ك),0
84779020000,أجزاء الآت واجهزة شغل مطاط اولدائن او لصنع منتجاتها (غ.ك.م من هذا الفصل) معدة للاستعمال الصناعي,0
84779090000,أجزاء الآت و اجهزة لشغل مطاط او لدائن او لصنع منتجات منها (غ.ك.م من هذا الفصل) (غ.م.ك),5
84781010000,آلات وأجهزة لتحضير أو .. التبغ غير مذكورة ولا داخلة في بنود اخرى من هذا الفصل معدة للاستعمال الصناعي أو الزراعي,0
84781090000,آلات وأجهزة لتحضير أو تصنيع التبغ غير مذكورة ولا داخلة في بنود اخرى من هذا الفصل,5
84789010000,أجزاء للآلات والأجهزة الداخلة بالبند 8478 المعدة للاستعمال الصناعي أو الزراعي,0
84789090000,أجزاء للآلات والأجهزة الداخلة بالبند 8478 (غ.م.ك),5
84791010000,"آلات لإنشاء الطرق، (غ.م.ك)",0
84791090000,"آلات وأجهزة للأشغال العامة أو البناء أو الأشغال المماثلة (عدا آلات إنشاء الطرق)، (غ.م.ك)",5
84792000000,آلات وأجهزة لاستخلاص أو تحضير الدهون والزيوت الحيوانية أو النباتية الثابتة (غ.م.ك),0
84793000000,مكابس لصنع ألواح دقائق أو ألياف من خشب أو .. وآلات أخر لمعالجة الخشب أو .. (غ.م.ك),0
84794000000,آلات وأجهزة لصنع الحبال أو الأمراس (ع.م.ك),0
84795000000,إنسان آلي صناعي (روبوت) (غ.م.ك),0
84796000000,أجهزة لتبريد الهواء تعمل بالتبخير (غ.م.ك),5
84797100000,جسور صعود الركاب من الانواع المستعملة في المطارات,5
84797900000,جسور صعود الركاب غير مذكورة ولا داخلة في مكان آخر من هذا الفصل,5
84798100000,"آلات لمعالجة المعادن، بما في ذلك أجهزة لف أسلاك الوشائع الكهربائية (غ.م.ك)",0
84798210000,آلات وأجهزة خلط أو عجن أو جرش أو سحق أو غربلة أو نخل أو تجانس.. معدة للاستعمال الصناعي أو الزراعي,0
84798290100,خلاط مادة إطفاء الحريق الفوم,5
84798290900,آلات وأجهزة خلط أو عجن أو جرش أو سحق أو غربلة أو نخل أو تجانس أو إستحلاب أو مزج (غ.م.ك),5
84798310000,"مكابس متوازنة على البارد (isostatic)، لمعالجة المعادن",0
84798320000,"مكابس متوازنة على البارد (isostatic)، المعد للاستعمال الصناعي أو الزراعي",0
84798390000,مكابس متوازنة على البارد (isostatic) (غ.م.ك),5
84798910000,راسيات آلية لفتح وإغلاق أبواب المصاعد (هيدرات) المستوردة من قبل المصانع التي تقوم بإنتاج كبائن المصاعد,0
84798920000,البوابات الخاصة بتفتيش الأشخاص وكشف المتفجرات,0
84798940000,"غيرها، المعدة للاستعمال الصناعي او الزراعي",0
84798990100,مثبطات الحريق المستخدمة في دكتات التهوية,5
84798990900,آلات وأجهزة آلية ذات وظيفة خاصة قائمة بذاتها (غ.م.ك),5
84799010000,"أجزاء (غ.م.ك)، للأجهزة الداخلة بالبند 8479 والمعدة للاستعمال الصناعي أو الزراعي",0
84799090000,أجزاء للآلات الداخلة بالبند 8479 (ع.م.ك),5
84801000000,صناديق قولبة لصب المعادن,0
84802000000,قواعد قوالب,0
84803000000,نماذج قولبة,0
84804100000,قوالب القولبة المعادن أو الكربيدات المعدنية بالحقن أو بالضغط,0
84804900000,"قوالب لقولبة المعادن أو الكربيدات المعدنية، (غ.م.ك)",0
84805000000,قوالب للزجاج,0
84806000000,قوالب للمواد المعدنية,0
84807100000,"قوالب لقولبة المطاط أو اللدائن، بالحقن أو بالضغط",0
84807900000,قوالب لقولبة المطاط أو اللدائن (غ.م.ك),0
84811020000,منظمات ضغط الاكسجين للإستخدامات الطبية,0
84811030000,صمامات تخفيض الضغط المستورد من قبل المصانع كمدخلات انتاج,0
84811090000,صمامات تخفيض الضغط من اصناف صناعة الحنفيات .... (غ.م.ك),5
84812000000,صمامات لأجهزة نقل الحركة التي تعمل هيدر ليكيا بالزيت أو التي تعمل بالهواء المضغوط,0
84813010000,صمامات بلسان أو صمامات الحجز (ضد الرجوع المستوردة من قبل المصانع كمدخلات انتاج,0
84813090000,صمامات بلسان أو صمامات الحجز (ضد الرجوع) (غ.م.ك),5
84814010000,صمامات الأمان أو الفائض المستورد من قبل المصانع كمدخلات إنتاج,0
84814090000,صمامات الأمان أو الفائض (غ.م.ك),5
84818010000,أدوات أخر من أصناف صناعة الحنفيات لترشيد إستهلاك المياه,0
84818020000,صمامات للاستخدامات الطبية,0
84818040000,أدوات أخر من أصناف صناعة الحنفيات (غ.م.ك) المستورد من قبل المصانع كمدخلات انتاج,0
84818070000,أدوات أخر من أصناف صناعة الحنفيات مستورد من قبل المصانع كمستلزمات انتاج لاستخداماتها الخاصة,0
84818090100,صمامات ومحابس أنظمة الإطفاء بما فيها الهيدرنت ومحابس البسطة,5
84818090900,أدوات أخر من أصناف صناعة الحنفيات (غ.م.ك),5
84819010000,أجزاء الأصناف الداخلة بالبند 8481 المستوردة من قبل المصانع كمدخلات انتاج,0
84819020000,اجزاء القطع التي تركب على رؤوس المحابس والصنابير لترشيد استهلاك المياه,0
84819090000,أجزاء الأصناف الداخلة بالبند 8481 (غ.م.ك),5
84821010000,مدحرجات ذات كرات المستورد من قبل المصانع كمدخلات انتاج,0
84821090000,"مدحرجات ذات كرات، (غ.م.ك)",5
84822000000,"مدحرجات بدواليب مخروطية، بما فيها المخاريط والدواليب المخروطية المجمعة",0
84823000000,مدحرجات بدواليب بشكل براميل,0
84824000000,"مدحرجات بدواليب بشكل إبر، بما فيها مجموعات بدواليب بشكل أقفاص وإبر",0
84825000000,"مدحرجات أخر بدواليب إسطوانية، بما فيها مجموعات بدواليب بشكل أقفاص",0
84828000000,مدحرجات ذات كرات أو دواليب (غ.م.ك) بما فيها المدحرجات المشتركة,0
84829100000,كرات دواليب بشكل إبر دواليب إسطوانية,0
84829910000,أجزاء مدحرجات ذات كرات أو دواليب مستورد من قبل المصانع كمستلزمات انتاج لاستخداماتها الخاصة,0
84829990000,أجزاء مدحرجات ذات كرات أو دواليب (غ.م.ك),5
84831010000,أعمدة نقل الحركة (بما فيها .. الكامات والمرفقية) وكرنكات المستورد.. مصانع المصاعد كمدخلات انتاج,0
84831090000,"أعمدة نقل الحركة (بما فيها أعمدة الكامات والأعمدة المرفقية)، والكرنكات (غ.م.ك)",5
84832010000,كراسي مشتملة على مدحرجات ذات كرات أو دواليب المستوردة من قبل مصانع المصاعد كمدخلات انتاج,0
84832090000,كراسي مشتملة على مدرجات ذات كرات أو دواليب (غ.م.ك),5
84833010000,كراسي غير مشتملة على مدحرجات سبائك المستوردة من قبل المصانع كمدخلات انتاج,0
84833090000,"كراسي غير مشتملة على مدحرجات، سبائك (غ.م.ك)",5
84834020000,"غيرها، المستورد من قبل المصانع كمدخلات انتاج",0
84834090000,"تروس وعجلات إحتكاك، وبراغي ذات كرات أو دواليب وعلب التروس ومغيرات سرعة ذات تعشيقات هيدروليك",5
84835020000,طارات منظمة و بكرات مناولة للحركة بما .. بكرات طليقة أوحرة مستوردة من قبل المصانع كمدخلات انتاج,0
84835090000,"دواليب منظمة للحركة، وبكرات مناولة للحركة، بما فيها البكرات الطليقة أو الحرة (غ.م.ك)",5
84836010000,معشقات ووصلات مناولة لأعمدة الحركة بما فيها الوصلات المفصلية مستوردة.. مصانع المصاعد انتاج,0
84836090000,"معشقات ووصلات مناولة لأعمدة الحركة، بما فيها الوصلات المفصلية (غ.م.ك)",5
84839010000,عجلات بسيطة مسننة وغيرها من عناصر نقل حركة أجزاء اصناف داخلة بالبند 8483 مستورد.. مصانع مصاعد..,0
84839090000,عجلات بسيطة مسننة وغيرها من عناصر نقل الحركة أجزاء الأصناف الداخلة بالبند 8483 (غ.م.ك),5
84841000000,فواصل وما يماثلها من ألواح معدنية متحدة مع مادة أخرى أو مؤلفة من طبقتين أو أكثر من معدن,0
84842010000,فواصل آلية مانعة للتسرب مستورد من قبل المصانع كمستلزمات انتاج لاستخداماتها الخاصة,0
84842090000,فواصل آلية مانعة للتسرب (غ.م.ك),5
84849010000,مجموعات أو أطقم من الفواصل ... مهيأة في جعب أو .. المستورد.. كمستلزمات .. لاستخداماتها الخاصة,0
84849090000,مجموعات أو أطقم من الفواصل وما يماثلها مختلفة التراكيب مهيأة في جعب أو أغلفة مماثلة (غ.م.ك),5
84851000000,بترسيب المعادن,0
84852000000,بترسيب اللدائن أو المطاط,0
84853010000,الآت للتصنيع الإضافي بترسيب الزجاج,0
84853090000,بترسيب الجص أو الأسمنت أو الخزف أو الزجاج (غ.م.ك),0
84858010000,العجينة الورق او الورق او الورق المقوى أو الخشب أو الفلين أو العظم أو المطاط المقسى أو اللدائن الصلبة أو المواد الصلبة المماثلة,0
84858090100,طابعات ثلاثية الأبعاد للمعادن تعمل بغير ترسيب المعادن,0
84858090900,آلات للتصنيع الإضافي (غ.م.ك),0
84859010000,"أجزاء، للآلات الداخلة بالبنود 8485.10، 8485.301، 8485.801",0
84859020000,أجزاء المعدة للاستعمال الزراعي أو الصناعي,0
84859090000,أجزاء آلات للتصنيع الإضافي (غ.م.ك),5
84861000000,الات واجهزة من النوع المستعمل حصريا .. لصناعة البولات و الرقائق,0
84862000000,الات واجهزة من النوع المستعمل حصريا .. لصناعة اجهزة نصف موصلة أو دوائر متكاملة اليكترونية,0
84863000000,الات واجهزة من النوع المستعمل حصريا .. لصناعة شاشات العرض المسطحة,0
84864000000,الات و اجهزة مذكورة في الملاحظة (9(ج) بالفصل 84),0
84869000000,اجزاء ولوازم الات و الاجهزة المذكورة في البند 8486,0
84871000000,"رفاصات مراوح دافعة للسفن أو للقوارب، وريشها",5
84879010000,أجزاء آلات أو أجهزة بدون موصلات .. (غ.م.ك) . المستورد.. كمستلزمات .. لاستخداماتها الخاصة,0
84879090000,أجزاء آلات أو أجهزة بدون موصلات أو عوازل أو وشائع كهربائية أو أدوات.. تركيبات كهربائية (غ.م.ك),5
85011010000,محركات كهربائية بقدرة - 37.5 واط وبوزن 10 كغ مستورد من قبل المصانع كمدخلات انتاج,0
85011020000,محركات كهربائية بقدرة = 37.5 واط وبوزن كغ 10 (غ) م ك ),5
85011090000,محركات كهربائية بقدرة 37.5 واط وبوزن 10 كغ,5
85012010000,محركات كهربائية للتيارين المستمر و . . بقدرة واط 37.5 وبوزن كغ 10 مستورد.. مصانع كمدخل انتاج,0
85012020000,"محركات كهربائية, شاملة للتيارين المستمر والمتناوب بقدرة 37.5 واط وبوزن كغ10",5
85012090000,محركات كهربائية شاملة للتيارين المستمر والمتناوب بقدرة تزيد عن واط 37.5 وبوزن اكثر من كغ10,0
85013110000,محركات ذات.. ومولدات تيار مستمر كهربائية قدرة = واط 750 بوزن 10 كغ مستورد.. مصانع.. انتاج,0
85013120000,"محركات ذات تيار مستمر ومولدات التيار المستمر, كهربائية بقدرة 750 واط وبوزن كغ 10 ( غ م ك )",5
85013190000,محركات ذات تيار مستمر ؛ مولدات التيار المستمر كهربائية بقدرة لا تزيد عن 750 واط وبوزن اكثر من 10 كغ,0
85013210000,محركات ذات تيار مستمر و مولدات .. بقدرة واط 750 و ك 75 واط وزن 10 ك او اقل مستورد.. كمدخل انتاج,0
85013220000,"محركات ذات تيار مستمر و مولدات .. بقدرة 750 واط و ك 75 واط, وزن 10 ك اواقل (غ. م.ك)",5
85013290000,محركات ذات تيار مستمر ومولدات تيار مستمر بقدرة 750 واط و 75 كيلوواط (غ. م.ك),0
85013300000,محركات ذات تيار مستمر ؛ مولدات تيار مستمر بقدرة تزيد عن 75 كيلوواط ولا تتجاوز 375 كيلو واط,0
85013400000,محركات ذات تيار مستمر ؛ مولدات تيار مستمر بقدرة تزيد عن 375 كيلو واط,0
85014010000,محركات اخرذات تيار متناوب بوجه واحد وزن 10 ك اواقل المستورده من قبل المصانع كمدخلات انتاج,0
85014020000,محركات اخر ذات تيار متناوب بوجه واحد وزن 10ك اواقل لترشيد استهلاك الطاقة,0
85014030000,محركات اخر ذات تيار متناوب بوجه واحد وزن 10 ك اواقل (غ.م.ك),5
85014090000,محركات اخر ذات تيار متناوب بوجه واحد (غ.م.ك),0
85015110000,محركات ذات تيار متناوب متعددة الاطوار بقدرة وط 750 ووزن 10 كغ المستوردة.. المصانع... انتاج,0
85015120000,"محركات ذات تيار متناوب متعددة الاطوار بقدرة = 750 وط, و وزن كغ 10 لترشيد استهلاك الطاقة",0
85015130000,"محركات ذات تيار متناوب متعددة الاطوار بقدرة = 750 وط, و وزن كغ 10 (غ.م.ك)",5
85015190000,"محركات ذات تيار متناوب متعددة الاطوار بقدرة = 750 وط, و وزن - كغم10 , (غ. م.ك)",0
85015210000,محركات ذات تيار متناوب متعدد الأطوار بقدرة واط 750 و 75 كيلو واط ووزن كغ 10 مستوردة.. انتاج,0
85015220000,محركات ذات تيار متناوب متعدد الأطوار بقدرة 750 واط و 75 كيلو واط ووزن كغ 10 لترشيد... الطاقة,0
85015230000,محركات ذات تيار متناوب متعدد الأطوار بقدرة واط 750 و 75 كيلو واط ووزن كغ10 . (غ.م.ك),5
85015290000,محركات ذات تيار متناوب متعددة الأطوار بقدرة - واط 750 و 75 كيلو واط ووزن كغ10 . (غ.م.ك),0
85015300000,محركات ذات تيار متناوب متعددة الأوجه بقدرة تزيد عن 75 كيلو واط,0
85016100000,مولدات التيار المتناوب بقدرة لا تزيد عن 75 (ك.ف.أ),0
85016200000,مولدات التيار المتناوب تزيد قدرتها عن V.A. 75 ك.ف. أ) ولا تتجاوز VA375 . ك.ف.أ),0
85016300000,مولدات التيار المتناوب تزيد قدرتها عن . V.A375ك.ف.أ) ولا تتجاوز V.A. 750 ك.ف.أ),0
85016400000,مولدات التيار المتناوب تزيد قدرتها عن V.A. 750 ك.ف.أ),0
85017110000,"مولدات فولتائية ضوئية ذات تيار مستمر ، لا تزيد قدرتها عن (W50 وات) ، يزن الواحد منها عشرة كيلوغرامات أو أقل، المستورد من قبل المصانع كمدخلات",0
85017120000,"غيرها مولدات فولتائية ضوئية ذات تيار مستمر ، لا تزيد قدرتها عن (W50 وات) ، يزن عشرة كيلوغرامات أو أقل",5
85017190000,"مولدات فولتائية ضوئية ذات تيار مستمر ، لا تزيد قدرتها عن (W50 وات) (غ.م.ك)",0
85017211000,"مولدات فولتائية ضوئية ذات تيار مستمر، قدرتها و K.W75 W50 ، يزن الواحد منها عشرة كيلوغرامات أو أقل، المستورد من قبل المصانع كمدخلات إنتا",0
85017212000,"مولدات فولتائية ضوئية ذات تيار مستمر، قدرتها و K.W75 W50 ، غيرها يزن عشرة كيلوغرامات أو أقل",5
85017219000,"مولدات فولتائية ضوئية ذات تيار مستمر، قدرتها و K.W75W50 (غ.م.ك)",0
85017290000,"مولدات فولتائية ضوئية ذات تيار مستمر، تتجاوز قدرتها (K.W75غ. م.ك)",0
85018000000,مولدات فولتائية ضوئية ذات تيار متناوب,0
85021110000,مجموعات توليد الكهرباء بمحركات يتم الاشتعال فيها بالضغط بقدرة لا تزيد عن 75 ك. ف. أ) وبوزن اقل من 10 كغ,5
85021190000,مجموعات توليد كهرباء بمحركات الإشتعال فيها بالضغط بقدرة لا تزيد عن 75 ك.ف.أ) وبوزن اكثر من كغ10,0
85021200000,"مجموعات توليد كهرباء بمحركات الإشتعال فيها بالضغط, تزيد قدرتها عن (75 ك. ف. أ) ولا تتجاوز (375 ك.ف. أ)",0
85021300000,"مجموعات توليد كهرباء بمحركات يتم الاشتعال فيها بالضغط, تزيد قدرتها عن . V.A375ك.ف.أ)",0
85022010000,مجموعات توليد الكهرباء بمحركات يتم الإشتعال فيها بالشرر بوزن كغ10,5
85022090000,مجموعات توليد كهرباء بمحركات يتم الاشتعال فيها بالشرر بوزن يزيد عن 10 كغ,0
85023100000,مجموعات توليد كهرباء تعمل بقوة الرياح,0
85023910000,مجموعات أخر لتوليد الكهرباء (غ. م.ك) بوزن كغ10,5
85023990000,مجموعات أخر لتوليد الكهرباء بوزن يزيد عن 10 كغ (غ. م.ك),0
85024010000,مغيرات دوارة كهربائية بوزن كغ10,5
85024090000,مغيرات دوارة كهربائية بوزن يزيد عن 10 كغ,0
85030000000,أجزاء معدة للإستعمال حصرا أو بصورة أساسية مع الآلات الداخلة في البند 8501 أو 8502,0
85041010000,مثبتات التيار الكهربائي لمصابيح أو أنابيب التفريغ التي تعمل بواسطة الملف,5
85041090000,مثبتات التيار الكهربائي لمصابيح أو أنابيب التفريغ (غ.م.ك),5
85042120000,محولات كهربائية .. بقدرة لا تزيد عن 650 ك. ف. أ) المستورد من قبل المصانع كمستلزمات إنتاج لاستخداماتها الخاصة,0
85042130000,محولات كهربائية ذات عوازل سائلة بقدرة = 650 ك.ف.أ) وبوزن 10 كغ (غ) م ك),0
85042190000,محولات كهربائية ذات عوازل سائلة بقدرة لا تزيد عن 650 ك.ف.أ) إ.م.ك),0
85042200000,محولات كهربائية ذات عوازل سائلة تزيد قدرتها عن V.A. 650 ك.ف.أ) ولا تتجاوز K.V.A10000 ( ك.فأ),0
85042300000,محولات كهربائية ذات عوازل سائلة تزيد قدرتها عن V.A. 10000 ك.ف.أ),0
85043100000,محولات كهربائية أخرى لا تزيد قدرتها عن V.A. 1 ك.ف.أ),0
85043200000,محولات كهربائية أخر تزيد قدرتها عن V.A. 1 ك.ف.أ) ولا تتجاوز V.A. 16 ك.ف.أ),0
85043300000,"محولات كهربائية أخر, تزيد قدرتها عن V.A. 16 ك.ف. أ) ولا تتجاوز V.A. 500 ك.ف.أ)",0
85043400000,"محولات كهربائية أخر, تزيد قدرتها عن V.A. 500 ك.ف.أ)",0
85044020000,"مغيرات ساكنة كهربائية لاجهزة المعالجة الذاتية للمعلومات ووحداتها ، ولاجهزة الاتصالات",0
85044030100,مغيرات ساكنة كهربائية (اليكتروستاتيكية المستخدمة للسيارات الكهربائية يزن الواحد منها كغم 10 او اقل,0
85044030900,مغيرات ساكنة كهربائية (اليكتروستاتيكية) عدا المستخدمة للسيارات الكهربائية يزن الواحد منها 10 كغم او اقل,0
85044090100,وحدات بطاريات مستخدمة لحالات الطوارئ في المباني,0
85044090200,مغيرات ساكنة كهربائية (اليكتروستاتيكية المستخدمة للسيارات الكهربائية,0
85044090900,مغيرات ساكنة كهربائية (اليكتروستاتيكية) (غ.م.ك),0
85045020000,وشائع تأثير كهربائي أخر لمزودات الطاقة لأجهزة معالجة المعلومات ووحداتها و لأجهزة الاتصالات,0
85045030000,وشائع تأثير كهربائي أخر (غ.م.ك) بوزن 10 كغ,0
85045090000,وشائع تأثير كهربائي (غ.م.ك) بوزن 10 كغ,0
85049010000,أجزاء الهيكل الخارجي للمحولات الكهربائية,0
85049020000,تجميعات دوائر (دارات) مطبوعة لمنتجات البند الفرعي (8504502 ),0
85049030000,اجزاء البند 85.04 المستوردة من قبل المصانع كمدخلات انتاج (غ. م.ك),0
85049090000,أجزاء للمحولات الكهربائية والمغيرات الكهربائية الساكنة ووشائع التأثير الكهربائي (غ. م.ك),5
85051100000,مغناطيسات دائمة وأصناف مهيأة لتصبح مغناطيسات دائمة بعد مغنطتها من معدن,0
85051900000,مغناطيسات دائمة وأصناف مهيأة لتصبح مغناطيسات دائمة بعد مغنطتها ( عدا المصنوعة من معدن,0
85052000000,وصلات مناولة للحركة ومعشقات ومغيرات السرعة وفرامل ذات مغناطيسة كهربائية,5
85059010000,مغناطيسات كهربائية .. عدد ذات مغناطيسة كهربائية ... أجزاء البند 8505 مستورد.. مصانع كمدخلات انتاج,0
85059090000,مغناطيسات كهربائية وأظرف وكلابات وملزمات .. العدد ذات مغناطيسة كهربائية أجزاء البند 8505 (غ. م.ك,5
85061000000,خلايا ومجموعات خلايا ( بطاريات ) مولدة للكهرباء من ثاني أكسيد المنغنيز,5
85063000000,خلايا ومجموعات خلايا بطاريات) مولدة للكهرباء من أكسيد الزئبق,5
85064000000,خلايا ومجموعات خلايا بطاريات ) مولدة للكهرباء من أكسيد الفضة,5
85065000000,خلايا ومجموعات خلايا ( بطاريات) مولدة للكهرباء من الليثيوم,5
85066000000,خلايا ومجموعات خلايا ( بطاريات) مولدة للكهرباء من زنك - هواء,5
85068000000,"خلايا ومجموعات خلايا (بطاريات) مولدة للكهرباء, (غ.م.ك)",5
85069010000,أوعية البطاريات بما فيها رؤوسها,0
85069090000,أجزاء للخلايا والمجموعات الخلايا المولدة للكهرباء ( عدا أوعية البطاريات),5
85071010000,مدخرات كهربائية بالرصاص مستعملة لتشغيل محركات ذات مكابس مستورد.. كمستلزم.. لاستخدامها الخاص,0
85071090000,مدخرات ( جماعات ) كهربائية عاملة بالرصاص والحمض المستعملة لتشغيل المحركات ذات المكابس (غ. م.ك),25
85072010000,مدخرات كهربائية أخر بالرصاص من الانواع المستخدمة فنادخار الطاقة المستمدة من طاقة شمسية اورياح,5
85072020000,"مدخرات جماعات) كهربائية أخر, عاملة بالرصاص, المستورد.. كمستلزمات انتاج لاستخداماتها الخاصة",0
85072090000,"مدخرات (جماعات كهربائية أخر, عاملة بالرصاص (غ.م.ك)",5
85073010000,"مدخرات (جماعات) كهربائية, عاملة بالنيكل - كاديوم مستورد.. كمستلزمات .. لاستخداماتها الخاصة",0
85073090000,"مدخرات (جماعات كهربائية, عاملة بالنيكل - كاديوم (غ.م.ك)",5
85074000000,مدخرات ( جماعات) كهربائية عاملة بالنيكل - حديد,5
85075010100,بطاريات (مستعملة) من نيكل - هيدريد معدني المعدة للسيارات الكهربائية و / أو السيارات الهجينة,0
85075010900,بطاريات من نيكل - هيدريد معدني المعدة للسيارات الكهربائية و / أو السيارات الهجينة عدا المستعملة,0
85075090000,مدخرات (جماعات كهربائية بالنيكل - هيدريد معدني (غ) م ك),5
85076010100,بطاريات (مستعملة) من ليثيوم - أيون المعدة للسيارات الكهربائية و أو / السيارات الهجينة,0
85076010900,بطاريات من ليثيوم - أيون المعدة للسيارات الكهربائية و / أو السيارات الهجينة عدا المستعملة,0
85076090000,مدخرات (جماعات) كهربائية بالليثيوم ايون (غ) م ك ),5
85078010100,غيرها من بطاريات (مستعملة) المعدة للسيارات الكهربائية وأو / السيارات الهجينة,0
85078010900,غيرها من البطاريات المعدة للسيارات الكهربائية و / أو السيارات الهجينة ( عدا المستعملة),0
85078090000,مدخرات (جماعات) كهربائية أخر (غ.م.ك),5
85079000000,أجزاء مدخرات (جماعات) كهربائية,0
85081100000,مكانس كهربائية ذات محرك كهربائي مندمج طاقة = 1500 وط مزودة بكيس او وعاء اخر لا تزيد سعتة عن لتر 20,25
85081900000,"مكانس كهربائية ذات محرك كهربائي مندمج معها, (غ.م.ك)",25
85086000000,مكانس كهربائية اخر (غ. م.ك),25
85087010000,أجزاء المكانس الكهربائية المستوردة من قبل المصانع كمدخلات انتاج,0
85087090000,أجزاء المكانس الكهربائية (غ.م.ك),25
85094000000,طواحين وخلاطات المأكولات عصارات الفواكه أو الخضر للإستعمال المنزلي بمحرك كهربائي مندمج,5
85098000000,أجهزة آلية كهربائية أخر ( عدا مكانس البند 8508) للإستعمال المنزلي ذات محرك كهربائي مندمج (غ. م.ك),25
85099000000,"اجزاء الاجهزة آلية كهربائية أخر ( عدا مكانس البند 8508) للإستعمال المنزلي, ذات محرك كهربائي مندمج",25
85101000000,أجهزة حلاقة ذات محرك كهربائي مندمج,5
85102000000,أجهزة قص أو جز الشعر ذات محرك كهربائي مندمج,5
85103000000,أجهزة إزالة الشعر ذات محرك كهربائي مندمج,5
85109000000,أجزاء الأجهزة الداخلة في البند 8510,5
85111000000,شمعات الإحتراق الكهربائية لمحركات الإحتراق الداخلي,5
85112000000,"مغناطيسات إشعال ومولدات ودواليب منظمة للحركة, مغناطيسة المحركات الإحتراق الداخلي",5
85113010000,وشائع حث للمحركات الكهربائية,5
85113090000,موزعات : وشائع إشعال كهربائية لمحركات الإحتراق الداخلي (غ. م.ك),5
85114000000,"محركات لإطلاق الحركة, كهربائية, وإن كانت تعمل كمولدات المحركات الإحتراق الداخلي",5
85115000000,مولدات كهربائية أخر المحركات الإحتراق الداخلي,5
85118000000,"معدات وأجهزة كهربائية أخر, للإشعال أو إطلاق الحركة المحركات الإحتراق الداخلي",5
85119000000,أجزاء المعدات والأجهزة الكهربائية الداخلة بالبند 8511,5
85121000000,أجهزة كهربائية للإنارة أو الإشارة المرئية من الأنواع المستعملة للدراجات العادية,5
85122000100,لطاشات وانوار تحذيرية خاصة بالمركبات,5
85122000200,أضوية الزينون الخاصة بالمركبات,5
85122000900,"أجهزة إنارة أو إشارة مرئية، أخر من الأنواع المستعملة للمركبات أو الدراجات النارية (غ.م.ك)",5
85123010100,زوامير الخطر الخاصة بالمركبات,5
85123010900,للمركبات المشمولة في البنود من 87.01 إلى 87.05 (ع.م.ك),5
85123090000,"أجهزة كهربائية للإشارة الصوتية, (ع.م.ك)",5
85124010000,أجهزة كهربائية لمسح الزجاج أو لإذابة الصقيع أو لإزالة البخار المتكثف للمركبات أو الدراجات المستورد من قبل المصانع المرخصة لتجميع وتصنيع المركبات كمدخلات إنتاج,5
85124090000,أجهزة كهربائية لمسح الزجاج أو لإذابة الصقيع أو لإزالة البخار المتكثف للمركبات أو الدراجات ) (غ. م.ك),5
85129000000,أجزاء الأجهزة الكهربائية التابعة للبند 8512,5
85131000000,"مصابيح كهربائية قابلة للحمل, مصممة للعمل بواسطة مصدر طاقة خاص بها عدا الداخلة بالبند 8512",5
85139000000,أجزاء المصابيح الكهربائية القابلة للحمل والتي تعمل بواسطة مصدر طاقة خاص بها,5
85141100000,"أفران ذات مقاومة حرارية بالتسخين غير المباشر) ، مكابس متوازنة حرارية ( isostatic )",0
85141900000,أفران ذات مقاومة حرارية بالتسخين غير المباشر) (غ. م.ك),0
85142000000,"أفران للصناعة وللمختبرات, عاملة بالتأثير الكهربائي أو بحجز الشحنة",0
85143100000,أفرن تعمل بحزم الكترونات,0
85143200000,أفران تعمل بأقواس بلازما وتفريغ الهواء,0
85143900000,أفران آخر (غ.م.ك),0
85144000000,"أجهزة أخر لمعالجة المواد بالحرارة تعمل بالحث ""بالتأثير "" الكهربائي أو بحجز الشحنة",0
85149010000,اجزاء لافران التسخين بالمقاومة المستخدمة في انتاج الأدوات شبة الموصلة على الرقاقات .,0
85149020000,"اجزاء لاجهزة البند الفرعى 851410,8514.30",0
85149090000,أجزاء للأفران والأجهزة الكهربائية الداخلة في البند 8514 (غ. م.ك),5
85151100000,مسدسات ومكاوي اللحام بمعادن مالئة ( عيدان لحام قاسية او لينة,0
85151900000,آلات وأجهزة كهربائية للحام بمعادن مالئة ( عيدان لحام قاسية او لينة). (غ. م.ك),0
85152100000,آلات وأجهزة كهربائية للحام المعادن بالمقاومة ذاتية الحركة كليا أو جزئيا,0
85152900000,لات وأجهزة كهربائية للحام المعادن بالمقاومة (غ. م.ك),0
85153100000,"آلات وأجهزة كهربائية للحام المعادن, بطريقة الأقواس ذاتية الحركة كليا أو جزئيا",0
85153900000,"آلات وأجهزة كهربائية للحام المعادن, بطريقة الأقواس (بما فيها اقواس البلازما), (غ.م.ك)",0
85158010000,آلات وأجهزة كهربائية للرش الساخن للمعادن أو كربيدات المعادن الملبدة,5
85158020000,آلات وأجهزة كهربائية للحام معدة للاستعمال الصناعي,0
85158090000,آلات وأجهزة كهربائية للحام (غ. م.ك),5
85159000000,أجزاء الآلات والأجهزة الكهربائية الداخلة في البند 8515,0
85161010000,"مسخنات فورية للماء ومسخنات ماء مجمع, ومسخنات حرارية غاطسة كهربائية معدة للاستعمال الصناعي",0
85161020000,"مسخنات فورية للماء ومسخنات ماء مجمع كهربائية, ومسخنات حرارية .. غاطسة المستورد.. مصانع.. انتاج",0
85161090000,"مسخنات فورية للماء ومسخنات ماء مجمع كهربائية, ومسخنات حرارية كهربائية غاطسة (غ. م.ك)",25
85162100000,مشعات راديترات) مدخرة للحرارة,25
85162910000,صفائح من كربون مغطاة بلدائن وتتضمن موصلات نحاسية للكهرباء مستوردة من قبل مصانع كمدخلات انتاج,0
85162920000,صوبات (دفايات) كهربائية,25
85162990000,أجهزة كهربائية لتدفئة الأماكن أو الأتربة أو لإستعمالات مماثلة عدا المشعات المدخرة للحرارة (غ. م.ك),5
85163100000,أجهزة حرارية كهربائية لتجفيف الشعر,5
85163200000,أجهزة حرارية كهربائية أخر لتصفيف الشعر,5
85163300000,أجهزة حرارية كهربائية لتجفيف الأيدي,5
85164000000,مكاوي كهربائية,25
85165000000,أفران تعمل بموجات متناهية الصغر (مايكروويف),25
85166000000,أفران أخر ؛ أفران طبخ ومواقد (بما فيها مسطحات الطبخ و غلايات وشوايات ومحامص كهربائية,25
85167100000,أجهزة حرارية كهربائية لإعداد القهوة أو الشاي,5
85167200000,أجهزة حرارية كهربائية لتحميص الخبز,5
85167910000,أجهزة حرارية كهربائية أخر مستورد.. كمستلزمات .. لاستخداماتها الخاصة,0
85167990000,أجهزة حرارية كهربائية آخر (غ.م.ك),5
85168000000,مقاومات حرارية كهربائية,0
85169010000,أجزاء الأجهزة الحرارية الكهربائية لأصناف البند 8516 المستورد من قبل المصانع كمدخلات انتاج,0
85169090000,أجزاء الأجهزة الحرارية الكهربائية لأصناف البند (8516 (غ. م.ك),5
85171100000,أجهزة هاتف سلكية ذات وحدات يد لاسلكية,0
85171300000,هواتف ذكية,0
85171410000,أجهزة هواتف أخر لشبكات المحمول (الخلوية),0
85171490100,نظام اتصال يتكون من مقسم يستخدم في أنظمة الانذار من الحريق,0
85171490900,أجهزة هواتف أخر لشبكات المحمول أو لغيرها من الشبكات اللاسلكية (غ.م.ك),0
85171800000,أجهزة هاتف أخر (غ. م.ك),0
85176100000,محطات اساسية لارسال او استقبال الصوت او الصورة او معلومات اخر ....,0
85176200100,نظام الاتصال الآلي لنظام الانذار من الحريق (auto dialer),0
85176200900,"أجهزة لاستقبال، تحويل وارسال او استرجاع الصوت أو الصورة او معلومات اخر، بما فيها أجهزة التحويل والتوجية (ع.م.ك)",0
85176910000,"مستقبلات قابلة للحمل, للنداء أو التنبيه أو الإستدعاء",0
85176990100,انظمة اتصالات مكونه من مقسم يستخدم في انظمة الحريق,0
85176990900,اجهزة لارسال او استقبال الصوت او الصورة او ... بما فيها اجهزة للاتصالات فيشبكة سلكية او .. (غ. م.ك),0
85177000000,"اجزاء, اجهزة هواتف شبكة خلوية او ... اجهزة ارسال او استقبال صوت او .. بما فيها اجهزة اتصالات .. ( غ. م.ك",0
85177100000,"هوائيات "" أنتينات "" وعاكسات هوائيات من جميع الأنواع أجزاء معدة للاستعمال مع هذه الأصناف",0
85177900000,أجزاء (ع.م.ك),0
85181010000,مذياعات ذات تردد الى 3.4khz 3 300hz بقطر 10 ملم وارتفاع ملم 3 للاستعمال مع اجهزة الاتصالات,0
85181090100,ميكرفون اللاسلكي,5
85181090900,مذياعات الصوت (ميكروفونات) وحواملها (غ.م.ك),5
85182100000,مكبرات صوت مفردة مركبة في هياكلها,5
85182200000,مكبرات صوت متعددة مركبة في نفس الهيكل,5
85182910000,سماعات بدون أغلفة ذات تردد 300hz إلى 3.4khz بقطر 50 ملم للاستعمال مع أجهزة الاتصالات,0
85182920000,مكبرات صوت بدون هيكل (غلاف) المستوردة كمدخلات انتاج .. المصانع المرخصة لانتاج اجهزة التلفاز,0
85182990000,مكبرات صوت أخر (غ.م.ك)),5
85183010000,مجموعات يد خاصة بأجهزة الهاتف السلكية,0
85183090100,سماعات لنظام الاخلاء الصوتي (جدارية وسقفية),5
85183090900,سماعات رأس وسماعات أذن وسماعات متحدة بمذياعات للصوت (غ. م.ك),5
85184000000,مضخمات كهربائية للذبذبات الصوتية,5
85185000100,مضخمات الصوت التابعة لنظام الإخلاء الصوتي,5
85185000200,مضخمات الصوت الخاصة بالمركبات,5
85185000900,مجموعات كهربائية لتضخيم الصوت (غ. م.ك),5
85189000000,أجزاء ميكروفونات ومكبرات صوت وسماعات ومضخمات وغيرها من أصناف البند 8518 ),0
85192000000,مشغلات إسطوانات تدار بقطع نقدية أو قطع بديلة,5
85193000000,اجهزة ادارة اسطوانات,5
85198110000,مشغلات أشرطة كاسيت عدا التي بحجم الجيب باستخدام وسائل مغناطيسية بصرية اونصف موصلة للكهرباء,5
85198120000,اجهزة اخر مصممة لقراءة ملفات MP3,0
85198190000,اجهزة اخر لتسجيل او اذاعة الصوت باستخدام وسائل مغناطيسية بصرية اونصف موصلة للكهرباء (غ. م.ك),5
85198910000,اجهزة اخر مشغلات اسطوانات بدون مكبر صوت (غ.م.ك),5
85198990000,اجهزة اخر لتسجيل او اذاعة الصوت (غ.م.ك),5
85211000000,أجهزة تسجيل أو إذاعة الصوت والصورة (فيديو) تعمل بأشرطة ممغنطة,5
85219010000,اجهزة قراءة القرص الفيديوي الرقمي ()DVD,5
85219090000,"أجهزة تسجيل أو إذاعة الصوت والصورة (فيديو), (غ.م.ك)",5
85221000000,رؤوس صوت إبر الحاكي),5
85229000000,أجزاء ولوازم معدة حصرا أو بصورة رئيسية للإستخدام مع الأجهزة الداخلة في البنود من 8519 حتى 8521,5
85232100000,بطاقات مشتملة على مسارات ممغنطة لحوامل ممغنطة التسجيل الصوت او الظواهر الاخرى,5
85232900000,حوامل ممغنطة لتسجيل الصوت او الظواهر الأخرى (غ.م.ك),0
85234100000,حوامل بصرية لتسجيل الصوت او الظواهر الأخرى غير مسجلة,0
85234900000,حوامل بصرية لتسجيل الصوت او الظواهر الاخرى (غ.م.ك),0
85235100000,ادوات تخزين تعتمد على رقاقات الذاكرة و . . بادوات ذاكرة الكترونية الحوامل نصف موصلة للكهرباء لتسجيل,0
85235200100,شرائح اتصالات مخصصة لاجهزة الاتصالات simcard,0
85235200900,"حوامل نصف موصلة للكهرباء بطاقات ذكية"" لتسجيل الصوت او الظواهر الاخرى (غ.م.ك)",0
85235900000,حوامل نصف موصلة للكهرباء (غ. م.ك) لتسجيل الصوت او الظواهر الاخرى,0
85238010000,اسطوانات للحاكيات (جرامفون) لتسجيل الصوت.. وان كانت مسجلة عدا منتجات مذكورة بفصل 37,5
85238090000,اقراص اشرطة حوامل تسجيل الصوت .. وان كانت مسجلة بما فيها قوالب .. عدا منتجات مذكورة بفصل 37 (غ. م.ك),0
85241110000,"وحدات لوحات العرض المسطحة، وإن كانت تتضمن شاشات حساسة تعمل باللمس من بلورات سائلة المعدة للأجهزة الداخلة بالبنود 88.01 ، 88.02 ، 88.06",5
85241120000,"وحدات لوحات العرض المسطحة .. من بلورات سائلة المعدة للأج... بالبنود 84.23 ، 8805.10 ، 90.22 86.06 86.05 86.04 86.03 86.02 86.01",5
85241130000,"وحدات لوحات العرض.. من بلورات سائلة .. المعدة للأجهزة الداخلة بالبنود 84.15 ، 84.26 ، 84.28 ، 85.36 85.35 84.72 84.30 ، 84.29",5
85241140000,"وحدات لوحات العرض.. من بلورات سائلة .. المعدة للأجهزة الداخلة بالبنود 84.25 ، 84.27 ، 84.76 ، ...... 85.21 85.19 ، 85.12 85.10 ، 85.09",5
85241190000,"وحدات لوحات العرض المسطحة، وإن كانت تتضمن شاشات حساسة تعمل باللمس بدون مشغلات أو دوائر تحكم من بلورات سائلة (غ.م.ك)",0
85241210000,وحدات لوحات العرض ... من صمامات ثنائية عضوية باعثة للضوء () OLEDالمعدة للأجهزة الداخلة بالبنود 88.06 88.02 88.01,5
85241220000,"وحدات لوحات العرض.. من صمامات ثنائية عضوية باعثة للضوء () OLEDالمعدة للأجهزة الداخلة بالبنود ..... 86.02 86.01 ، 90.22 8805.10 84.23",5
85241230000,وحدات لوحات العرض.. من صمامات ثنائية عضوية باعثة للضوء المعدة OLED للأجهزة الداخلة بالبنود 84.30 84.29 84.28 84.27 84.15,5
85241240000,وحدات لوحات العرض.. من صمامات ثنائية عضوية باعثة للضوء () OLEDالمعدة للأجهزة الداخلة بالبنود ... 85.10 85.09 84.7684.26 84.25,5
85241290000,"وحدات لوحات العرض المسطحة، وإن كانت تتضمن شاشات حساسة تعمل باللمس، من صمامات ثنائية عضوية باعثة للضوء () OLED(غ.م.ك)",0
85241910000,"لوحات العرض المسطحة، وإن كانت تتضمن شاشات حساسة تعمل باللمس المعدة للأجهزة الداخلة بالبنود (88.06 ، 88.02 ، 88.01 .م.ك",5
85241920000,"وحدات لوحات العرض المعدة للأجهزة الداخلة بالبنود 84.23 ، 8805.10 ، 90.22 ، 86.01 ، 86.02 ، 8606 ، 86.05 86.04 86.03 غم.ك",5
85241930000,"وحدات لوحات العرض. . المعدة للأجهزة الداخلة بالبنود 84.15 ، 84.27 ، 84.28 ، 84.29 ، 84.30 ، .......ك85.37 ، 85.36 85.35 84.72",5
85241940000,"وحدات لوحات العرض.. المعدة للأجهزة الداخلة بالبنود 84.25 ، 84.26 ، 84.76 ، 85.09 ، 85.10 ، ). (غم.ك. 90.05، 87.11، 85.21 ، 85.19 ، 85.12",5
85241990000,"وحدات لوحات العرض المسطحة، وإن كانت تتضمن شاشات حساسة تعمل باللمس بدون مشغلات أو دوائر تحكم (غ.م.ك)",0
85249110000,"وحدات لوحات العرض ... من بلورات سائلة (غ. م. ك ) المعدة للأجهزة الداخلة بالبند 88.01 ، 88.02 ، 88.06",5
85249120000,"وحدات لوحات العرض ... من بلورات سائلة (غ. م.ك ) المعدة للأجهزة الداخلة بالبنود 84.23 ، 8805.10 ... 86.04 86.03 ، 86.02 ، 86.01 ، 90.22",5
85249130000,"وحدات لوحات العرض ... من بلورات سائلة (غ. م.ك) المعدة للأجهزة الداخلة بالبنود 84.15 ، 84.27 85.35 84.72 ، 84.30 ، 84.29 ،84.28",5
85249140000,"وحدات لوحات العرض ... من بلورات سائلة (غ.م.ك) المعدة للأجهزة الداخلة بالبنود 84.25 ، 84.26 85.1985.12 85.10 ، 85.09 84.76",5
85249190000,وحدات لوحات العرض... من بلورات سائلة (غ. م.ك),0
85249210000,وحدات لوحات العرض ... من صمامات ثنائية عضوية باعثة للضوء () OLED(غ.م.ك) المعدة للأجهزة 88.06 88.02 88.01 الداخلة بالبند,5
85249220000,وحدات لوحات العرض .... من صمامات ثنائية عضوية باعثة للضوء () OLED(غ.م.ك) المعدة للأجهزة 86.01 90.22 8805.10 84.23 الداخلة بالبنود,5
85249230000,"وحدات لوحات العرض ... من صمامات ثنائية عضوية باعثة للضوء () OLED(غ. م. ك ) المعدة للأجهزة 84.29 84.28،84.27 ، 84.15 الداخلة بالبنود",5
85249240000,"وحدات لوحات العرض ... من صمامات ثنائية عضوية باعثة للضوء () OLED(غ.م.ك) المعدة للأجهزة 85.09 84.76 84.26 ، 84.25 الداخلة بالبنود",5
85249290000,"وحدات لوحات العرض المسطحة، وإن كانت تتضمن شاشات حساسة تعمل باللمس من صمامات ثنائية عضوية باعثة للضوء () OLED(غ.م.ك)",0
85249910000,"وحدات لوحات العرض المسطحة، وإن كانت تتضمن شاشات حساسة تعمل باللمس (ع.م.ك) المعدة للأجهزة 88.06 88.02 88.01 الداخلة بالبند",5
85249920000,"وحدات لوحات العرض المسطحة، وإن كانت تتضمن شاشات حساسة تعمل باللمس (غ.م.ك) المعدة للأجهزة .... 90.22 8805.10 ، 84.23 الداخلة بالبنود",5
85249930000,"وحدات لوحات العرض المسطحة، وإن كانت تتضمن شاشات حساسة تعمل باللمس (غ.م.ك) المعدة للأجهزة ....... 84.28 84.27 ، 84.15 الداخلة بالبنود",5
85249940000,"وحدات لوحات العرض المسطحة، وإن كانت تتضمن شاشات حساسة تعمل باللمس (غ.م.ك) المعدة للأجهزة 85.09 84.76 84.26 ، 84.25 الداخلة بالبنود",5
85249990000,"وحدات لوحات العرض المسطحة، وإن كانت تتضمن شاشات حساسة تعمل باللمس (غ. م.ك)",0
85255010000,اجهزة ارسال عدا اجهزة ارسال الاذاعة ( راديو) أو الاذاعة المصورة (تلفزيون),0
85255090000,اجهزة ارسال الاذاعة و الاذاعة المصورة (تلفزيون) وان كانت مندمجة بجهاز تسجيل او .. عدار سال (غ. م.ك),5
85256000000,اجهزة ارسال اخر للاذاعة او الاذاعة المصورة (تلفزيون) مندمجة بجهاز استقبال,0
85258110000,"كاميرات تلفزيونية ، عالية السرعة محددة في البند الفرعي (1) من هاا الفصل",5
85258190000,"كاميرات رقمية وكاميرات الفيديو المسجلة ، عالية السرعة محددة في البند الفرعي (1) من هاا الفصل",0
85258210000,"كاميرات تليفزيونية غيرها، مقاومة أو متحملة للأشعاع محددة في البند الفرعي (2) من هذا الفصل",5
85258290000,"كاميرات رقمية وكاميرات الفيديو المسجلة ، مقاومة أو متحملة للأشعاع محددة في البند الفرعي (2) من هذا الفصل (غ. م.ك)",0
85258310000,"كاميرات تليفزيونية ، للرؤية الليلية محددة في البند الفرعي (3) من هذا الفصل",5
85258390000,"كاميرات رقمية وكاميرات الفيديو المسجلة ، للرؤية الليلية محددة في البند الفرعي (3) من هذا الفصل",0
85258910000,كاميرات تليفزيونية (غ. م.ك),5
85258990000,كاميرات رقمية وكاميرات الفيديو المسجلة (غ.م.ك),0
85261000000,أجهزة رادار,5
85269100000,أجهزة إرشاد ملاحي بالراديو,5
85269200000,أجهزة توجيه عن بعد بالراديو,5
85271200000,أجهزة استقبال راديو قادرة أن تعمل بلا مصدر طاقة خارجي مندمجا بها مشغل كاسيت بحجم جيب,5
85271300000,أجهزة استقبال راديو قادرة أن تعمل بلا مصدر طاقة خارجي مندمجاً بها أجهزة لتسجيل أو لإذاعة الصوت,5
85271900000,أجهزة استقبال راديو قادرة أن تعمل بلا مصدر طاقة خارجي (غ. م.ك),5
85272100000,"أجهزة استقبال راديو, تعمل فقط بمصدر طاقة خارجي للمركبات مندمجة بجهاز تسجيل أو إذاعة الصوت",5
85272900000,"أجهزة استقبال راديو, تعمل فقط بمصدر طاقة خارجي للمركبات (غ.م.ك)",5
85279100000,أجهزة استقبال راديو مندمجة بجهاز تسجيل أو بجهاز لإذاعة الصوت,5
85279200000,أجهزة استقبال راديو أخر غير مندمجة بجهاز تسجيل أو بجهاز .. ولكن مندمجة بأحد أجهزة أصناف صناعة الساعات,5
85279920000,أجهزة استقبال للاذاعة اخر ن وان .. (غ. م.ك) المستوردة .. مصانع المعينات السمعية كمدخلات انتاج,0
85279990000,اجهزة استقبال للاذاعة وان كانت مندمجة ضمن البدن بجهاز تسجيل ... (غ. م.ك),5
85284200000,"شاشات عرض ذات انبوبة اشعة كاثودية ، قابلة للتوصيل مباشرة ومعدة للاستعمال مع جهاز المعالجة الذاتية للبيانات الداخل في البند 84.71",0
85284910000,شاشات عرض مصممة للعمل مع كمبيوتر .. غير مدمج بها جهاز استقبال اذاعة مصورة ذات انبوبة اشعة كاثودية,5
85284990000,شاشات عرض غير مندمج بها اجهزة استقبال اذاعة مصورة (تلفزيون) ذات انبوبة اشعة كاثودية (غ.م.ك),5
85285210000,شاشات عرض آخر لا يزيد حجمها عن 32 إنش قابلة للتوصيل مباشرة ومعدة للاستعمال مع جهاز المعالجة الذاتية للبيانات الداخل في البند 84.71,0
85285290000,شاشات عرض أخر يزيد حجمها عن 32 إنش قابلة للتوصيل مباشرة ومعدة للاستعمال مع جهاز المعالجة الذاتية للبيانات الداخل في البند 84.71,15
85285940000,"شاشات عرض اخر ، غيرها، الشاشات المصممة للعمل مع أجهزة الكمبيوتر بالإضافة إلى أجهزة أخرى",15
85285990000,شاشات عرض آخر (غ.م.ك),25
85286200000,اجهزة عرض (غ. م.ك) من النوع المستعمل حصرا او .. مع انظمة المعالجة الذاتية.. الداخلة فيالبند 8471,0
85286910000,اجهزة عرض ..Multimedia Projector) تعمل بارتباط مع اجهزة داخلة بالبند 8471 بالاضافة لاجهزة اخرى,5
85286990000,اجهزة عرض آخر غير مندمج بها اجهزة استقبال الاذاعة المصورة (تلفزيون) (غ. م.ك),5
85287110000,اجهزة استقبال بث تلفزيوني (رسيفر) وان.. مدمج بها جهاز استقبال اذاعة او .. غير معدة لاحتواء جهاز او ...,15
85287190000,اجهزة استقبال اذاعة مصورة وان... مدمج بها جهاز استقبال اذاعة او .. غير معد لاحتواء جهاز او شاشة. (غ. م.ك),15
85287210000,المفككة المستوردة من قبل المصانع كمدخلات انتاج,5
85287290000,اجهزة استقبال ملونة للاذاعة المصورة (تلفزيون) وان كان مدمج بها جهاز استقبال اذاعة او .. (غ.م.ك),15
85287300000,"اجهزة استقبال با الوان احادية, للاذاعة المصورة وان كان مدمج بها جهاز استقبال اذاعة او .. (غ.م.ك)",15
85291010000,عاكسات هوائيات وأجزاء تستعمل مع الهوائيات والعاكسات لأجهزة استقبال أو إرسال عبر الأقمار ...,5
85291020000,هوائيات (صواري) وعاكسات هوائيات وأجزاء معدة للاستخدام مع اجهزة ارسال بالراديو للهاتف او البرق,0
85291090000,عاكسات هوائيات وأجزاء تستعمل مع العاكسات والهوائيات (غ.م.ك),5
85299010000,أجزاء لأجهزة استقبال للاذاعة راديو ) والاذاعة المصورة (تلفزيون),0
85299020000,"اجزاء اجهزة ( ارسال ( عدا راديو او تلفزة مرسل مع مستقبل, كاميرا فيديورقمية",0
85299030000,"غيرها، لوحات الكترونية مستوردة كمدخلات انتاج من قبل المصانع المرخصة لتصنيع الشاشات التي تعمل باللمس",0
85299090000,أجزاء معدة للإستعمال حصرا للأجهزة الداخلة في البنود من 8525 إلى 8528 (ع.م.ك),5
85301000000,أجهزة كهربائية للإشارة أو الأمان أو الرقابة .. أو لتنظيم المرور الطرق السكك الحديدية وما يماثلها,0
85308000000,أجهزة كهربائية للإشارة أو الأمان.. أو لتنظيم المرور للطرق البرية أو المائية الداخلية أو .. الخ,0
85309000000,أجزاء أجهزة كهربائية الداخلة بالبند 8530,0
85311000000,#NAME?,0
85312000000,لوحات دلالة أو بيان محتوية علىأدوات ذات بلورات سائلة () أو LCDصمامات ثنائية باعثة للضوء ()LED,0
85318000000,أجهزة كهربائية للتنبيه بالصوت أو بالرؤية (غ. م.ك),5
85319010000,أجزاء للوحات ( دلالة أو بيان ) محتوية .. ذات بلورات سائلة () أو LCDصمامات ثنائية باعثة للضوء ()LED,0
85319090000,أجزاء للأجهزة الكهربائية للتنبيه بالصوت أو بالرؤية (غ.م.ك),5
85321000000,مكثفات كهربائية ثابتة للدوائر الكهربائية بتردد 50/60 هيرتز تستوعب قدرة تفاعلية 0.5 كيلوفار,0
85322100000,مكثفات كهربائية ثابتة آخر من تنتالوم,0
85322200000,مكثفات كهربائية ثابتة آخر إلكتروليتية من ألمنيوم,0
85322300000,مكثفات كهربائية ثابتة أخر ذات عازل من خزف ذو طبقة واحدة,0
85322400000,مكثفات كهربائية ثابتة أخر ذات عازل من خزف متعدد الطبقات,0
85322500000,مكثفات كهربائية ثابتة آخر ذات عازل من ورق أو من لدائن,0
85322900000,مكثفات كهربائية ثابتة آخر (غ. م.ك),0
85323000000,مكثفات كهربائية متغيرة أو قابلة للتعديل,0
85329000000,أجزاء للمكثفات الكهربائية الثابتة أو المتغيرة أو القابلة للتعديل,0
85331000000,مقاومات كهربائية غير حرارية ثابتة من كربون مكتلة أو ذات طبقة رقيقة,0
85332100000,"مقاومات كهربائية غير حرارية ثابتة أخر, معدة لقدرة 20 واط",0
85332900000,مقاومات كهربائية غير حرارية ثابتة أخر (غ. م.ك),0
85333100000,"مقاومات كهربائية متغيرة من أسلاك ملفوفة, ومقاومات قياس فرق الجهد القدرة = 20 واط",0
85333900000,"مقاومات كهربائية متغيرة من أسلاك ملفوفة ومقاومات قياس فرق الجهد, لقدرة 20 واط",0
85334000000,"مقاومات كهربائية متغيرة أخر, ومقاومات قياس فرق الجهد (غ.م.ك)",0
85339000000,أجزاء المقاومات الكهربائية غير الحرارية الداخلة بالبند 8533,0
85340000000,دوائر (دارات) مطبوعة,0
85351000000,منصهرات (فيوزات) كهربائية لجهد > 1 كيلو فولت,25
85352100000,قاطعات تیار ذاتية الحركة والجهد - il كيلو فولت و < 72.5 كيلو فولت,25
85352900000,قاطعات تیار ذاتية الحركة لجهد 72.5 كيلو فولت,25
85353000000,مفاتيح تقسيم ومفاتيح وصل وقطع التيار لجهد يزيد 1 كيلو فولت,25
85354000000,مانعات صواعق ومحددات جهد وأجهزة إمتصاص الصدمات الكهربائية لجهد - 1 كيلو فولت,25
85359000000,"أجهزة أخر كهربائية لتقسيم الدوائر الكهربائية, لجهد - 1 كيلو فولت, (غ. م.ك)",15
85361010000,منصهرات (فيوزات) كهربائية لجهد < 1 كيلو فولت المستوردة من قبل المصانع كمدخلات انتاج,0
85361090000,"منصهرات (فيوزات كهربائية, لجهد - 1 كيلو فولت, (غ.م.ك)",25
85362010000,قاطعات تيار ذاتية الحركة الجهد 1 كيلو فولت المستورد من قبل المصانع كمدخلات انتاج,0
85362090000,قاطعات تيار ذاتية الحركة لجهد 1 كيلو فولت (غ. م.ك),15
85363010000,أجهزة أخر للوقاية من التغيرات المفاجئة في المقادير الكهربائية لجهد 1 كيلو فولت,15
85363090000,"أجهزة أخر الوقاية التيار الكهربائي, لجهد < 1 كيلو فولت (غ. م.ك)",15
85364110000,مرحلات معدة لجهد 160 فولت المستورد من قبل المصانع كمدخلات انتاج,0
85364190000,مرحلات معدة لجهد 60 فولت (غ.م.ك),15
85364910000,مرحلات معدة لجهد 160 فولت و < 1 كيلو فولت المستورد من قبل المصانع كمدخلات انتاج,0
85364990000,مرحلات معدة لجهد 160 فولت و < 1 كيلو فولت (غ. م.ك),15
85365010000,مفاتيح كهربائية للتيار المتناوب.. (دارات) إدخال و... بصريا (مفاتيح للتيار .. معزول) لجهد 1 ك.ف,0
85365020000,"مفاتيح كهربائية تتألف من ترانزستور وبطاقة للمنطق, لجهد 1 ك.ف",0
85365030000,مفاتيح مفصلية كهرو - آلية معدة لتيار شدته - 11 أمبير الجهد 1 ك.ف,0
85365040000,مفاتيح كهربائية اخر و قاطعات التيار الجهد لا يزيد عن 1 كيلو فولت المستورد من قبل المصانع كمدخلات إنتاج,0
85365090100,نقاط الاطلاق اليدوية لنظام الانذار من الحريق,15
85365090900,"مفاتيح كهربائية اخر و قاطعات التيار الجهد لا ينزيد عن 1 كيلو فولت, (غ. م.ك)",15
85366100000,قواعد مصابيح كهربائية الجهد 1 كيلو فولت,0
85366910000,وصلات ماخذ كهربائية للكوابل المحورية وللدوائر المطبوعة لجهد < 1 كيلو فولت,0
85366990000,"وصلات ماخذ كهربائية لجهد < 1 كيلو فولت, (غ. م.ك)",15
85367010000,موصلات للالياف البصرية والحزم الألياف البصرية وللكوابل البصرية من بلاستيك,5
85367020000,موصلات للالياف البصرية والحزم الألياف البصرية وللكوابل البصرية من خزف,15
85367090000,موصلات للالياف البصرية والحزم الألياف البصرية وللكوابل البصرية,15
85369010000,"عناصر اتصال وتوصيل للاسلاك والكوابل الكهربائية لجهد - 1 كيلو فولت, (غ. م.ك)",0
85369020000,مسبار للرقاقات لجهد < 1 كيلو فولت,0
85369030000,أجهزة أخر كهربائية لتقسيم.. لجهد ك 1 ف مستورد.. كمستلزمات .. لاستخداماتها الخاصة ( ع م ك ),0
85369040000,أجهزة أخر كهربائية لتقسيم الدوائر الكهربائية... لجهد ك 1 ف مستورد.. مصانع كمدخلات انتاج ( غ م ك ),0
85369090000,"أجهزة أخر كهربائية لتقسيم الدوائر الكهربائية ... لجهد 1 كيلو فولت, (غ.م.ك)",15
85371020000,لوحات ومناضد و ... مزودة بجهازين أو أكثر من أجهزة 8535 أو لجهد 8536 - ك 1 فولت مستوردة.. كمدخلات انتاج,0
85371030000,لوحات تحكم بالاضاءة تتضمن اجهزة ترشيد استهلاك الطاقة مزودة بجهازين أو ... لجهد 8535 = 1 كيلو فولت,15
85371090000,لوحات ومناضد و خزائن... مزودة بجهازين أو أكثر من أجهزة أو 8536 8535 لجهد = 1 كيلو فولت (غ. م.ك),15
85372020000,لوحات ومناضد و ... مزودة بجهازين أو .. أجهزة 8535 أو 8536 لجهد 1 كيلو فولت مستورد.. كمدخلات انتاج,0
85372090000,لوحات ومناضد و خزائن... مزودة بجهازين أو أكثر من أجهزة 8535 أو 8536 الجهد 1 كيلو فولت (غ.م.ك),15
85381000000,لوحات ومناضد و خزائن وغيرها من الحوامل للأصناف الداخلة في البند 8537 غير مزودة بأجهزتها,5
85389020000,أجزاء معدة للإستعمال حصر ... أو 8536 8535 أو 8537 مستورد.. كمستلزمات .. لاستخدماتها الخاصة ( م ك ),0
85389030000,اجزاء القواطع والاباريز و الوصلات الكهربائية المستوردة من قبل المصانع مباشرة كمدخلات انتاج,0
85389090000,"أجزاء معدة للإستعمال حصرا أو بصفة أساسية للأجهزة التابعة للبنود 8535 أو أو 85378536 , (غ.م.ك)",5
85391000000,مصابيح كهربائية مقفلة,5
85392100000,"لمبات وأنابيب أخر, كهربائية, تضيء بتوهج الشعيرات هالوجينية بالتنجستن",5
85392200000,"لمبات وأنابيب أخر, كهربائية, تضيء بتوهج الشعيرات بقدرة واط 200 ولجهد > 100 فولت, (غ. م.ك)",5
85392900000,"لمبات وأنابيب أخر, كهربائية, تضيء بتوهج الشعيرات (غ.م.ك)",5
85393110100,المصابيح الموفرة للطاقة من الانواع الفلورية المدمجة محتوية على زئبق,0
85393110900,المصابيح الموفرة للطاقة من الانواع الفلورية المدمجة (غ.م.ك),0
85393190100,"لمبات وأنابيب ""فلورسنت""، ذات قطب سالب ""كاثود"" ساخن تحتوي على زنبق",5
85393190900,"لمبات وأنابيب ""فلورسنت"" ، ذات قطب سالب ""كاثود"" ساخن (غ.م.ك)",5
85393210000,لمبات كهربائية تضيء بالتفريغ ببخار الصوديوم,5
85393290100,لمبات ببخار الزئبق,5
85393290900,لمبات بهاليدات معدنية,5
85393910000,لمبات وأنابيب كهربائية تضيء بالتفريغ مستورد.. كمستلزمات انتاج لاستخداماتها الخاصة,0
85393990100,لمبات الزينون الخاصة بالمركبات,5
85393990900,لمبات وأنابيب كهربائية تضيء بالتفريغ عدا اللمبات ذات الاشعة فوق البنفسجية (غ.م.ك),5
85394100000,لمبات كهربائية قوسية,5
85394910000,تعمل بالأشعة فوق البنفسجية المستوردة من قبل المصانع كمدخلات إنتاج,0
85394990000,لمبات وأنابيب كهربائية ذات أشعة فوق البنفسجية أو تحت الحمراء,5
85395100000,وحدات الصمامات الثنائية الباعثة للضوء ( )LED,5
85395200000,لمبات الصمامات الثنائية الباعثة للضوء ( )LED,5
85399000000,أجزاء اللمبات والأنابيب الكهربائية والمصابيح الكهربائية الداخلة بالبند 8539,0
85401100000,"انابيب الاشعة الكاثودية لاجهزة استقبال الاذاعة المصورة ، بما في ذلك انابيب الاشعة الكاثودية لشاشات عرض الفيديو فيديو مونيتور ) بالالوان",0
85401200000,أنابيب الأشعة الكاثودية لأجهزة استقبال الإذاعة المصورة بألوان أحادية,5
85402000000,أنابيب الكاميرات التلفزيونية وأنابيب تحويل أو تقوية الصورة وأنابيب أخر ذات كاثود ضوئي,5
85404000000,انابيب عرض المعلومات والرسوم البيانية بالألوان تظهر نقاط فسفورية.. بتباعد مم0.4,5
85406000000,أنابيب أشعة كاثودية أخر (غ. م.ك),5
85407100000,أنابيب لموجات المجنيترون,0
85407900000,أنابيب لموجات متناهية الصغر (غ. م.ك),5
85408100000,أنابيب وصمامات لأجهزة الإستقبال أو لأجهزة التضخيم,5
85408900100,"صمامات او انابيب ، تصحيح بخار او قوس الزئبق",5
85408900900,أنابيب وصمامات الكترونية أخر (غ. م.ك),5
85409100000,أجزاء أنابيب الأشعة الكاثودية,5
85409900000,"أجزاء الصمامات والأنابيب الالكترونية وغيرها من أصناف البند ,8540(غ.م.ك)",5
85411000000,صمامات ثنائية عدا الصمامات الثنائية الحساسة للضوء أو الباعثة للضوء,0
85412100000,ترانزستورات ذات معدل تبدد يقل عن (1) واط ( عدا الحساسة للضوء),0
85412900000,ترانزستورات (غ. م.ك) ( عدا الحساسة للضوء),0
85413000000,مقومات ترانزستورية عدا الألوان الحساسة للضوء ),0
85414100000,صمامات ثنائية باعثة للضوء ( LED ),0
85414200000,الخلايا الضوئية الفولتائية غير مجمعة في وحدات أو مهيأة بشكل لوحات,0
85414300000,الخلايا الضوئية الفولتائية مجمعة في وحدات أو مهيأة بشكل لوحات,0
85414900000,"أدوات شبه موصلة حساسة للضوء، بما في ذلك الخلايا الضوئية الفولتائية، وإن كانت مجمعة في شكل وحدات أو مهيأة بشكل لوحات .... (غ. م.ك)",0
85415100000,محولات أساسها شبه موصلات,0
85415900000,أدوات شبه موصلة أخر (غ.م.ك),0
85416000000,بللورات بيزو - كهربائية مركبة,0
85419000000,أجزاء الصمامات الثنائية والترانزستورات وغيرها من أصناف البند 8541,0
85423100000,"دوائر, معالجات واجهزة تحكم وان كانت مدمجة بالذاكرات محولات دوائر منطقية, مضخمات دوائر توقيت...",0
85423200000,"دوائر ""دارات"" متكاملة الكترونية, ذاكرات",0
85423300000,"دوائر ""دارات"" متكاملة الكترونية, مضخمات",0
85423900000,"دوائر ""دارات"" متكاملة الكترونية, (غ.م.ك)",0
85429000000,"أجزاء دوائر ""دارات"" متكاملة الإلكترونية, التابعة للبند 8542",0
85431000000,مسرعات جزئيات آخر,0
85432000000,مولدات إشارات,0
85433000000,آلات وأجهزة لطلاء المعادن كهربائيا أو للتحليل أو الإنتقال الكهربائي للجزئيات.. اليكتروفوريستز,0
85434010000,سجائر الكترونية بدون سوائل,5
85434090000,أجهزة كهربائية للتبخير (تسخين لفائف التبغ ),5
85437010000,أجهزة تكبير ونزع الشوشرة ومزج الموجات,5
85437020000,أجهزة وآلات كهربائية للاستقبال أو الإرسال عبر الأقمار الصناعية (غ.م.ك),5
85437030000,آلات كهربائية وظيفتها الترجمة أو إعطاء معاني الكلمات (غ. م.ك),0
85437040100,جهاز تعديل عدادات المسافات المقطوعة للسيارات,0
85437040200,أجهزة برمجة مفاتيح السيارات,0
85437040900,أجهزة ذات وظيفة محددة تتضمن أو تعمل بالإرتباط مع آلة للمعالجة الذاتية للمعلومات (غ. م.ك),0
85437050000,أطقم متعددة الأوساط لتحديث آلات المعالجة ... (م. ل. ت) تتألف على الأقل من مكبرات صوت و / أو ...,0
85437060000,أجهزة حل رموز الشيفرة () DECODERتعمل بالارتباط مع أجهزة الاستقبال عبر الأقمار الصناعية,5
85437070000,أجهزة وألات أخر كهربائية ذات وظائف قائمة بذاتها (غ. م.ك) المعدة للاستعمال الصناعي,0
85437080000,أجهزة لامداد السياجات بالطاقة الكهربائية (غ. م.ك),5
85437092000,اجهزة ومعدات لتفتيش الاشخاص بما فيها اجهزة كشف المتفجرات,0
85437099100,أجهزة كشف المعادن,5
85437099200,أجهزة تعديل عدادات المسافات المقطوعة للسيارات,5
85437099300,أجهزة برمجة مفاتيح السيارات,5
85437099400,أجهزة وألات أخر كهربائية ذات وظائف قائمة بذاتها تحتوي على خاصية اتصال,5
85437099900,أجهزة وألات أخر كهربائية ذات وظائف قائمة بذاتها (غ.م.ك),5
85439020000,أجزاء لأجهزة البند 8543.10,0
85439030000,دوائر (دارات) مطبوعة المصممة ليتم دمجها فعليا في آلات المعالجة الذاتية للمعلومات,0
85439040000,أجزاء الآلات والأجهزة الكهربائية التابعة للبند 8543 (غ. م.ك) المعدة للاستعمال الصناعي,0
85439090000,"أجزاء الآلات والأجهزة الكهربائية التابعة للبند , 8543(غ. م.ك)",5
85441100000,أسلاك للف من نحاس,0
85441900000,أسلاك للف وان كانت مزودة بموصلات (غ.م.ك),0
85442010000,كابلات متحدة المحور وغيرها من موصلات .. المستورد.. كمستلزمات .. لاستخداماتها الخاصة,0
85442090000,كابلات متحدة المحور وغيرها من موصلات كهربائية متحدة المحور (غ. م.ك),25
85443000000,مجموعات أسلاك لشمعات الإحتراق ومجموعات أسلاك أخر من الأنواع المستعملة في وسائل النقل,25
85444210000,"موصلات كهربائية أخر, لجهد = 1000 فولت, مزودة بأدوات توصيل من النوع المستخدم للاتصلات",0
85444220000,"موصلات كهربائية أخر الجهد = 1000 فو, مزودة بأدوات توصيل , Flat cable المستورد.. المصانع.. انتاج ان",0
85444230000,"موصلات كهربائية أخر المستورد من قبل المصانع كمدخلات انتاج, مزودة بأدوات توصيل (غ. م.ك)",15
85444240000,موصلات كهربائية مزوده بادوات توصيل من الانواع المزودة بتجهيزات خاصة بالاجهزه الطبية,0
85444290000,"موصلات كهربائية أخر, لجهد = 1000 فولت, مزودة بأدوات توصيل (غ. م.ك)",25
85444920000,"موصلات كهربائية أخر الجهد = 1000 فلت, عدا مزودة بأدوات توصيل (غ. م.ك) من النوع المستخدم للاتصلات",0
85444930000,"موصلات كهربائية الجهد - 1000 منبسة , flatcable, مستوردة من قبل المصانع كمدخلات انتاج",0
85444940000,"موصلات كهربائية أخر الجهد 1000 فولت, عدا مزودة بأدوات توصيل (غ. م.ك) المعزولة بالورق",0
85444990000,"موصلات كهربائية أخر, لجهد = 1000 فولت, عدا مزودة بأدوات توصيل (غ.م.ك)",15
85446020000,"موصلات كهربائية أخر الجهد 1000 فولت, (غ. م.ك) المعزولة بالورق",0
85446090000,موصلات كهربائية أخر الجهد 1000 فولت (غ. م.ك),25
85447000000,كابلات من ألياف بصرية (غ. م.ك),0
85451110000,"أقطاب من فحم, من الأنواع المستعملة للأفران الكهربائية المستعملة في مصانع صهر الحديد",0
85451190000,"أقطاب من فحم, من الأنواع المستعملة للأفران الكهربائية (غ. م.ك)",5
85451930000,أقطاب من فحم (غ. م.ك) ... أنواع المستعملة في أغراض كهربائية مستورد من قبل المصانع كمدخل انتاج,0
85451990000,أقطاب من فحم (غ. م.ك) من الأنواع المستعملة في أغراض كهربائية ( ع م ك ),5
85452010000,فحمات المسح من النوع المستعمل فبالأغراض الكهربائية مستورد.. كمستلزمات .. لاستخداماتها الخاصة,0
85452090000,فحمات المسح من الأنواع المستعملة في الأغراض الكهربائية (غ.م.ك),5
85459000000,فحمات اللمبات وفحمات مجموعات الخلايا المولدة وأصناف أخر من فحم للأغراض الكهربائية,5
85461000000,عازلات للكهرباء من زجاج,0
85462000000,عازلات للكهرباء من خزف,0
85469000000,عازلات للكهرباء من مواد أخرى (غ.م.ك),0
85471000000,قطع عازلة للكهرباء من خزف للآلات والأجهزة والمعدات الكهربائية,0
85472000000,قطع عازلة للكهرباء من لدائن للآلات والأجهزة والمعدات الكهربائية,0
85479010000,قطع عازلة للكهرباء للآلات .. (غ. م. ك مستورد من قبل المصانع كمستلزمات انتاج لاستخداماتها الخاصة,0
85479090000,قطع عازلة للكهرباء للآلات والأجهزة والمعدات الكهربائية مصنوعة كليا من مواد عازلة (غ. م.ك),5
85480000000,"أجزاء كهربائية للآلات أو الأجهزة، غير مذكورة ولا داخلة في مكان آخر من هذا الفصل",5
85491100000,"فضلات وخردة كهربائية والكتروينة ، من مدخرات الرصاص ؛ مدخرات حمضية بالرصاص",5
85491200000,"فضلات وخردة كهربائية والكترونية ، محتوية على رصاص أو كادميوم أو زئبق",5
85491300000,"فضلات وخردة كهربائية والكترونية ، مصنفة حسب النوع الكيميائي وغير محتوية على رصاص أو كادميوم أو زئبق",5
85491400000,"فضلات وخردة كهربائية والكترونية ، غير مصنفة وغير محتوية على رصاص أو كادميوم أو زئبق",5
85491900000,فضلات وخردة كهربائية والكترونية (غ.م.ك),5
85492100000,فضلات وخردة .. من النوع المستعمل بصورة أساسية لاستعادة معادن ثمينة تحتوي على خلايا مولدة أو بطاريات مولدة أو مدخرات كهربائية أو مفاتيح ...,5
85492900000,فضلات وخردة كهربائية والكترونية من النوع المستعمل بصورة أساسية لاستعادة معادن ثمينة (غ. م.ك),5
85493000000,مجموعات كهربائية والكترونية ولوحات ودوائر مطبوعة أخر :,5
85493110000,الزجاج من انابيب الأشعة الكاثودية أو غيره من الزجاج المنشط,5
85493120000,مكونات كهربائية أو الكترونية تحتوي على كادميوم أو زئبق أو رصاص أو بولي كلورونيتيد ثنائي الفينيل ) (PCBs,5
85493190000,تحتوي على خلايا مولدة أو بطاريات مولدة أو مدخرات كهربائية أو مفاتيح من زنبق أو زجاج من أنابيب الأشعة الكاثودية أو غيرها من... (غ. م.ك),5
85493900000,مجموعات كهربائية والكترونية ولوحات ودوائر مطبوعة أخر (غ.م.ك),5
85499110000,الزجاج من انابيب الأشعة الكاثودية أو غيره من الزجاج المنشط,5
85499120000,مكونات كهربائية أو الكترونية تحتوي على كادميوم أو زئبق أو رصاص أو بولي كلورونيتيد ثنائي الفينيل ) (PCBs,5
85499190000,تحتوي على خلايا مولدة أو بطاريات مولدة أو مدخرات كهربائية أو مفاتيح من زئبق أو زجاج من أنابيب الأشعة الكاثودية أو غيرها من .... (غ. م.ك),5
85499900000,فضلات وخردة كهربائية والكترونية (غ.م.ك),5
86011000000,"قاطرات للسكك الحديدية, تزود بالطاقة من مصدر خارجي للكهرباء 1",0
86012000000,قاطرات للسكك الحديدية تزود بالطاقة من مدخرات كهربائية 2,0
86021000000,قاطرات أخر ديزل كهربائية للسكك الحديدية 3,0
86029000000,عربات تموين ( تندر ) 4,0
86031000000,مركبات ذاتية الدفع للسكك الحديدية أو الترام تزود بالطاقة من مصدر خارجي للكهرباء 5,0
86039000000,مركبات ذاتية الدفع للسكك الحديدية أو الترام ( عدا التي تزود بالطاقة من مصدر خارجي للكهرباء) 6,0
86040000000,عربات الخدمة أو الصيانة للسكك الحديدية أو الترام مثل ورش التصليح وعربات السكك الحديدية 7,0
86050000000,"مركبات وعربات سكك حديدية أو ترام للمسافرين, غير ذاتية الدفع، عربات الامتعة والبريد 8",0
86061000000,"عربات صهاريج وما يماثلها لنقل البضائع للسكك الحديدية أو الترام, غير ذاتية الدفع 9",0
86063000000,عربات نقل بضائع للسكك الحديدية أو الترام غير ذاتية الدفع ذات تفريغ ذاتي عدا 8606.10 10,0
86069100000,"عربات نقل بضائع للسكك الحديدية أو الترام غير ذاتية الدفع, مغطاة ومغلقة 11",0
86069200000,عربات نقل بضائع للسكك الحديدية أو الترام غير ذاتية الدفع مفتوحة بجوانب ثابتة إرتفاعها 60 سم 12,0
86069900000,عربات نقل بضائع للسكك الحديدية أو الترام غير ذاتية الدفع (غ. م.ك) 13,0
86071100000,بوجيات و بيسل بوجيات دافعة لقاطرات ومركبات السكك الحديدية والترام 14,5
86071200000,بوجيات و بیسل بوجيات أخر لقاطرات ومركبات السكك الحديدية والترام (غ.م.ك) 15,5
86071900000,قواعد بوجيات و بيسل بوجيات ومحاور وعجلات وأجزاؤها 16,5
86072100000,فرامل هوائية وأجزاؤها القاطرات ومركبات وعربات السكك الحديدية والترام 17,5
86072900000,فرامل وأجزاؤها القاطرات ومركبات وعربات السكك الحديدية والترام (غ.م.ك) 18,5
86073000000,محاجن وغيرها من أجهزة القطر وصدامات وأجزاؤها القاطرات ومركبات وعربات السكك الحديدية 19,5
86079100000,أجزاء لقاطرات السكك الحديدية (غ.م.ك) 20,5
86079900000,أجزاء المركبات والعربات السكك الحديدية والترام 21,0
86080000000,معدات ثابتة لخطوط السكك الحديدية أو الترام : أجهزة آلية للإشارة والأمان والرقابة وأجزاؤها 22,0
86090000000,حاويات مصممة ومجهزة خصيصا للنقل بوسيلة أو أكثر من وسائل النقل 23,0
87011000000,جرارات زراعية صغيرة ( موتوكيلتور ) ( عدا العربات الجرارة الداخلة في البند 8709),0
87012100000,"جرارات طرق للمقطورات النصفية، مجهزة فقط بمحرك ديزل أو نصف ديزل",0
87012200000,جرارات طرق للمقطورات النصفية مجهزة معاً للدفع بمحرك ديزل/نصف ديزل ومحرك كهربائي,0
87012300000,جرارات طرق للمقطورات النصفية مجهزة معاً للدفع بمحرك شرر ومحرك كهربائي,0
87012400100,جرارات طرق للمقطورات النصفية تعمل كلياً على الكهرباء وتستخدم مصدر طاقة آخر لتوليدها,0
87012400900,جرارات طرق للمقطورات النصفية تعمل كلياً على الكهرباء عدا التي تستخدم مصدر طاقة آخر لتوليدها,0
87012900000,جرارات طرق للمقطورات النصفية (غ.م.ك),0
87013000000,جرارات بجنازير ( عدا العربات الجرارة الداخلة في البند 8709),0
87019100100,جرارات زراعية أخرى لا تزيد عن 18 كيلو واط,0
87019100900,"جرارات أخر، عدا الزراعية لا تزيد عن 18 كيلو واط",0
87019200100,جرارات زراعية أخر تزيد عن 18 كيلو واط ولا تتجاوز 37 كيلو واط,0
87019200900,"جرارات أخر، عدا الزراعية تزيد عن 18 كيلو واط ولا تتجاوز 37 كيلو واط",0
87019300100,جرارات زراعية أخر تزيد عن 37 كيلو واط ولا تتجاوز 75 كيلو واط,0
87019300900,"جرارات أخر، عدا الزراعية تزيد عن 37 كيلو واط ولا تتجاوز 75 كيلو واط",0
87019400100,جرارات زراعية أخر تزيد عن 75 كيلو واط ولا تتجاوز 130 كيلو واط,0
87019400900,"جرارات أخرى عدا الزراعية، تزيد عن 75 كيلو واط ولا تتجاوز 130 كيلو واط",0
87019500100,جرارات زراعية أخر تزيد عن 130 كيلو واط,0
87019500900,"جرارات أخر، عدا الزراعية تزيد عن 130 كيلو واط",0
87021000100,سيارات نقل 10 أشخاص فأكثر (ديزل) مضى على صنعها <= 5 سنوات,15
87021000200,سيارات مصفحة نقل 10 أشخاص فأكثر (ديزل) مضى على صنعها <= 5 سنوات,15
87021000300,سيارات مصفحة نقل 10 أشخاص فأكثر (ديزل) مضى على صنعها > 5 سنوات,15
87021000900,سيارات نقل 10 أشخاص فأكثر (ديزل) مضى على صنعها > 5 سنوات,15
87022000100,سيارات نقل ركاب هجينة (ديزل وكهرباء) مضى على صنعها <= 5 سنوات,15
87022000200,سيارات مصفحة نقل ركاب هجينة (ديزل وكهرباء) مضى على صنعها <= 5 سنوات,15
87022000300,سيارات مصفحة نقل ركاب هجينة (ديزل وكهرباء) مضى على صنعها > 5 سنوات,15
87022000900,سيارات نقل ركاب هجينة (ديزل وكهرباء) مضى على صنعها > 5 سنوات,15
87023000100,سيارات نقل ركاب هجينة (شرر وكهرباء) مضى على صنعها <= 5 سنوات,25
87023000200,سيارات مصفحة نقل ركاب هجينة (شرر وكهرباء) مضى على صنعها <= 5 سنوات,25
87023000300,سيارات مصفحة نقل ركاب هجينة (شرر وكهرباء) مضى على صنعها > 5 سنوات,25
87023000900,سيارات نقل ركاب هجينة (شرر وكهرباء) مضى على صنعها > 5 سنوات,25
87024010100,سيارات مصفحة مصممة لتعمل كليا على الكهرباء وتستخدم مصدر طاقة آخر لتوليدها,25
87024010900,السيارات المصممة لتعمل كليا على الكهرباء وتستخدم مصدر طاقة آخر لتوليدها (غ.م.ك),25
87024090100,السيارات المصفحة المصممة لتعمل كليا على الكهرباء (EV) عدا التي تستخدم مصدر طاقة اخر لتوليدها,25
87024090900,السيارات المصممة لتعمل كليا على الكهرباء (EV) عدا التي تستخدم مصدر طاقة اخر لتوليدها (غ.م.ك),25
87029000100,سيارات نقل 10 أشخاص أو أكثر (أخرى) مضى على صنعها <= 5 سنوات,25
87029000200,سيارات مصفحة نقل 10 أشخاص أو أكثر (أخرى) مضى على صنعها <= 5 سنوات,25
87029000300,سيارات مصفحة نقل 10 أشخاص أو أكثر (أخرى) مضى على صنعها > 5 سنوات,25
87029000900,سيارات نقل 10 أشخاص أو أكثر (أخرى) مضى على صنعها > 5 سنوات,25
87031010000,سيارات ملاعب الجولف وسيارات الثلج ذات محركات هجينة,0
87031020000,سيارات ملاعب الجولف وغيرها - المركبات الكلاسيكية والمركبات التراثية,0
87031090100,سيارات ملاعب الجولف وسيارات الثلج مضى على صنعها 5 سنوات,25
87031090200,سيارات ملاعب الجولف تعمل كليا بالكهرباء مضى على صنعها <= 5 سنوات,25
87031090300,سيارات ملاعب الجولف تعمل كليا بالكهرباء مضى على صنعها > 5 سنوات,25
87031090900,سيارات ملاعب الجولف وسيارات الثلج مضى على صنعها > 5 سنوات,25
87032120000,المركبات الكلاسيكية والتراثية (بنزين) <= 1000 سم3,0
87032130000,سيارات اسعاف ونقل موتى (بنزين) <= 1000 سم3,0
87032140100,"سيارات مجهزة للرحلات (بنزين) <= 1000 سم3، عمر <= 5 سنوات",25
87032140900,"سيارات مجهزة للرحلات (بنزين) <= 1000 سم3، عمر > 5 سنوات",25
87032150000,سيارات لتقاد باليدين للمقعدين (بنزين) <= 1000 سم3,0
87032160000,سيارات للاستعمال خارج الطرق العامة (بنزين) <= 500 سم3,0
87032190700,"سيارات ركاب بنزين هجينة معتدلة (Mild Hybrid) <= 1000 سم3، عمر <= 5 سنوات",0
87032190800,"سيارات ركاب بنزين هجينة معتدلة (Mild Hybrid) <= 1000 سم3، عمر > 5 سنوات",0
87032190910,"سيارات ركاب بنزين <= 1000 سم3، عمر <= 5 سنوات",0
87032190920,سيارات للاستعمال خارج الطرق العامة (بنزين) > 500 و <= 1000 سم3,0
87032190990,"سيارات ركاب بنزين <= 1000 سم3، عمر > 5 سنوات",0
87032220000,المركبات الكلاسيكية والتراثية (بنزين) > 1000 و <= 1500 سم3,0
87032230000,سيارات اسعاف ونقل موتى (بنزين) > 1000 و <= 1500 سم3,0
87032240100,"سيارات مجهزة للرحلات (بنزين) > 1000 و <= 1500 سم3، عمر <= 5 سنوات",25
87032240900,"سيارات مجهزة للرحلات (بنزين) > 1000 و <= 1500 سم3، عمر > 5 سنوات",25
87032250000,سيارات لتقاد باليدين للمقعدين (بنزين) > 1000 و <= 1500 سم3,0
87032290400,"سيارات مصفحة (بنزين) > 1000 و <= 1500 سم3، عمر <= 5 سنوات",0
87032290500,"سيارات مصفحة (بنزين) > 1000 و <= 1500 سم3، عمر > 5 سنوات",0
87032290700,"سيارات ركاب بنزين Mild Hybrid > 1000 و <= 1500 سم3، عمر <= 5 سنوات",0
87032290800,"سيارات ركاب بنزين Mild Hybrid > 1000 و <= 1500 سم3، عمر > 5 سنوات",0
87032290910,"سيارات ركاب بنزين > 1000 و <= 1500 سم3، عمر <= 5 سنوات",0
87032290990,"سيارات ركاب بنزين > 1000 و <= 1500 سم3، عمر > 5 سنوات",0
87032312000,المركبات الكلاسيكية والتراثية (بنزين) > 1500 و <= 2000 سم3,0
87032314100,"سيارات مجهزة للرحلات (بنزين) > 1500 و <= 2000 سم3، عمر <= 5 سنوات",25
87032314900,"سيارات مجهزة للرحلات (بنزين) > 1500 و <= 2000 سم3، عمر > 5 سنوات",25
87032315000,سيارات لتقاد باليدين للمقعدين (بنزين) > 1500 و <= 2000 سم3,0
87032319500,"سيارات مصفحة (بنزين) > 1500 و <= 2000 سم3، عمر <= 5 سنوات",0
87032319600,"سيارات مصفحة (بنزين) > 1500 و <= 2000 سم3، عمر > 5 سنوات",0
87032319700,"سيارات ركاب بنزين Mild Hybrid > 1500 و <= 2000 سم3، عمر <= 5 سنوات",0
87032319800,"سيارات ركاب بنزين Mild Hybrid > 1500 و <= 2000 سم3، عمر > 5 سنوات",0
87032319910,"سيارات ركاب بنزين > 1500 و <= 2000 سم3، عمر <= 5 سنوات",0
87032319990,"سيارات ركاب بنزين > 1500 و <= 2000 سم3، عمر > 5 سنوات",0
87032321000,المركبات الكلاسيكية والتراثية (بنزين) > 2000 و <= 2500 سم3,0
87032325000,سيارات اسعاف ونقل موتى (بنزين) > 2000 و <= 2500 سم3,0
87032326100,"سيارات مجهزة للرحلات (بنزين) > 2000 و <= 2500 سم3، عمر <= 5 سنوات",25
87032326900,"سيارات مجهزة للرحلات (بنزين) > 2000 و <= 2500 سم3، عمر > 5 سنوات",25
87032327000,سيارات لتقاد باليدين للمقعدين (بنزين) > 2000 و <= 2200 سم3,0
87032329700,"سيارات ركاب بنزين Mild Hybrid > 2000 و <= 2500 سم3، عمر <= 5 سنوات",0
87032329710,"سيارات مصفحة (بنزين) > 2000 و <= 2500 سم3، عمر <= 5 سنوات",0
87032329800,"سيارات ركاب بنزين Mild Hybrid > 2000 و <= 2500 سم3، عمر > 5 سنوات",0
87032329810,"سيارات مصفحة (بنزين) > 2000 و <= 2500 سم3، عمر > 5 سنوات",0
87032329910,"سيارات ركاب بنزين > 2000 و <= 2500 سم3، عمر <= 5 سنوات",0
87032329990,"سيارات ركاب بنزين > 2000 و <= 2500 سم3، عمر > 5 سنوات",0
87032331000,المركبات الكلاسيكية والتراثية (بنزين) > 2500 و <= 3000 سم3,0
87032334000,سيارات اسعاف ونقل موتى (بنزين) > 2500 و <= 3000 سم3,0
87032335100,"سيارات مجهزة للرحلات (بنزين) > 2500 و <= 3000 سم3، عمر <= 5 سنوات",25
87032335900,"سيارات مجهزة للرحلات (بنزين) > 2500 و <= 3000 سم3، عمر > 5 سنوات",25
87032339700,"سيارات ركاب بنزين Mild Hybrid > 2500 و <= 3000 سم3، عمر <= 5 سنوات",0
87032339710,"سيارات مصفحة (بنزين) > 2500 و <= 3000 سم3، عمر <= 5 سنوات",0
87032339800,"سيارات ركاب بنزين Mild Hybrid > 2500 و <= 3000 سم3، عمر > 5 سنوات",0
87032339810,"سيارات مصفحة (بنزين) > 2500 و <= 3000 سم3، عمر > 5 سنوات",0
87032339910,"سيارات ركاب بنزين > 2500 و <= 3000 سم3، عمر <= 5 سنوات",0
87032339990,"سيارات ركاب بنزين > 2500 و <= 3000 سم3، عمر > 5 سنوات",0
87032410000,المركبات الكلاسيكية والتراثية (بنزين) > 3000 سم3,0
87032440000,سيارات اسعاف ونقل موتى (بنزين) > 3000 سم3,0
87032450100,"سيارات مجهزة للرحلات (بنزين) > 3000 سم3، عمر <= 5 سنوات",25
87032450900,"سيارات مجهزة للرحلات (بنزين) > 3000 سم3، عمر > 5 سنوات",25
87032490700,"سيارات ركاب بنزين Mild Hybrid > 3000 سم3، عمر <= 5 سنوات",0
87032490710,"سيارات مصفحة (بنزين) > 3000 سم3، عمر <= 5 سنوات",0
87032490800,"سيارات ركاب بنزين Mild Hybrid > 3000 سم3، عمر > 5 سنوات",0
87032490810,"سيارات مصفحة (بنزين) > 3000 سم3، عمر > 5 سنوات",0
87032490910,"سيارات ركاب بنزين > 3000 سم3، عمر <= 5 سنوات",0
87032490990,"سيارات ركاب بنزين > 3000 سم3، عمر > 5 سنوات",0
87033120000,المركبات الكلاسيكية والتراثية (ديزل) <= 1500 سم3,0
87033130000,سيارات اسعاف ونقل موتى (ديزل) <= 1500 سم3,0
87033140100,"سيارات مجهزة للرحلات (ديزل) <= 1500 سم3، عمر <= 5 سنوات",25
87033140900,"سيارات مجهزة للرحلات (ديزل) <= 1500 سم3، عمر > 5 سنوات",25
87033190400,"سيارات مصفحة (ديزل) <= 1500 سم3، عمر <= 5 سنوات",0
87033190500,"سيارات مصفحة (ديزل) <= 1500 سم3، عمر > 5 سنوات",0
87033190700,"سيارات ركاب ديزل Mild Hybrid <= 1500 سم3، عمر <= 5 سنوات",0
87033190800,"سيارات ركاب ديزل Mild Hybrid <= 1500 سم3، عمر > 5 سنوات",0
87033190910,"سيارات ركاب ديزل <= 1500 سم3، عمر <= 5 سنوات",0
87033190990,"سيارات ركاب ديزل <= 1500 سم3، عمر > 5 سنوات",0
87033212000,المركبات الكلاسيكية والتراثية (ديزل) > 1500 و <= 2000 سم3,0
87033213000,سيارات اسعاف ونقل موتى (ديزل) > 1500 و <= 2000 سم3,0
87033214100,"سيارات مجهزة للرحلات (ديزل) > 1500 و <= 2000 سم3، عمر <= 5 سنوات",25
87033214900,"سيارات مجهزة للرحلات (ديزل) > 1500 و <= 2000 سم3، عمر > 5 سنوات",25
87033219400,"سيارات مصفحة (ديزل) > 1500 و <= 2000 سم3، عمر <= 5 سنوات",0
87033219500,"سيارات مصفحة (ديزل) > 1500 و <= 2000 سم3، عمر > 5 سنوات",0
87033219700,"سيارات ركاب ديزل Mild Hybrid > 1500 و <= 2000 سم3، عمر <= 5 سنوات",0
87033219800,"سيارات ركاب ديزل Mild Hybrid > 1500 و <= 2000 سم3، عمر > 5 سنوات",0
87033219910,"سيارات ركاب ديزل > 1500 و <= 2000 سم3، عمر <= 5 سنوات",0
87033219990,"سيارات ركاب ديزل > 1500 و <= 2000 سم3، عمر > 5 سنوات",0
87033221000,المركبات الكلاسيكية والتراثية (ديزل) > 2000 و <= 2500 سم3,0
87033224000,سيارات اسعاف ونقل موتى (ديزل) > 2000 و <= 2500 سم3,0
87033225100,"سيارات مجهزة للرحلات (ديزل) > 2000 و <= 2500 سم3، عمر <= 5 سنوات",25
87033225900,"سيارات مجهزة للرحلات (ديزل) > 2000 و <= 2500 سم3، عمر > 5 سنوات",25
87033229400,"سيارات مصفحة (ديزل) > 2000 و <= 2500 سم3، عمر <= 5 سنوات",0
87033229500,"سيارات مصفحة (ديزل) > 2000 و <= 2500 سم3، عمر > 5 سنوات",0
87033229700,"سيارات ركاب ديزل Mild Hybrid > 2000 و <= 2500 سم3، عمر <= 5 سنوات",0
87033229800,"سيارات ركاب ديزل Mild Hybrid > 2000 و <= 2500 سم3، عمر > 5 سنوات",0
87033229910,"سيارات ركاب ديزل > 2000 و <= 2500 سم3، عمر <= 5 سنوات",0
87033229990,"سيارات ركاب ديزل > 2000 و <= 2500 سم3، عمر > 5 سنوات",0
87033311000,المركبات الكلاسيكية والتراثية (ديزل) > 2500 و <= 3000 سم3,0
87033314000,سيارات اسعاف ونقل موتى (ديزل) > 2500 و <= 3000 سم3,0
87033315100,"سيارات مجهزة للرحلات (ديزل) > 2500 و <= 3000 سم3، عمر <= 5 سنوات",25
87033315900,"سيارات مجهزة للرحلات (ديزل) > 2500 و <= 3000 سم3، عمر > 5 سنوات",25
87033319400,"سيارات مصفحة (ديزل) > 2500 و <= 3000 سم3، عمر <= 5 سنوات",0
87033319500,"سيارات مصفحة (ديزل) > 2500 و <= 3000 سم3، عمر > 5 سنوات",0
87033319700,"سيارات ركاب ديزل Mild Hybrid > 2500 و <= 3000 سم3، عمر <= 5 سنوات",0
87033319800,"سيارات ركاب ديزل Mild Hybrid > 2500 و <= 3000 سم3، عمر > 5 سنوات",0
87033319910,"سيارات ركاب ديزل > 2500 و <= 3000 سم3، عمر <= 5 سنوات",0
87033319990,"سيارات ركاب ديزل > 2500 و <= 3000 سم3، عمر > 5 سنوات",0
87033321000,المركبات الكلاسيكية والتراثية (ديزل) > 3000 سم3,0
87033324000,سيارات اسعاف ونقل موتى (ديزل) > 3000 سم3,0
87033325100,"سيارات مجهزة للرحلات (ديزل) > 3000 سم3، عمر <= 5 سنوات",25
87033325900,"سيارات مجهزة للرحلات (ديزل) > 3000 سم3، عمر > 5 سنوات",25
87033329400,"سيارات مصفحة (ديزل) > 3000 سم3، عمر <= 5 سنوات",0
87033329500,"سيارات مصفحة (ديزل) > 3000 سم3، عمر > 5 سنوات",0
87033329700,"سيارات ركاب ديزل Mild Hybrid > 3000 سم3، عمر <= 5 سنوات",0
87033329800,"سيارات ركاب ديزل Mild Hybrid > 3000 سم3، عمر > 5 سنوات",0
87033329910,"سيارات ركاب ديزل > 3000 سم3، عمر <= 5 سنوات",0
87033329990,"سيارات ركاب ديزل > 3000 سم3، عمر > 5 سنوات",0
87034010700,"سيارات هجينة (Hybrid) بنزين وكهرباء (بدون شحن خارجي) <= 1000 سم3، عمر <= 5",0
87034010800,"سيارات هجينة (Hybrid) بنزين وكهرباء (بدون شحن خارجي) <= 1000 سم3، عمر > 5",0
87034020700,"سيارات هجينة (Hybrid) بنزين وكهرباء > 1000 و <= 1500 سم3، عمر <= 5",0
87034020800,"سيارات هجينة (Hybrid) بنزين وكهرباء > 1000 و <= 1500 سم3، عمر > 5",0
87034030500,"سيارات مصفحة هجينة (Hybrid) بنزين وكهرباء > 1500 و <= 2000 سم3، عمر <= 5",0
87034030600,"سيارات مصفحة هجينة (Hybrid) بنزين وكهرباء > 1500 و <= 2000 سم3، عمر > 5",0
87034030700,"سيارات هجينة (Hybrid) بنزين وكهرباء > 1500 و <= 2000 سم3، عمر <= 5",0
87034030800,"سيارات هجينة (Hybrid) بنزين وكهرباء > 1500 و <= 2000 سم3، عمر > 5",0
87034040700,"سيارات هجينة (Hybrid) بنزين وكهرباء > 2000 و <= 2500 سم3، عمر <= 5",0
87034040710,"سيارات مصفحة هجينة (Hybrid) بنزين وكهرباء > 2000 و <= 2500 سم3، عمر <= 5",0
87034040800,"سيارات هجينة (Hybrid) بنزين وكهرباء > 2000 و <= 2500 سم3، عمر > 5",0
87034040810,"سيارات مصفحة هجينة (Hybrid) بنزين وكهرباء > 2000 و <= 2500 سم3، عمر > 5",0
87034050700,"سيارات هجينة (Hybrid) بنزين وكهرباء > 2500 و <= 3000 سم3، عمر <= 5",0
87034050710,"سيارات مصفحة هجينة (Hybrid) بنزين وكهرباء > 2500 و <= 3000 سم3، عمر <= 5",0
87034050800,"سيارات هجينة (Hybrid) بنزين وكهرباء > 2500 و <= 3000 سم3، عمر > 5",0
87034050810,"سيارات مصفحة هجينة (Hybrid) بنزين وكهرباء > 2500 و <= 3000 سم3، عمر > 5",0
87034090700,"سيارات هجينة (Hybrid) بنزين وكهرباء > 3000 سم3، عمر <= 5",0
87034090710,"سيارات مصفحة هجينة (Hybrid) بنزين وكهرباء > 3000 سم3، عمر <= 5",0
87034090800,"سيارات هجينة (Hybrid) بنزين وكهرباء > 3000 سم3، عمر > 5",0
87034090810,"سيارات مصفحة هجينة (Hybrid) بنزين وكهرباء > 3000 سم3، عمر > 5",0
87035010700,"سيارات هجينة (Hybrid) ديزل وكهرباء (بدون شحن خارجي) <= 1500 سم3، عمر <= 5",0
87035010800,"سيارات هجينة (Hybrid) ديزل وكهرباء (بدون شحن خارجي) <= 1500 سم3، عمر > 5",0
87035020400,"سيارات مصفحة هجينة (Hybrid) ديزل وكهرباء > 1500 و <= 2000 سم3، عمر <= 5",0
87035020500,"سيارات مصفحة هجينة (Hybrid) ديزل وكهرباء > 1500 و <= 2000 سم3، عمر > 5",0
87035020700,"سيارات هجينة (Hybrid) ديزل وكهرباء > 1500 و <= 2000 سم3، عمر <= 5",0
87035020800,"سيارات هجينة (Hybrid) ديزل وكهرباء > 1500 و <= 2000 سم3، عمر > 5",0
87035030400,"سيارات مصفحة هجينة (Hybrid) ديزل وكهرباء > 2000 و <= 2500 سم3، عمر <= 5",0
87035030500,"سيارات مصفحة هجينة (Hybrid) ديزل وكهرباء > 2000 و <= 2500 سم3، عمر > 5",0
87035030700,"سيارات هجينة (Hybrid) ديزل وكهرباء > 2000 و <= 2500 سم3، عمر <= 5",0
87035030800,"سيارات هجينة (Hybrid) ديزل وكهرباء > 2000 و <= 2500 سم3، عمر > 5",0
87035040400,"سيارات مصفحة هجينة (Hybrid) ديزل وكهرباء > 2500 و <= 3000 سم3، عمر <= 5",0
87035040500,"سيارات مصفحة هجينة (Hybrid) ديزل وكهرباء > 2500 و <= 3000 سم3، عمر > 5",0
87035040700,"سيارات هجينة (Hybrid) ديزل وكهرباء > 2500 و <= 3000 سم3، عمر <= 5",0
87035040800,"سيارات هجينة (Hybrid) ديزل وكهرباء > 2500 و <= 3000 سم3، عمر > 5",0
87035090400,"سيارات مصفحة هجينة (Hybrid) ديزل وكهرباء > 3000 سم3، عمر <= 5",0
87035090500,"سيارات مصفحة هجينة (Hybrid) ديزل وكهرباء > 3000 سم3، عمر > 5",0
87035090700,"سيارات هجينة (Hybrid) ديزل وكهرباء > 3000 سم3، عمر <= 5",0
87035090800,"سيارات هجينة (Hybrid) ديزل وكهرباء > 3000 سم3، عمر > 5",0
87036010700,"سيارات هجينة (Plug-in) بنزين وكهرباء (شحن خارجي) <= 1000 سم3، عمر <= 5",0
87036010800,"سيارات هجينة (Plug-in) بنزين وكهرباء (شحن خارجي) <= 1000 سم3، عمر > 5",0
87036020700,"سيارات هجينة (Plug-in) بنزين وكهرباء > 1000 و <= 1500 سم3، عمر <= 5",0
87036020800,"سيارات هجينة (Plug-in) بنزين وكهرباء > 1000 و <= 1500 سم3، عمر > 5",0
87036030500,"سيارات مصفحة هجينة (Plug-in) بنزين وكهرباء > 1500 و <= 2000 سم3، عمر <= 5",0
87036030600,"سيارات مصفحة هجينة (Plug-in) بنزين وكهرباء > 1500 و <= 2000 سم3، عمر > 5",0
87036030700,"سيارات هجينة (Plug-in) بنزين وكهرباء > 1500 و <= 2000 سم3، عمر <= 5",0
87036030800,"سيارات هجينة (Plug-in) بنزين وكهرباء > 1500 و <= 2000 سم3، عمر > 5",0
87036040700,"سيارات هجينة (Plug-in) بنزين وكهرباء > 2000 و <= 2500 سم3، عمر <= 5",0
87036040710,"سيارات مصفحة هجينة (Plug-in) بنزين وكهرباء > 2000 و <= 2500 سم3، عمر <= 5",0
87036040800,"سيارات هجينة (Plug-in) بنزين وكهرباء > 2000 و <= 2500 سم3، عمر > 5",0
87036040810,"سيارات مصفحة هجينة (Plug-in) بنزين وكهرباء > 2000 و <= 2500 سم3، عمر > 5",0
87036050700,"سيارات هجينة (Plug-in) بنزين وكهرباء > 2500 و <= 3000 سم3، عمر <= 5",0
87036050710,"سيارات مصفحة هجينة (Plug-in) بنزين وكهرباء > 2500 و <= 3000 سم3، عمر <= 5",0
87036050800,"سيارات هجينة (Plug-in) بنزين وكهرباء > 2500 و <= 3000 سم3، عمر > 5",0
87036050810,"سيارات مصفحة هجينة (Plug-in) بنزين وكهرباء > 2500 و <= 3000 سم3، عمر > 5",0
87036090700,"سيارات هجينة (Plug-in) بنزين وكهرباء > 3000 سم3، عمر <= 5",0
87036090710,"سيارات مصفحة هجينة (Plug-in) بنزين وكهرباء > 3000 سم3، عمر <= 5",0
87036090800,"سيارات هجينة (Plug-in) بنزين وكهرباء > 3000 سم3، عمر > 5",0
87036090810,"سيارات مصفحة هجينة (Plug-in) بنزين وكهرباء > 3000 سم3، عمر > 5",0
87037010700,"سيارات هجينة (Plug-in) ديزل وكهرباء <= 1500 سم3، عمر <= 5",0
87037010800,"سيارات هجينة (Plug-in) ديزل وكهرباء <= 1500 سم3، عمر > 5",0
87037020400,"سيارات مصفحة هجينة (Plug-in) ديزل وكهرباء > 1500 و <= 2000 سم3، عمر <= 5",0
87037020500,"سيارات مصفحة هجينة (Plug-in) ديزل وكهرباء > 1500 و <= 2000 سم3، عمر > 5",0
87037020700,"سيارات هجينة (Plug-in) ديزل وكهرباء > 1500 و <= 2000 سم3، عمر <= 5",0
87037020800,"سيارات هجينة (Plug-in) ديزل وكهرباء > 1500 و <= 2000 سم3، عمر > 5",0
87037030400,"سيارات مصفحة هجينة (Plug-in) ديزل وكهرباء > 2000 و <= 2500 سم3، عمر <= 5",0
87037030500,"سيارات مصفحة هجينة (Plug-in) ديزل وكهرباء > 2000 و <= 2500 سم3، عمر > 5",0
87037030700,"سيارات هجينة (Plug-in) ديزل وكهرباء > 2000 و <= 2500 سم3، عمر <= 5",0
87037030800,"سيارات هجينة (Plug-in) ديزل وكهرباء > 2000 و <= 2500 سم3، عمر > 5",0
87037040400,"سيارات مصفحة هجينة (Plug-in) ديزل وكهرباء > 2500 و <= 3000 سم3، عمر <= 5",0
87037040500,"سيارات مصفحة هجينة (Plug-in) ديزل وكهرباء > 2500 و <= 3000 سم3، عمر > 5",0
87037040700,"سيارات هجينة (Plug-in) ديزل وكهرباء > 2500 و <= 3000 سم3، عمر <= 5",0
87037040800,"سيارات هجينة (Plug-in) ديزل وكهرباء > 2500 و <= 3000 سم3، عمر > 5",0
87037090400,"سيارات مصفحة هجينة (Plug-in) ديزل وكهرباء > 3000 سم3، عمر <= 5",0
87037090500,"سيارات مصفحة هجينة (Plug-in) ديزل وكهرباء > 3000 سم3، عمر > 5",0
87037090700,"سيارات هجينة (Plug-in) ديزل وكهرباء > 3000 سم3، عمر <= 5",0
87037090800,"سيارات هجينة (Plug-in) ديزل وكهرباء > 3000 سم3، عمر > 5",0
87038010100,سيارات مصفحة مصممة لتعمل كليا على الكهرباء (EV) وتستخدم مصدر طاقة آخر لتوليدها,0
87038010900,سيارات مصممة لتعمل كليا على الكهرباء (EV) وتستخدم مصدر طاقة آخر لتوليدها (غ.م.ك),0
87038090100,السيارات المصفحة المصممة لتعمل كليا على الكهرباء (EV),0
87038090900,السيارات المصممة لتعمل كليا على الكهرباء (EV) (غ.م.ك),0
87039010700,سيارات ركاب أخر (تعمل جزئياً على الكهرباء) مضى على صنعها <= 5 سنوات,0
87039010800,سيارات ركاب أخر (تعمل جزئياً على الكهرباء) مضى على صنعها > 5 سنوات,0
87039020000,المركبات الكلاسيكية والمركبات التراثية (غ. م.ك),0
87039030000,سيارات الإسعاف ونقل الموتى المصممة خصيصا لهذه الغاية (غ. م.ك),0
87039040100,سيارات مجهزة ومؤثثة للرحلات والنزهات (غ. م.ك) مضى على صنعها <= 5 سنوات,25
87039040900,سيارات مجهزة ومؤثثة للرحلات والنزهات (غ. م.ك) مضى على صنعها > 5 سنوات,25
87039090100,سيارات ركاب أخر (عدا البند 8702) (غ.م.ك) مضى على صنعها 5 سنوات او اقل,0
87039090900,سيارات ركاب أخر عدا أصناف البند 8702 (غ. م.ك) مضى على صنعها أكثر من 5 سنوات,0
87041000100,سيارات قلابة ( دمبر ) لنقل البضائع للإستعمال خارج الطرق العامة مضى على تصنيعها <= 5 سنوات,0
87041000900,سيارات قلابة ( دمبر) لنقل البضائع للإستعمال خارج الطرق العامة مضى على تصنيعها > 5 سنوات,0
87042110000,المركبات الكلاسيكية والمركبات التراثية (ديزل) <= 5 طن,0
87042130000,بكبات دبل كبين (ديزل) تقاد باليدين للمقعدين <= 5 طن,0
87042140100,"بكبات دبل كبين (ديزل) وزن قائم <= 5 طن، عمر <= 5 سنوات",25
87042140200,"بكبات دبل كبين مصفحة (ديزل) وزن قائم <= 5 طن، عمر <= 5 سنوات",25
87042140300,"بكبات دبل كبين مصفحة (ديزل) وزن قائم <= 5 طن، عمر > 5 سنوات",25
87042140900,"بكب دبل كبين (ديزل) وزن قائم <= 5 طن، عمر > 5 سنوات",25
87042151100,"فانات نقل مشترك (ديزل) وزن قائم <= 5 طن، عمر <= 5 سنوات",25
87042151200,"فانات نقل مشترك مصفحة (ديزل) وزن قائم <= 5 طن، عمر <= 5 سنوات",25
87042151300,"فانات نقل مشترك مصفحة (ديزل) وزن قائم <= 5 طن، عمر > 5 سنوات",25
87042151900,"فانات نقل مشترك (ديزل) وزن قائم <= 5 طن، عمر > 5 سنوات",25
87042159100,"فانات نقل بضائع (ديزل) وزن قائم <= 5 طن، عمر <= 5 سنوات",25
87042159200,"فانات نقل بضائع مصفحة (ديزل) وزن قائم <= 5 طن، عمر <= 5 سنوات",25
87042159300,"فانات نقل بضائع مصفحة (ديزل) وزن قائم <= 5 طن، عمر > 5 سنوات",25
87042159900,"فانات نقل بضائع (ديزل) وزن قائم <= 5 طن، عمر > 5 سنوات",25
87042161400,"سيارات نقل بضائع (غ.م.ك) مجهزة ديزل، وزن قائم <= 4 طن، عمر <= 5 سنوات",0
87042161900,"سيارات نقل بضائع (غ.م.ك) مجهزة ديزل، وزن قائم <= 4 طن، عمر > 5 سنوات",0
87042169300,"سيارات نقل بضائع مصفحة (غ.م.ك) مجهزة ديزل، وزن قائم <= 4 طن، عمر <= 5 سنوات",25
87042169400,"سيارات نقل بضائع (غ.م.ك) مجهزة ديزل، وزن قائم <= 4 طن، عمر <= 5 سنوات",25
87042169500,"سيارات نقل بضائع مصفحة (غ.م.ك) مجهزة ديزل، وزن قائم <= 4 طن، عمر > 5 سنوات",25
87042169900,"سيارات نقل بضائع (غ.م.ك) مجهزة ديزل، وزن قائم <= 4 طن، عمر > 5 سنوات",25
87042190400,"سيارات نقل بضائع ( عدا الفان و...) تعمل بالضغط بوزن قائم 4 - 5 طن، عمر <= 5 سنوات",5
87042190500,"سيارات نقل بضائع مصفحة ( عدا الفان و ...) تعمل بالضغط بوزن قائم 4 - 5 طن، عمر <= 5 سنوات",5
87042190600,"سيارات نقل بضائع مصفحة ( عدا الفان و ..) تعمل بالضغط بوزن قائم 4 - 5 طن، عمر > 5 سنوات",5
87042190900,"سيارات نقل بضائع ( عدا الفان و...) تعمل بالضغط بوزن قائم 4 - 5 طن، عمر > 5 سنوات",5
87042210100,"سيارات نقل قمامة (ديزل) وزن 5 - 20 طن، عمر <= 5 سنوات",0
87042210900,"سيارات نقل قمامة (ديزل) وزن 5 - 20 طن، عمر > 5 سنوات",0
87042220000,المركبات الكلاسيكية والمركبات التراثية بمحرك ديزل وزن 5 - 20 طن,0
87042290100,"سيارات لنقل البضائع (ديزل) وزن 5 - 20 طن، عمر <= 5 سنوات (غ. م.ك)",0
87042290200,"سيارات لنقل البضائع مصفحة (ديزل) وزن 5 - 20 طن، عمر <= 5 سنوات (غ.م.ك)",0
87042290300,"سيارات لنقل البضائع مصفحة (ديزل) وزن 5 - 20 طن، عمر > 5 سنوات (غ. م.ك)",0
87042290900,"سيارات لنقل البضائع (ديزل) وزن 5 - 20 طن، عمر > 5 سنوات (غ.م.ك)",0
87042310000,"المركبات الكلاسيكية والمركبات التراثية لنقل بضائع تعمل بالضغط, وبوزن إجمالي قائم > 20 طن",0
87042390410,"سيارات النضح تعمل بالضغط, وبوزن إجمالي قائم > 20 طن مضى على تصنيعها <= 5 سنوات",0
87042390490,"سيارات النضح تعمل بالضغط, وبوزن إجمالي قائم > 20 طن مضى على تصنيعها > 5 سنوات",0
87042390500,"سيارات نقل بضائع (غ. م.ك ) تعمل بالضغط, وزن إجمالي قائم > 20 طن، عمر <= 5 سنوات",0
87042390600,"سيارات نقل بضائع مصفحة (غ. م. ك ) تعمل بالضغط, وزن إجمالي قائم > 20 طن، عمر <= 5 سنوات",0
87042390700,"سيارات نقل بضائع مصفحة (غ. م. ك ) تعمل بالضغط, وزن إجمالي قائم > 20 طن، عمر > 5 سنوات",0
87042390900,"سيارات نقل بضائع (غ. م. ك ) تعمل بالضغط وزن إجمالي قائم > 20 طن، عمر > 5 سنوات",0
87043110000,"المركبات الكلاسيكية والمركبات التراثية لنقل بضائع تعمل بالبنزين, بوزن قائم <= 5 طن (غ.م.ك)",0
87043130100,"بكب دبل كبين (بنزين) تقاد بيدين للمقعدين وزن قائم <= 5 طن، عمر <= 5 سنوات",0
87043130900,"بكب دبل كبين (بنزين) تقاد بيدين للمقعدين وزن قائم <= 5 طن، عمر > 5 سنوات",0
87043140100,"بكبات دبل كبين (بنزين) وزن قائم <= 5 طن، عمر <= 5 سنوات",25
87043140200,"بكبات دبل كبين مصفحة (بنزين) وزن قائم <= 5 طن، عمر <= 5 سنوات",25
87043140300,"بكبات دبل كبين مصفحة (بنزين) وزن قائم <= 5 طن، عمر > 5 سنوات",25
87043140900,"بكبات دبل كبين (بنزين) وزن قائم <= 5 طن، عمر > 5 سنوات",25
87043151100,"فانات نقل مشترك (بنزين) وزن قائم <= 5 طن، عمر <= 5 سنوات",25
87043151200,"فانات نقل مشترك مصفحة (بنزين) وزن قائم <= 5 طن، عمر <= 5 سنوات",25
87043151300,"فانات نقل مشترك مصفحة (بنزين) وزن قائم <= 5 طن، عمر > 5 سنوات",25
87043151900,"فانات نقل مشترك (بنزين) وزن قائم <= 5 طن، عمر > 5 سنوات",25
87043159100,"فانات نقل بضائع (بنزين) وزن قائم <= 5 طن، عمر <= 5 سنوات",25
87043159200,"فانات نقل بضائع مصفحة (بنزين) وزن قائم <= 5 طن، عمر <= 5 سنوات",25
87043159300,"فانات نقل بضائع مصفحة (بنزين) وزن قائم <= 5 طن، عمر > 5 سنوات",25
87043159900,"فانات نقل بضائع (بنزين) وزن قائم <= 5 طن، عمر > 5 سنوات",25
87043161100,"سيارة نقل بضائع (غ.م.ك) بنزين، وزن <= 4 طن، عمر <= 5 سنوات",0
87043161900,"سيارة نقل بضائع (غ.م.ك) بنزين، وزن <= 4 طن، عمر > 5 سنوات",0
87043169100,"سيارات نقل بضائع (بنزين) وزن <= 4 طن، عمر <= 5 سنوات",25
87043169200,"سيارات نقل بضائع مصفحة (بنزين) وزن <= 4 طن، عمر <= 5 سنوات",25
87043169300,"سيارات نقل بضائع مصفحة (بنزين) وزن <= 4 طن، عمر > 5 سنوات",25
87043169900,"سيارات نقل بضائع (بنزين) وزن <= 4 طن، عمر > 5 سنوات",25
87043190200,"سيارات نقل بضائع مصفحة ( عدا فان ودبل كبين) بنزين، وزن 4 - 5 طن، عمر <= 5 سنوات",15
87043190300,"سيارات نقل بضائع مصفحة ( عدا فان ودبل كبين) بنزين، وزن 4 - 5 طن، عمر > 5 سنوات",15
87043190400,"سيارات نقل بضائع ( عدا فان ودبل كبين) بنزين، وزن 4 - 5 طن، عمر <= 5 سنوات",15
87043190800,"سيارات نقل بضائع ( عدا فان ودبل كبين) بنزين، وزن 4 - 5 طن، عمر > 5 سنوات",15
87043210000,"المركبات الكلاسيكية والمركبات التراثية لنقل البضائع بمحركات بنزين, بوزن إجمالي قائم > 5 طن",0
87043290100,"سيارات لنقل البضائع (بنزين) > 5 طن، عمر <= 5 سنوات (غ. م.ك)",0
87043290200,"سيارات لنقل البضائع مصفحة (بنزين) > 5 طن، عمر <= 5 سنوات (غ. م.ك)",0
87043290300,"سيارات لنقل البضائع مصفحة (بنزين) > 5 طن، عمر > 5 سنوات (غ.م.ك)",0
87043290900,"سيارات لنقل البضائع (بنزين) > 5 طن، عمر > 5 سنوات (غ. م.ك)",0
87044110000,بكبات الدبل كبين المعدة لتقاد باليدين للمقعدين (ديزل وكهرباء) <= 5 طن,0
87044120100,"بكبات دبل كبين (ديزل وكهرباء) وزن قائم <= 5 طن، عمر <= 5 سنوات",25
87044120200,"بكبات دبل كبين مصفحة (ديزل وكهرباء) وزن قائم <= 5 طن، عمر <= 5 سنوات",25
87044120300,"بكبات دبل كبين مصفحة (ديزل وكهرباء) وزن قائم <= 5 طن، عمر > 5 سنوات",25
87044120900,"بكبات دبل كبين (ديزل وكهرباء) وزن قائم <= 5 طن، عمر > 5 سنوات",25
87044131100,"فانات نقل مشترك (ديزل وكهرباء) وزن قائم <= 5 طن، عمر <= 5 سنوات",25
87044131200,"فانات نقل مشترك مصفحة (ديزل وكهرباء) وزن قائم <= 5 طن، عمر <= 5 سنوات",25
87044131300,"فانات نقل مشترك مصفحة (ديزل وكهرباء) وزن قائم <= 5 طن، عمر > 5 سنوات",25
87044131900,"فانات نقل مشترك (ديزل وكهرباء) وزن قائم <= 5 طن، عمر > 5 سنوات",25
87044139100,"فانات نقل بضائع (ديزل وكهرباء) وزن قائم <= 5 طن، عمر <= 5 سنوات",25
87044139200,"فانات نقل بضائع مصفحة (ديزل وكهرباء) وزن قائم <= 5 طن، عمر <= 5 سنوات",25
87044139300,"فانات نقل بضائع مصفحة (ديزل وكهرباء) وزن قائم <= 5 طن، عمر > 5 سنوات",25
87044139900,"فانات نقل بضائع (ديزل وكهرباء) وزن قائم <= 5 طن، عمر > 5 سنوات",25
87044141400,"سيارات لنقل البضائع (غ. م.ك) ديزل وكهرباء، وزن <= 4 طن، عمر <= 5 سنوات",0
87044141900,"سيارات لنقل البضائع (غ. م.ك) ديزل وكهرباء، وزن <= 4 طن، عمر > 5 سنوات",0
87044149400,"سيارات لنقل البضائع (غ. م. ك) ديزل وكهرباء، وزن <= 4 طن، عمر <= 5 سنوات",25
87044149500,"سيارات لنقل البضائع مصفحة (غ. م. ك) ديزل وكهرباء، وزن <= 4 طن، عمر <= 5 سنوات",25
87044149600,"سيارات لنقل البضائع مصفحة (غ. م. ك) ديزل وكهرباء، وزن <= 4 طن، عمر > 5 سنوات",25
87044149900,"سيارات لنقل البضائع (غ. م. ك) ديزل وكهرباء، وزن <= 4 طن، عمر > 5 سنوات",25
87044190400,"سيارات نقل بضائع (غ. م.ك) ديزل وكهرباء، وزن 4 - 5 طن، عمر <= 5 سنوات",5
87044190500,"سيارات نقل بضائع مصفحة (غ.م.ك) ديزل وكهرباء، وزن 4 - 5 طن، عمر <= 5 سنوات",5
87044190600,"سيارات نقل بضائع مصفحة (غ. م. ك) ديزل وكهرباء، وزن 4 - 5 طن، عمر > 5 سنوات",5
87044190900,"سيارات نقل بضائع (غ. م.ك) ديزل وكهرباء، وزن 4 - 5 طن، عمر > 5 سنوات",5
87044210100,"سيارات نقل قمامة (ديزل وكهرباء) وزن 5 - 20 طن، عمر <= 5 سنوات",0
87044210900,"سيارات نقل قمامة (ديزل وكهرباء) وزن 5 - 20 طن، عمر > 5 سنوات",0
87044290100,"سيارات لنقل البضائع (ديزل وكهرباء) وزن 5 - 20 طن، عمر <= 5 سنوات",0
87044290200,"سيارات لنقل البضائع مصفحة (ديزل وكهرباء) وزن 5 - 20 طن، عمر <= 5 سنوات",0
87044290300,"سيارات لنقل البضائع مصفحة (ديزل وكهرباء) وزن 5 - 20 طن، عمر > 5 سنوات",0
87044290900,"سيارات لنقل البضائع (ديزل وكهرباء) وزن 5 - 20 طن، عمر > 5 سنوات",0
87044300410,"سيارات النضح تعمل بالضغط ومحرك كهربائي, وبوزن إجمالي قائم > 20 طن، عمر <= 5 سنوات",0
87044300490,"سيارات النضح تعمل بالضغط و محرك كهربائي, وبوزن إجمالي قائم > 20 طن، عمر > 5 سنوات",0
87044300500,"غيرها من سيارات نقل بضائع تعمل بالضغط ومحرك كهربائي, وبوزن > 20 طن، عمر <= 5 سنوات",0
87044300600,"غيرها من سيارات نقل بضائع مصفحة تعمل بالضغط ومحرك كهربائي, وبوزن > 20 طن، عمر <= 5 سنوات",0
87044300700,"غيرها من سيارات نقل بضائع مصفحة تعمل بالضغط ومحرك كهربائي, وبوزن > 20 طن، عمر > 5 سنوات",0
87044300800,"غيرها من سيارات نقل بضائع تعمل بالضغط ومحرك كهربائي, وبوزن > 20 طن، عمر > 5 سنوات",0
87045110100,"بكب دبل كبين (بنزين وكهرباء) تقاد بيدين للمقعدين وزن <= 5 طن، عمر <= 5 سنوات",0
87045110900,"بكب دبل كبين (بنزين وكهرباء) تقاد بيدين للمقعدين وزن <= 5 طن، عمر > 5 سنوات",0
87045120100,"بكبات دبل كبين (بنزين وكهرباء) وزن قائم <= 5 طن، عمر <= 5 سنوات",25
87045120200,"بكبات دبل كبين مصفحة (بنزين وكهرباء) وزن قائم <= 5 طن، عمر <= 5 سنوات",25
87045120300,"بكبات دبل كبين مصفحة (بنزين وكهرباء) وزن قائم <= 5 طن، عمر > 5 سنوات",25
87045120900,"بكبات دبل كبين (بنزين وكهرباء) وزن قائم <= 5 طن، عمر > 5 سنوات",25
87045131100,"فانات نقل مشترك (بنزين وكهرباء) وزن قائم <= 5 طن، عمر <= 5 سنوات",25
87045131200,"فانات نقل مشترك مصفحة (بنزين وكهرباء) وزن قائم <= 5 طن، عمر <= 5 سنوات",25
87045131300,"فانات نقل مشترك مصفحة (بنزين وكهرباء) وزن قائم <= 5 طن، عمر > 5 سنوات",25
87045131900,"فانات نقل مشترك (بنزين وكهرباء) وزن قائم <= 5 طن، عمر > 5 سنوات",25
87045139100,"فانات نقل بضائع (بنزين وكهرباء) وزن قائم <= 5 طن، عمر <= 5 سنوات",25
87045139200,"فانات نقل بضائع مصفحة (بنزين وكهرباء) وزن قائم <= 5 طن، عمر <= 5 سنوات",25
87045139300,"فانات نقل بضائع مصفحة (بنزين وكهرباء) وزن قائم <= 5 طن، عمر > 5 سنوات",25
87045139900,"فانات نقل بضائع (بنزين وكهرباء) وزن قائم <= 5 طن، عمر > 5 سنوات",25
87045141100,"سيارات لنقل البضائع (غ. م.ك) بنزين وكهرباء، وزن <= 4 طن، عمر <= 5 سنوات",0
87045141900,"سيارات لنقل البضائع (غ. م. ك) بنزين وكهرباء، وزن <= 4 طن، عمر > 5 سنوات",0
87045149100,"سيارات نقل بضائع (بنزين وكهرباء) وزن <= 4 طن، عمر <= 5 سنوات",25
87045149200,"سيارات نقل بضائع مصفحة (بنزين وكهرباء) وزن <= 4 طن، عمر <= 5 سنوات",25
87045149300,"سيارات نقل بضائع مصفحة (بنزين وكهرباء) وزن <= 4 طن، عمر > 5 سنوات",25
87045149900,"سيارات نقل بضائع (بنزين وكهرباء) وزن <= 4 طن، عمر > 5 سنوات",25
87045190400,"سيارات نقل بضائع ( عدا فان ودبل كبين) بنزين وكهرباء، وزن 4 - 5 طن، عمر <= 5 سنوات",15
87045190500,"سيارات نقل بضائع مصفحة ( عدا فان ودبل كبين) بنزين وكهرباء، وزن 4 - 5 طن، عمر <= 5 سنوات",15
87045190600,"سيارات نقل بضائع مصفحة ( عدا فان ودبل كبين) بنزين وكهرباء، وزن 4 - 5 طن، عمر > 5 سنوات",15
87045190800,"سيارات نقل بضائع ( عدا فان ودبل كبين) بنزين وكهرباء، وزن 4 - 5 طن، عمر > 5 سنوات",15
87045200100,"سيارات لنقل البضائع (بنزين وكهرباء) وزن > 5 طن، عمر <= 5 سنوات (غ. م.ك)",0
87045200200,"سيارات لنقل البضائع مصفحة (بنزين وكهرباء) وزن > 5 طن، عمر <= 5 سنوات (غ.م.ك)",0
87045200300,"سيارات لنقل البضائع مصفحة (بنزين وكهرباء) وزن > 5 طن، عمر > 5 سنوات (غ.م.ك)",0
87045200900,"سيارات لنقل البضائع (بنزين وكهرباء) وزن > 5 طن، عمر > 5 سنوات (غ.م.ك)",0
87046010100,سيارات مصفحة مصممة لتعمل كليا على الكهرباء وتستخدم مصدر طاقة آخر لتوليدها,0
87046010900,السيارات المصممة لتعمل كليا على الكهرباء وتستخدم مصدر طاقة آخر لتوليدها (غ. م.ك),0
87046090100,السيارات المصفحة مصممة لتعمل كليا على الكهرباء عدا التي تستخدم مصدر طاقة اخر لتوليدها,0
87046090900,السيارات المصممة لتعمل كليا على الكهرباء عدا التي تستخدم مصدر طاقة اخر لتوليدها (غ. م.ك),0
87049010000,"المركبات الكلاسيكية والمركبات التراثية بمحركات بنزين, بوزن إجمالي قائم > 5 طن (غ. م.ك)",0
87049090119,سيارات لنقل البضائع مضى على صنعها اقل أو يساوي 5 سنوات (غ.م.ك),0
87049090200,سيارات لنقل البضائع مصفحة مضى على صنعها اقل أو يساوي 5 سنوات (غ.م.ك),0
87049090300,سيارات لنقل البضائع مصفحة مضى على صنعها أكثر من 5 سنوات (غ. م.ك),0
87049090999,سيارات لنقل البضائع مضى على صنعها أكثر من 5 سنوات (غ. م.ك),0
87051010100,"سيارات رافعة تعمل بالبنزين، مضى على صنعها 5 سنوات أو أقل",5
87051010900,سيارات رافعة تعمل بالبنزين مضى على صنعها أكثر من 5 سنوات,5
87051020100,"سيارات رافعة ذات محركات هجينة، مضى على صنعها 5 سنوات أو أقل",5
87051020900,"سيارات رافعة ذات محركات هجينة، مضى على صنعها أكثر من 5 سنوات",5
87051030100,سيارات رافعة مصممة لتعمل كليا على الكهرباء وتستخدم مصدر طاقة آخر لتوليدها,5
87051030900,سيارات رافعة مصممة لتعمل كليا على الكهرباء عدا التي تستخدم مصدر طاقة آخر لتوليدها,5
87051090100,"سيارات رافعة تعمل بمحرك ديزل أو نصف ديزل، مضى على صنعها 5 سنوات أو أقل",5
87051090900,"سيارات رافعة تعمل بمحرك ديزل أو نصف ديزل، مضى على صنعها أكثر من 5 سنوات",5
87052010100,"سيارات ""دريك"" للحفر أو السبر تعمل بالبنزين، مضى على صنعها 5 سنوات أو أقل",0
87052010900,"سيارات ""دريك"" للحفر أو السبر تعمل بالبنزين، مضى على صنعها أكثر من 5 سنوات",0
87052020100,"سيارات ""دريك"" للحفر أو السبر ذات محركات هجينة مضى على صنعها 5 سنوات أو أقل",0
87052020900,"سيارات ""دريك"" للحفر أو السبر ذات محركات هجينة مضى على صنعها أكثر من 5 سنوات",0
87052030100,"سيارات ""دريك"" للحفر أو السبر مصممة لتعمل كليا على الكهرباء وتستخدم مصدر طاقة آخر لتوليدها",0
87052030900,"سيارات ""دريك"" للحفر أو السبر مصممة لتعمل كليا على الكهرباء عدا التي تستخدم مصدر طاقة آخر لتوليدها",0
87052090100,"سيارات ""دريك"" للحفر أو السبر تعمل بمحرك ديزل أو نصف ديزل مضى على صنعها 5 سنوات أو أقل",0
87052090900,"سيارات ""دريك"" للحفر أو السبر تعمل بمحرك ديزل أو نصف ديزل، مضى على صنعها أكثر من 5 سنوات",0
87053010100,"سيارات إطفاء الحرائق تعمل بالبنزين، مضى على صنعها 5 سنوات أو أقل",0
87053010900,سيارات إطفاء الحرائق تعمل بالبنزين مضى على صنعها أكثر من 5 سنوات,0
87053020100,"سيارات إطفاء الحرائق ذات محركات هجينة، مضى على صنعها 5 سنوات أو أقل",0
87053020900,"سيارات إطفاء الحرائق ذات محركات هجينة، مضى على صنعها أكثر من 5 سنوات",0
87053030100,سيارات إطفاء الحرائق مصممة لتعمل كليا على الكهرباء وتستخدم مصدر طاقة آخر لتوليدها,0
87053030900,سيارات إطفاء الحرائق مصممة لتعمل كليا على الكهرباء عدا التي تستخدم مصدر طاقة آخر لتوليدها,0
87053090100,سيارات إطفاء الحرائق تعمل بمحرك ديزل أو نصف ديزل مضى على صنعها 5 سنوات أو أقل,0
87053090900,"سيارات إطفاء الحرائق تعمل بمحرك ديزل أو نصف ديزل، مضى على صنعها أكثر من 5 سنوات",0
87054010100,سيارات خلط الخرسانة تعمل كليا على الكهرباء وتستخدم مصدر طاقة آخر لتوليدها,0
87054010900,سيارات خلط الخرسانة تعمل كليا على الكهرباء عدا التي تستخدم مصدر طاقة آخر لتوليدها,0
87054020100,"سيارات خلط الخرسانة تعمل بالبنزين، مضى على صنعها 5 سنوات أو أقل",0
87054020900,سيارات خلط الخرسانة تعمل بالبنزين مضى على صنعها أكثر من 5 سنوات,0
87054030100,"سيارات خلط الخرسانة ذات محركات هجينة، مضى على صنعها 5 سنوات أو أقل",0
87054030900,"سيارات خلط الخرسانة ذات محركات هجينة، مضى على صنعها أكثر من 5 سنوات",0
87054090100,سيارات خلط الخرسانة تعمل بمحرك ديزل أو نصف ديزل مضى على صنعها 5 سنوات أو اقل,0
87054090900,"سيارات خلط الخرسانة تعمل بمحرك ديزل أو نصف ديزل، مضى على صنعها أكثر من 5 سنوات",0
87059010100,سيارات رش وكنس الطرق تصوير اشعة أو لجرف الثلج أو عيادات متنقلة مضى على صنعها <= 5 سنوات,0
87059010900,"سيارات رش وكنس الطرق, تصوير اشعة أو لجرف الثلج أو عيادات متنقلة مضى على صنعها > 5 سنوات",0
87059090110,سيارات مزودة بمعدات تسخين لنشر القطران على الطرق مضى على صنعها <= 5 سنوات,5
87059090190,سيارات مزودة بمعدات تسخين لنشر القطران على الطرق مضى على صنعها > 5 سنوات,5
87059090200,سيارات لإستعمالات خاصة مصفحة غير معدة لنقل الاشخاص أو البضائع مضى على صنعها <= 5 سنوات,5
87059090300,سيارات لإستعمالات خاصة مصفحة غير معدة لنقل الاشخاص أو البضائع مضى على صنعها > 5 سنوات,5
87059090910,سيارات لإستعمالات خاصة غير معدة لنقل الاشخاص أو البضائع مضى على صنعها <= 5 سنوات,5
87059090990,"سيارات لإستعمالات خاصة, غير معدة لنقل الاشخاص أو البضائع مضى على صنعها > 5 سنوات",5
87060010000,هياكل (شاسيهات بمحركات للجرارات الداخلة بالبند 8701,5
87060020000,هياكل بمحركات للعربات الخاضعة للبنود 8702-8705 المستوردة من المصانع المرخصة لهذه الصناعة,0
87060090000,هياكل (شاسيهات) بمحركات للسيارات الداخلة بالبند 8702 أو 8703 أو 8704 أو 8705,5
87071010000,أبدان للسيارات (8703) بما في ذلك غرف القيادة المستورد من قبل المصانع المرخصة كمدخلات إنتاج,5
87071090000,"أبدان للسيارات الداخلة بالبند 8703, بما في ذلك غرف القيادة (غ.م.ك)",5
87079000000,أبدان للمركبات الداخلة بالبند 8701 و 8702 أو 8704 أو 8705 بما في ذلك غرف القيادة,5
87081010000,واقيات الصدمات وأجزاؤها (8701-8705) المستوردة للمصانع كمدخلات انتاج,0
87081090000,واقيات الصدمات وأجزاؤها للسيارات الداخلة في البنود من 8701 الى 8705 (ع.م.ك),5
87082100000,أحزمة الأمان لأبدان السيارات الداخلة بالبنود من 8701 الى 8705,0
87082210000,زجاج أمامي ونوافذ خلفية وأخر محددة مستوردة من قبل المصانع المرخصة كمدخلات انتاج,0
87082290000,زجاج أمامي ونوافذ خلفية وأخر محددة عدا المستورد من قبل المصانع المرخصة كمدخل انتاج,5
87082910000,أجزاء و لوازم آخر الأبدان (8701-8705) المستوردة للمصانع كمدخلات انتاج,0
87082990000,أجزاء ولوازم أخر الأبدان السيارات الداخلة في البنود من 8701 الى 8705 (غ.م.ك),5
87083010000,مكابح (فرامل ومكابح مساعدة) وأجزاؤها (8701-8705) المستوردة كمدخلات انتاج,0
87083090000,مكابح (فرامل) ومكابح مساعدة (فرامل سيرفو وأجزاؤها الأصناف البنود من 8701 إلى 8705 (غ.م.ك),5
87084010000,علب تعديل سرعة ( جيربوكس) واجزائها للمركبات من 8701 لغاية 8705 مستوردة من قبل تجميع المركبات,0
87084090000,علب تعديل السرعة (جير بوكس) واجزائها للمركبات الداخلة بالبنود من 8701 ولغاية 8705 (غ. م.ك),5
87085010000,محاور دافعة ذات تركيبات مغيرة للسرعة للسيارات (8701-8705) مستوردة من قبل المصانع,0
87085090000,محاور دافعة ذات تركيبات مغيرة للسرعة واجزائها للسيارات الداخلة بالبنود من 8701 إلى 8705 (غ. م.ك),5
87087010000,دواليب وأجزاؤها ولوازمها للسيارات (8701-8705) مستوردة للمصانع كمدخلات انتاج,0
87087090000,دواليب (عجلات) وأجزاؤها ولوازمها للسيارات الداخلة بالبنود من 8701 الى 8705 (غ.م.ك),5
87088010000,انظمة تعليق واجزائها بما فيها ماصات صدمات لسيارات (8701-8705) مستوردة كمدخلات انتاج,0
87088090000,انظمة تعليق واجزائها بما فيها ماصات صدمات للسيارات الداخلة بالبنود من 8701 الى 8705 (غ.م.ك),5
87089100000,مبردات حرارة بالماء ( راديترات) واجزائها للسيارات الداخلة بالبنود من 8701 الى 8705,5
87089200100,هيدرز مضخم صوت اكزوزت,5
87089200900,كاتمات صوت ومواسير عادم وأجزاؤها للسيارات الداخلة في البنود من 8701 الى 8705 (غ.م.ك),5
87089300000,معشقات (كلتشات) وأجزاؤها للسيارات الداخلة في البنود من 8701 الى 8705,5
87089410000,طارات وأعمدة القيادة للسيارات (8701-8705) المستوردة للمصانع,0
87089490000,طارات وأعمدة القيادة وعلب التوجيه للسيارات الداخلة بالبنود من 8701 إلى 8705 (غ. م.ك),5
87089500000,اكياس هوائية للسلامة مع نظام النفخ واجزاؤها للسيارات الداخلة في البنود من 8701 الى 8705,0
87089910000,مسكوبات حديدية بأشكال أولية كقطع غيار وتحتاج لصقل وتجليخ لأصناف البنود من 8701 إلى 8705,0
87089921000,الجنازير المعدة للجرارات البند 8701 المستوردة للمصانع كمستلزمات انتاج لاستخداماتها الخاصة,0
87089929000,الجنازير المعدة للجرارات الداخلة بالبند 8701 (غ.م.ك),5
87089940000,صنية ربط القاطرة بنصف مقطورة ولوازمها مستوردة من قبل المصانع المرخصة لصناعة مقطورات,0
87089990000,أجزاء ولوازم للسيارات الداخلة في البنود من 8701 الى 8705 (غ.م.ك),5
87091100000,"عربات ذاتية الدفع غير مزودة بأجهزة رفع .. وعربات جرارة على الأرصفة، كهربائية",5
87091900000,عربات ذاتية الدفع غير مزودة بأجهزة رفع .. وعربات جرارة على الأرصفة (غ. م.ك),5
87099000000,أجزاء للعربات الداخلة بالبند 8709,0
87100000000,"دبابات ومركبات حربية مدرعة أخر ذات محركات, وإن كانت مسلحة وأجزاؤها",5
87111010000,دراجات نارية ( موتورسيكل) <= 50 سم3 تقاد باليدين للمقعدين,0
87111020000,دراجات نارية ( موتورسيكل) <= 50 سم3 من فئة (سكوتر),0
87111090000,دراجات نارية ( موتورسيكل) <= 50 سم3 (غ. م.ك),15
87112010000,"دراجات نارية ""موتوسيكل"" > 50 و <= 250 سم3 تقاد باليدين للمقعدين",0
87112020000,"دراجات نارية ""موتوسيكل"" > 50 و <= 155 سم3 من فئة (سكوتر)",0
87112090000,دراجات نارية (موتورسيكل) > 50 و <= 250 سم3 (غ.م.ك),15
87113010000,"دراجات نارية ""موتوسيكل"" > 250 و <= 500 سم3 تقاد باليدين للمقعدين",5
87113090000,دراجات نارية (موتورسيكل) > 250 و <= 500 سم3 (غ.م.ك),15
87114010000,"دراجات نارية ""موتورسيكل"" > 500 و <= 800 سم3 تقاد باليدين للمقعدين",5
87114090000,"دراجات نارية ""موتورسيكل"" > 500 و <= 800 سم3 (غ. م.ك)",15
87115010000,"دراجات نارية ""موتورسيكل"" > 800 سم3 تقاد باليدين للمقعدين",5
87115090000,"دراجات نارية ""موتورسيكل"" > 800 سم3 (غ.م.ك)",15
87116010000,دراجات نارية كهربائية تقاد باليدين للمقعدين,0
87116020000,"دراجات نارية ( موتورسيكل), مركبات جانبية للدراجات من فئة "" سكوتر تعمل بمحرك كهربائي الدفع",0
87116090000,دراجات نارية ( موتورسيكل) (غ. م.ك) تعمل بمحرك كهربائي للدفع,15
87119010000,"دراجات نارية ( موتورسيكل) (غ. م.ك), مركبات جانبية للدراجات تقاد باليدين للمقعدين",0
87119090000,دراجات نارية ( موتورسيكل) (غ. م.ك) مركبات جانبية للدراجات (غ. م.ك),15
87120000000,"دراجات عادية ذات عجلتين ودراجات أخر, بدون محركات",5
87131000000,مقاعد ذات عجلات وعربات أخر للمعاقين بدون دفع آلي,0
87139000000,مقاعد ذات عجلات وعربات أخر للمعاقين بدفع آلي,0
87141010000,أجزاء ولوازم للدراجات النارية المستورد من قبل المصانع المرخصة لتجميع وتصنيع الدراجات,0
87141090000,أجزاء ولوازم للدراجات النارية (بما في ذلك الدرجات العادية بمحركات ثابتة) (غ.م.ك),5
87142000000,أجزاء ولوازم للمقاعد ذات العجلات أو العربات الآخر للمعاقين,0
87149100000,أطر وأذرع شوكية وأجزاؤها للدراجات الداخلة في البند 8712,5
87149200000,أطواق وأسياخ عجلات للدراجات الداخلة في البند 8712,5
87149300000,"مراكز أو محاور عجلات, وطارات مسننة للعجلات الطليقة للدراجات الداخلة في البند 8712",5
87149400000,مكابح ( فرامل) وأجزاؤها للدراجات الداخلة بالبند 8712,5
87149500000,مقاعد (سروج) للدراجات الداخلة في البند 8712,5
87149600000,بدالات (دواسات) وأذرع تدوير وأجزاؤها للدراجات الداخلة في البند 8712,5
87149900000,أجزاء ولوازم للدراجات الداخلة في البند 8712 (غ. م.ك),5
87150020000,الاجزاء لعربات نقل الأطفال المستوردة من قبل المصانع كمدخلات انتاج,0
87150090000,عربات لنقل الاطفال و اجزاؤها (غ. م.ك),25
87161000000,مقطورات وأنصاف مقطورات من طراز القافلات ( كرافانات للسكن أو للتخييم),25
87162010000,مقطورات وأنصاف مقطورات ذاتية التحميل أو التفريغ ذات دولابين خلفيين للجرارات الزراعية,0
87162090000,مقطورات وأنصاف مقطورات ذاتية التحميل أو التفريغ للأغراض الزراعية (غ.م.ك),25
87163100000,مقطورات وأنصاف مقطورات أخر لنقل البضائع بشكل صهاريج,25
87163910000,أنصاف مقطورات لنقل البضائع ( عدا الصهاريج),0
87163990000,مقطورات لنقل البضائع ( عدا الصهاريج),15
87164010000,أنصاف مقطورات أخر (غ. م.ك),0
87164090000,مقطورات أخر (غ. م.ك),15
87168000000,عربات أخر غير آلية الدفع,25
87169011000,طابات هواء المستورد من قبل المصانع كمدخلات انتاج للمقطورات وانصاف المقطورات,0
87169019000,طابات هواء (غ.م.ك),15
87169020000,"مكابح ( فرامل ) ومكابح مساعدة ( فرامل سيرفو )، وأجزاؤها",15
87169030000,"غيرها، المستورد من قبل المصانع كمدخلات أو مستلزمات انتاج لإستخداماتها الخاصة",0
87169090000,أجزاء للأصناف الداخلة بالبند 8716 (غ.م.ك),25
88010000000,بالونات ومناطيد مسيرة طائرات شراعية واشرعة طائرة .. ومركبات جوية أخر غير مصممة للدفع بقوة المحرك,5
88021100000,طائرات عمودية ( هليوكبتر) وزنها فارغة <= 2000 كغم,0
88021200000,طائرات عمودية ( هليوكبتر) وزنها فارغة > 2000 كغم,0
88022000000,"طائرات عادية ومركبات جوية أخر, وزنها وهي فارغة <= 2000 كغم",0
88023000000,"طائرات عادية ومركبات جوية أخر, وزنها وهي فارغة > 2000 كغم و <= 15000 كغم",0
88024000000,"طائرات عادية ومركبات جوية أخر, وزنها وهي فارغة > 15000 كغم",0
88026000000,مركبات فضائية بما في ذلك الأقمار الصناعية وعربات إطلاق المركبات الفضائية أو المدارية,0
88040000000,"مظلات هبوط (باراشوت) (بما فيها المظلات المسيرة ومظلات المنحدرات و روتوشوت, وأجزاؤها ولوازمها",5
88051000000,أجهزة إطلاق المركبات الجوية وأجهزة لهبوطها على ظهر السفن وتجهيزات مماثلة وأجزاؤها,5
88052100000,اجهزة تشبيهية تدريبية للمعارك الجوية واجزائها,0
88052900000,"أجهزة إطلاق المركبات الجوية وأجهزة الهبوطها على ظهر السفن وتجهيزات مماثلة, وأجزاؤها (غ.م.ك)",0
88061000000,"طائرات بدون طيار ، مصممة لنقل الركاب",0
88062110000,"طائرات بدون طيار غيرها ، للطيران بالتحكم عن بعد فقط لا يتجاوز الحد الأقصى للوزن عند الاقلاع 250 غم ، مزودة بكاميرات تلفزيونية",5
88062190000,"طائرات بدون طيار غيرها ، للطيران بالتحكم عن بعد فقط لا يتجاوز الحد الأقصى للوزن عند الاقلاع 250 غم (غ. م.ك)",0
88062210000,"طائرات بدون طيار يتجاوز الحد الأقصى للوزن عند الاقلاع 250 غم ولا يزيد عن 7 كغم ، مزودة بكاميرات تلفزيونية",5
88062290000,طائرات بدون طيار غيرها للطيران بالتحكم عن بعد فقط يتجاوز الحد الأقصى للوزن عند الاقلاع 250 غم ولا يزيد عن 7 كغم (ع.م.ك),0
88062310000,"طائرات بدون طيار غيرها ، للطيران بالتحكم عن بعد فقط يتجاوز الحد الأقصى للوزن عند الاقلاع 7 كغم ولا يزيد عن 25 كغم ، مزودة بكاميرات تلفزيونية",5
88062390000,"طائرات بدون طيار غيرها، للطيران بالتحكم عن بعد فقط يتجاوز الحد الأقصى للوزن عند الاقلاع 7 كغم ولا يزيد عن 25 كغم (غ.م.ك)",0
88062410000,"طائرات بدون طيار للطيران بالتحكم عن بعد فقط يتجاوز الحد الأقصى للوزن عند الاقلاع 25 كغم ولا يزيد عن 150 كغم، مزودة بكاميرات تلفزيونية",5
88062490000,طائرات بدون طيار للطيران بالتحكم عن بعد فقط يتجاوز الحد الأقصى للوزن عند الاقلاع 25 كغم ولا يزيد عن 150 كغم (غ.م.ك),0
88062910000,طائرات بدون طيار للطيران بالتحكم عن بعد فقط مزودة بكاميرات تلفزيونية (غ. م.ك),5
88062990000,طائرات بدون طيار للطيران بالتحكم عن بعد فقط (غ.م.ك),0
88069110000,"غيرها ، طائرات بدون طيار لا يتجاوز الحد الأقصى للوزن عند الاقلاع 250 غم ، مزودة بكاميرات تلفزيونية",5
88069190000,"غيرها ، طائرات بدون طيار لا يتجاوز الحد الأقصى للوزن عند الاقلاع 250 غم (غ. م.ك)",0
88069210000,"غيرها ، طائرات بدون طيار يتجاوز الحد الأقصى للوزن عند الاقلاع 250 غم ولا يزيد عن 7 كغم، مزودة بكاميرات تلفزيونية",5
88069290000,"غيرها ، طائرات بدون طيار يتجاوز الحد الأقصى للوزن عند الاقلاع 250 غم ولا يزيد عن 7 كغم (غ. م.ك)",0
88069310000,"غيرها ، طائرات بدون طيار يتجاوز الحد الأقصى للوزن عند الاقلاع 7 كغم ولا يزيد عن 25 كغم، مزودة بكاميرات تلفزيونية",5
88069390000,"غيرها ، طائرات بدون طيار يتجاوز الحد الأقصى للوزن عند الاقلاع 7 كغم ولا يزيد عن 25 كغم (غ. م.ك)",0
88069410000,"غيرها ، طائرات بدون طيار يتجاوز الحد الأقصى للوزن عند الاقلاع 25 كغم ولا يزيد عن 150 كغم، مزودة بكاميرات تلفزيونية",5
88069490000,"غيرها ، طائرات بدون طيار يتجاوز الحد الأقصى للوزن عند الاقلاع 25 كغم ولا يزيد عن 150 كغم (غ.م.ك)",0
88069910000,طائرات بدون طيار مزودة بكاميرات تلفزيونية (غ.م.ك),5
88069990000,طائرات بدون طيار (غ. م.ك),0
88071000100,مراوح وأدوات دوارة وأجزاؤها,5
88071000900,غيرها من مراوح وأدوات دوارة وأجزاؤها,5
88072000000,مجموعة الهبوط واجزاؤها,5
88073000100,أجزاء آخر للطائرات بدون طيار,5
88073000900,أجزاء أخر للطائرات العادية أو الطائرات العامودية,5
88079000000,أجزاء الاصناف الداخلة في البنود 88.01 أو 88.02 أو 88.06 (ع.م.ك),5
89011000000,"سفن وبواخر رحلات وسفن مماثلة معدة بصفة رئيسية لنقل الأشخاص, ومعديات من جميع الأنواع 39",0
89012000000,سفن صهاريج 40,0
89013000000,سفن برادات ( عدا الداخلة في البند الفرعي 8901.20) 41,0
89019000000,سفن أخر لنقل البضائع وسفن أخر لنقل الاشخاص والبضائع معا (غ. م.ك) 42,0
89020000000,سفن صيد وسفن مصانع وسفن أخر لمعالجة منتجات الصيد أو حفظها 43,0
89031100000,"قوارب قابلة للنفخ بما فيها ذات الهياكل الصلبة مزودة أو مصممة ليتم تزويدها بمحرك، لا يتجاوز وزنها الصافي بدون حمولة ( عدا المحرك) 100 كغم 44",5
89031200000,قوارب قابلة للنفخ (بما فيها ذات الهياكل الصلبة غير مصممة للاستعمال مع محرك ولا يتجاوز وزنها الصافي بدون حمولة 100 كغم 45,5
89031900000,قوارب قابلة للنفخ بما فيها ذات الهياكل الصلبة) (غ. م.ك) 46,5
89032100000,"قوارب شراعية ، غير تلك القابلة للنفخ ، وإن كانت مزودة بمحرك مساعد بطول لا يتجاوز 7.5 متر 47",5
89032200000,"قوارب شراعية ، غير تلك القابلة للنفخ ، وإن كانت مزودة بمحرك مساعد بطول يتجاوز 7.5 متر ولا يزيد عن 24 متر 48",5
89032300000,"قوارب شراعية ، غير تلك القابلة للنفخ ، وإن كانت مزودة بمحرك مساعد بطول يتجاوز 24 متر 49",5
89033100000,"قوارب بمحركات ، غير تلك القابلة للنفخ ، عدا القوارب ذات المحرك الخارجي (غير الثابت ) بطول لا يتجاوز 7.5 متر 50",5
89033200000,"قوارب بمحركات ، غير تلك القابلة للنفخ ، عدا القوارب ذات المحرك الخارجي (غير الثابت ) بطول يتجاوز 7.5 متر ولا يزيد عن 24 متر 51",5
89033300000,"قوارب بمحركات ، غير تلك القابلة للنفخ ، عدا القوارب ذات المحرك الخارجي (غير الثابت ) بطول يتجاوز 24 متر 52",5
89039300000,"يخوت وزوارق أخر للنزهة أو الرياضة؛ قوارب التجديف وزوارق خفيفة ""كانو"" بطول لا يتجاوز 7.5 متر (غ.م.ك) 53",5
89039900000,يخوت و زوارق أخر للنزهة أو الرياضة وقوارب التجديف و زوارق خفيفة (كانو ) . (غ. م.ك) 54,5
89040000000,سفن قاطرة وسفن دافعة 55,0
89051000000,سفن جارفة أو كاسحة (كراكات) 56,0
89052000000,أرصفة عائمة أو غاطسة للحفر أو للإنتاج 57,0
89059000000,"سفن إرشاد ضوئي وسفن إطفاء الحرائق وروافع عائمة وسفن أخر الملاحة فيها ثانوية, أحواض سفن عائمة 58",0
89061000000,سفن حربية 59,0
89069000000,سفن أخر وقوارب النجاه عدا قوارب التجديف (غ.م.ك) 60,0
89071000000,طوافات قابلة للنفخ 61,0
89079000000,منشآت عائمة أخر مثل خزانات وصناديق غاطسة لإرساء أساس الجسور ومنصات الإرساء.. والمنارات (غ. م.ك) 62,0
89080000000,سفن ومنشآت عائمة أخر قيد التفكيك والتحطيم 63,5
90011010000,ألياف بصرية وحزم.. عدا الكابلات الداخلة في البند 8544 مستوردة كمستلزمات لاستخداماتها الخاصة,0
90011090000,ألياف بصرية وحزم وكابلات من ألياف بصرية ( عدا الكابلات الداخلة في البند 8544) (غ. م.ك),5
90012000000,ألواح وصفائح من مواد مستقطبة,5
90013000100,عدسات لاصقة طبية,5
90013000900,عدسات لاصقة ( عدا الطبية),5
90014000100,عدسات طبية للنظارات من زجاج غير مركبة,5
90014000900,عدسات غير طبية للنظارات من زجاج غير مركبة,5
90015010100,"عدسات طبية للنظارات من مواد أخر عدا الزجاج, غير مركبة المستورد من قبل المصانع كمدخلات انتاج",0
90015010900,"عدسات للنظارات من مواد أخر, عدا الزجاج, غير مركبة (غ. م. ك ) المستورد من قبل المصانع كمدخلات انتاج",0
90015090100,"عدسات طبية للنظارات من مواد أخر عدا الزجاج, غير مركبة, (غ. م.ك)",5
90015090900,"عدسات للنظارات من مواد أخر عدا الزجاج, غير مركبة, (غ. م.ك)",5
90019000000,"مواشير ومرايا وغيرها من عناصر بصرية من اية مادة غير مركبة, عدا المصنوعة من زجاج غير مشغول بصريا",5
90021100000,عدسات مركبة لتكبير أو تصغير الصور لأجهزة التقاط الصور أو لأجهزة عرض الصور أو للأجهزة الفوتوغرافية,5
90021900000,عدسات للمرئيات مركبة من أي مادة كانت عدا ما كان منها من زجاج غير مشغول بصريا,5
90022000000,مصافي مركبة من عناصر بصرية من أية مادة كانت عدا ما كان منها من زجاج غير مشغول بصريا,5
90029000000,عدسات ومواشير ومرايا وغيرها من عناصر بصرية من أي مادة مركبة تشكل أجزاء للأدوات (غ. م.ك),5
90031100000,ركائب للنظارات وأطر وركائب لأصناف مماثلة من لدائن,5
90031900000,ركائب للنظارات وأطر وركائب لأصناف مماثلة من مواد اخر (غ. م.ك),5
90039010000,أجزاء الأطر للنظارات المستوردة من قبل مصانع النظارات كمدخلات انتاج,0
90039090000,أجزاء أطر وركائب للنظارات أو للأصناف المماثلة (غ.م.ك),5
90041000000,نظارات شمسية,5
90049000100,نظارات واقية,5
90049000900,"نظارات مصححة أو غيرها، وما يماثلها",5
90051000000,مناظير مقربة مزدوجة العين,5
90058000000,"مناظير فلكية وغيرها من المناظير البصرية وقواعدها ؛ أجهزة فلكية أخر عدا اللاسلكية (بالراديو), (غ.م.ك)",5
90059000000,"أجزاء مناظير وأجهزة فلكية ومناظير بصرية أخر, بما فيها القواعد (غ.م.ك)",5
90063000000,"أجهزة للتصوير تحت الماء أو للتصوير الجوي, أو الفحص الطبي... أجهزة التصوير للطب الشرعي.. علم الجريمة",5
90064010000,أجهزة تصوير الأشخاص فوتوغرافيا ذات التظهير والطبع الفوري,5
90064090000,أجهزة التصوير ذات التظهير والطبع الفوري (غ.م.ك),5
90065310000,"أجهزة تصوير الأشخاص فوتوغرافيا, تعمل بأفلام بشكل لفات عرضها = 35 مم (غ.م.ك)",5
90065320000,أجهزة تصوير مستعملة لتسجيل المستندات على أفلام أو بطاقات مصغرة أو على أشكال مصغرة أخر بشكل لفات 35,5
90065390000,"أجهزة تصوير فوتوغرافي, تعمل بأفلام بشكل لفات عرضها = 35 مم (غ.م.ك)",5
90065910000,أجهزة تصوير الأشخاص فوتوغرافيا (غ.م.ك),5
90065920000,أجهزة تصوير مستعملة لتسجيل المستندات على أفلام أو بطاقات مصغرة أو على أشكال مصغرة أخر (غ. م.ك),5
90065930000,أجهزة التصوير من الأنواع المستعملة لتحضير كليشيهات أو اسطوانات الطباعة,5
90065990000,أجهزة تصوير فوتوغرافي أخر (غ.م.ك),5
90066100000,"أجهزة إحداث الضوء الخاطف للتصوير الفوتوغرافي, تعمل بأنابيب تفريغ (فلاش الكتروني)",5
90066900000,أجهزة إحداث الضوء الخاطف للتصوير الفوتوغرافي (غ. م.ك),5
90069100000,أجزاء ولوازم لأجهزة التصوير الفوتوغرافي,5
90069900000,أجزاء ولوازم الأجهزة إحداث الضوء الخاطف للتصوير الفوتوغرافي,5
90071010000,أجهزة تصوير (كاميرات) سينمائية الأفلام عرضها < 16 مم أو لأفلام 8 مم مزدوجة,5
90071090000,أجهزة تصوير (كاميرات) سينمائية (غ. م.ك),5
90072010000,أجهزة عرض سينمائية لأفلام عرضها 16 مم,5
90072090000,أجهزة عرض سينمائية (غ. م.ك),5
90079100000,أجزاء ولوازم لأجهزة التصوير السينمائي,5
90079200000,اجزاء ولوازم لأجهزة العرض السينمائي,5
90085010000,"قارئات أفلام أو بطاقات مصغرة أو غيرها من الأفلام المصغرة, وإن كانت قادرة على الإستنساخ",5
90085090000,أجهزة عرض صور ... أجهزة فوتوغرافية ( عدا السينمائية للتكبير أو التصغير (غ.م.ك),5
90089000000,"أجزاء ولوازم لأجهزة عرض الصور غير المتحركة, وللأجهزة الفوتوغرافية للتكبير أو التصغير (غ. م.ك)",5
90101010000,أجهزة ومعدات للورق الفوتوغرافي وأجهزة طبع آلي لافلام مستوردة كمستلزم لاستخدامها الخاص,0
90101090000,أجهزة وتظهير الي للورق لفات أو أفلام الفوتوغرافي.. وأجهزة طبع آلي لافلام مظهرة .. (غ. م.ك),5
90105000000,أجهزة ومعدات أخر لمختبرات التصوير الفوتوغرافي.. وشاشات مضيئة لفحص صور الأشعة السلبية (غ. م. ك),5
90106000000,شاشات عرض (Projection screens),5
90109000000,أجزاء ولوازم للأجهزة والمعدات الداخلة بالبند 9010,5
90111010000,مجاهر بصرية مجسمة مجهزة بمعدات مصصمة خصيصا المناولة ونقل الرقاقات شبه الموصلة,0
90111090000,مجاهر مجسمة ستريوسكوبية) بصرية (غ. م.ك),5
90112010000,مجاهر للتصوير المجهري بصرية مجهزة بمعدات مصممة خصيصا لمناولة ونقل الرقاقات شبه الموصلة,0
90112090000,"مجاهر أخر للتصوير السينمائي الدقيق أو السينمائي, ومجاهر عرض صور, بصرية (غ.م.ك)",5
90118000000,مجاهر بصرية آخر (غ. م.ك),5
90119010000,أجزاء ولوازم لأجهزة البند الفرعي 9011.101,0
90119020000,أجزاء ولوازم لأجهزة البند الفرعي 9011.201,0
90119090000,"أجزاء ولوازم المجاهر البصرية الداخلة بالبند 9011,(غ. م.ك)",5
90121010000,مجاهر حزم الكترونية مجهزة بمعدات مصممة خصيصا المناولة ونقل الرقاقات شبه الموصلة ... ( عدا البصرية,0
90121090000,مجاهر (غ. م.ك) وأجهزة إنحراف ( ديفراكتوغراف),5
90129010000,أجزاء ولوازم لأجهزة البند الفرعي 9012.101,0
90129090000,"أجزاء ولوازم للمجاهر غير البصرية, ولأجهزة الإنحراف ديفراكتوغراف) (غ. م.ك)",5
90131000000,مناظير تحديد الأهداف للأسلحة ومناظير الافق ومناظير مصممة للآلات وأجهزة هذا الفصل أو القسم 16,5
90132000000,"أجهزة ليزر, عدا الصمامات الثنائية لليزر",5
90138010000,أدوات عرض منبسطة (غ. م.ك),0
90138090000,أدوات الكريستال السائل لا تشمل أصناف مشمولة في بنود أخر أكثر تخصيص أدوات وأجهزة بصرية أخر,5
90139010000,أجزاء ولوازم لأجهزة البند الفرعي 9013.801,0
90139090000,أجزاء ولوازم الأدوات والأجهزة الداخلة للبند 9013 (غ.م.ك),5
90141000000,بوصلات بما فيها بوصلات الملاحه,5
90142000000,أجهزة وأدوات للملاحة الجوية أو الفضائية ( عدا البوصلات),5
90148000000,"أجهزة وأدوات أخر للملاحة, (غ.م.ك)",5
90149000000,أجزاء ولوازم للبوصلات ولأجهزة وأدوات الملاحة,5
90151000000,مقاييس الأبعاد,5
90152000000,مزواة قياس الزوايا ثيودوليت) وأجهزة مسح الأرض (تاكيومتر),5
90153000000,مقاييس الإستواء,5
90154000000,أدوات وأجهزة المساحة بالتصوير الضوئي,5
90158010000,أجهزة آخر لقياس سرعة الرياح واتجاهها,5
90158090000,"أجهزة وأدوات أخر للمساحة ولعلم تخطيط المياه أو المحيطات أو .. أو طبيعة الأرض, (غ.م.ك)",5
90159000000,أجزاء ولوازم للأجهزة والأدوات الداخلة بالبند 9015,5
90160020000,موازين حساسة تبلغ حساسيتها 5 سنتغم او ادق وان كانت مزودة بصنجاتها معده للاستعمال الصناعي,0
90160090000,موازين حساسة تبلغ حساسيتها 5 سنتغم او ادق وان كانت مزودة بصنجاتها (غ.م.ك),5
90171010000,راسمات (PLOTTER),0
90171090000,طاولات وآلات رسم (غ. م.ك),5
90172010000,أجهزة إحداث أنماط من الأنواع المستخدم في انتاج الاقنعة و الشبيكات من مواد مطلية مقاومة للضوء,0
90172020000,راسمات (Plotters) للرسم أو التخطيط أو الحساب,0
90172091000,أدوات وأجهزة أخر للرسم أو التخطيط أو الحساب الاصناف غير تامة الصنع مستورد كمدخلات انتاج,0
90172099100,علب الهندسة,5
90172099900,"أدوات وأجهزة أخر للرسم أو التخطيط أو الحساب, (غ.م.ك)",5
90173020000,"ميكرومترات ومعايير ومقاييس السماكة, معدة للاستعمال الصناعي",0
90173090000,"ميكرومترات ومعايير ومقاييس السماكة, (غ.م.ك)",5
90178020110,المساطر معدة للاستعمال الصناعي,0
90178020190,"أدوات أخر لقياس الطول تستخدم باليد, معدة للاستعمال الصناعي",0
90178090910,"المساطر, (غ.م.ك)",5
90178090990,"أدوات أخر لقياس الطول تستخدم باليد, (غ.م.ك)",5
90179010000,اجزاء لاجهزة البند الفرعي 9017.201,0
90179020000,اجزاء لاجهزة احداث انماط مماثلة اخر,0
90179030000,لاجهزة البند الفرعي و 9017.209 المستورد من قبل المصانع كمدخلات انتاج,0
90179090000,أجزاء ولوازم للأدوات الداخلة بالبند 9017(غ. م.ك),5
90181100000,أجهزة تشخيص كهربائية لتخطيط القلب,0
90181200000,أجهزة تشخيص كهربائية للمسح بموجات فوق صوتية,0
90181300000,أجهزة تشخيص كهربائية للتصوير بالرنين المغناطيسي,0
90181400000,"أجهزة تشخيص كهربائية بالوميض الإشعاعي, (سنتيغراف)",0
90181900100,اجهزة قياس إشباع الاكسجين في هيموجلوبين الدم (Pulse Oximeters),0
90181900900,أجهزة تشخيص كهربائية طبية (غ. م.ك),0
90182000000,أجهزة أشعة فوق البنفسجية أو تحت الحمراء (طبية),0
90183100000,حقن طبية بابر او بدونها,0
90183200100,أبر حقن الأنسولين,0
90183200900,إبر أنبوبية من معدن وإبر خياطة الجروح (غ.م.ك),0
90183900100,"غيرها، إبر وأنابيب قسطرة وكانيولات أنفية",0
90183900200,إبر حقن الانسولين,0
90183900900,"غيرها، إبر وأنابيب قسطرة وكانيولات وما يماثلها ( عدا الانفية)",0
90184100000,آلات حفر الأسنان,0
90184900000,أجهزة وأدوات أخر لطب الأسنان (غ.م.ك),0
90185000000,أجهزة وأدوات أخر لطب العيون,0
90189000100,أجهزة قياس ضغط الأكسجين بالدم ومجساتها وأجهزة القلب والرئة الإصطناعية,0
90189000200,"بالونات وأجهزة لمساعدة عضلة القلب, وقساطر ووصلات طبية وأنابيب مطاطية المؤكسدات الدم",0
90189000300,أجهزة قياس ضغط الدم الكترونية,0
90189000400,سماعات الطبيب للتشخيص Stethoscope,0
90189000500,أجهزة قياس ضغط الدم غير الكترونية تحتوي على زنبق,0
90189000900,أجهزة وأدوات أخر للطب أو الجراحة أو الطب البيطري وغيرها من أجهزة الطب الكهربائية (غ.م.ك),0
90191010000,أحواض المساج وتجهيزاتها عدا الاصناف المستوردة من قبل المراكز الصحية,5
90191090000,أجهزة للعلاج الآلي أو للتدليك أو للطب النفساني (ع.م.ك),0
90192000100,أجهزة انعاش بالتنفس الاصطناعي VENTILATOR MACHINES,0
90192000200,"جهاز التنفس الصناعي ضغط إيجابي (CPAP, BIPAP, BPAP)",0
90192000300,اجهزة زيادة تركيز الاكسجين من الهواء المحيط (OXYGEN CONCENTRATORS),0
90192000400,أجهزة ترطيب الاكسجين (OXYGEN HUMIDIFIERS),0
90192000500,"ادوات لتزويد الأوكسجين (اقنعة ، وخيم اوكسجين... الخ)",0
90192000900,أجهزة علاج بالأوزون أو بالأوكسجين أو باستنشاق المواد الطبية (غ.م.ك),0
90200000100,أقنعة غاز باستثناء الأقنعة الواقية غير المزودة بأجزاء آلية أو بمصافي قابلة للاستبدال,0
90200000900,أجهزة تنفس آخر,0
90211000000,اجهزة لتقويم الاعضاء او جبر الكسور,0
90212100000,أسنان صناعية,0
90212900000,تركيبات للأسنان,0
90213100000,مفاصل اصطناعية,0
90213910000,اعضاء اصطناعية اخر للجسم عدا المفاصل الاصطناعية,0
90213990000,شبكات توسيع شرايين القلب وصمامات القلب الإصطناعية,0
90214000000,أجهزة تسهيل السمع للصم عدا الاجزاء واللوازم,0
90215000000,"منظمات نبضات القلب, عدا الاجزاء واللوازم",0
90219000100,أجهزة أخر تمسك باليد أو تحمل أو تزرع في الجسم لتعويض نقص أو عجز ( عدا منظمات القلب),0
90219000900,أجزاء ولوازم للأجهزة والأدوات الداخلة في البند 9021,0
90221200000,"أجهزة أشعة سينية للتصوير الطبقي, يتحكم بها حاسوب",0
90221300000,أجهزة أشعة سينية لاستعمالات طب الاسنان,0
90221400000,"أجهزة أشعة سينية لاستعمالات طبية أو جراحية أو للطب البيطري, (غ. م.ك)",0
90221900100,اجهزة تفتيش تعتمد على تقنية الاشعة السينية,0
90221900900,"أجهزة أشعة سينية, عدا للاستعمالات الطبية",0
90222100100,أجهزة إنذار تستخدم أشعة ألفا أو بيتا أو جاما (غ.م.ك),0
90222100900,أجهزة تستخدم أشعة ألفا أو بيتا أو جاما لاستعمالات أخر (غ. م.ك),0
90222900100,أجهزة تفتيش تعتمد على تقنية اشعة الفا او بيتا او جاما,0
90222900900,أجهزة تستخدم أشعة ألفا أو بيتا أو جاما الاستعمالات اخر (غ. م.ك),0
90223000000,أنابيب أشعة سينية,0
90229000000,مولدات أخر للأشعة السينية ومولدات الضغط العالي ولوحات للفحص أو العلاج... الاجزاء واللوازم,0
90230000000,"أجهزة وأدوات ونماذج مصممة خصيصا للشرح ( مثلا في التعليم أو المعارض, ولا تصلح لإستعمالات أخر)",5
90241020000,أجهزة لإختبار الصلابة أو المتانة أو الضغط أو المرونة أو الخواص الآلية الاخر للمعادن معدة للاستعمال الصناعي,0
90241090000,"أجهزة لإختبار الصلابة أو المتانة أو الضغط أو المرونة أو الخواص الآلية الاخر, للمعادن (غ. م.ك)",5
90248020000,أجهزة لإختبار الصلابة أو المتانة أو الضغط أو .. الخواص الآلية الآخر للمواد معدة للاستعمال الصناعي,0
90248090000,أجهزة لإختبار الصلابة أو المتانة أو الضغط أو .. الخواص الآلية الاخر للمواد (ع.م.ك),5
90249020000,أجزاء ولوازم للأجهزة الداخلة في البند 9024 والمعدة للاستعمال الصناعي,0
90249090000,أجزاء ولوازم للأجهزة الداخلة في البند 9024 (غ.م.ك),5
90251100100,أجهزة قياس الحرارة غير الكترونية تحتوي على زئبق,0
90251100900,مقاييس حرارة غير مشتركة مع أدوات أخر تحتوي على سائل للقراءة المباشرة (غ.م.ك),0
90251940100,كاميرات التصوير الحراري المعدة للاستعمال الصناعي,0
90251940200,أجهزة قياس الحرارة غير الكترونية تحتوي على زئبق مستوردة من قبل المصانع كمدخلات إنتاج أو معدة للاستعمال الصناعي,0
90251940900,"مقاييس حرارة ، غير مندمجة مع أدوات أخر (غ. م.ك) ، المستورد من قبل المصانع كمدخلات إنتاج أو معدة للاستعمال الصناعي",0
90251990100,كاميرات التصوير الحراري,5
90251990200,أجهزة قياس الحرارة غير الكترونية تحتوي على زنبق (غ.م.ك),5
90251990900,مقاييس حرارة غير مندمجة مع أدوات أخر (غ.م.ك),5
90258020100,باروميتر غير الكتروني يحتوي على زئبق معد للاستعمال الصناعي,0
90258020200,أجهزة قياس الرطوبة غير الكترونية تحتوي على زنبق,0
90258020900,أجهزة أخر معدة للاستعمال الصناعي (غ. م.ك),0
90258090100,باروميتر غير الكتروني يحتوي على زئبق (غ. م.ك),5
90258090200,أجهزة قياس الرطوبة غير الكترونية تحتوي على زئبق (غ.م.ك),5
90258090900,أجهزة أخر (غ.م.ك),5
90259020000,أجزاء ولوازم للأجهزة المعدة للاستعمال الصناعي الداخلة في البند 9025,0
90259090000,أجزاء ولوازم للأجهزة الداخلة في البند 9025 (غ. م.ك),5
90261000100,أجهزة قياس التدفق لأنظمة الإطفاء,0
90261000900,أجهزة وأدوات لقياس أو مراقبة وفحص جريان أو إرتفاع السوائل (غ.م.ك),0
90262000100,أجهزة قياس الضغط لأنظمة الإطفاء,0
90262000200,أجهزة قياس الضغط غير الكترونية تحتوي على زنبق,0
90262000900,أجهزة لقياس أو مراقبة وفحص الضغط للسوائل أو الغازات (غ.م.ك),0
90268000100,Thore Tube Flowmeter مقياس التدفق بأنبوب ثورب,0
90268000900,أجهزة وأدوات لقياس أو لمراقبة وفحص المتغيرات للسوائل أو الغازات (غ.م.ك),0
90269000000,أجزاء ولوازم للأجهزة الداخلة بالبند 9026 (غ.م.ك),0
90271010000,أجهزة تحليل الغاز أو الدخان معدة للاستعمال الصناعي,0
90271090100,كواشف حريق,5
90271090900,أجهزة تحليل الغاز أو الدخان (غ.م.ك),5
90272000000,أجهزة تحليل بالفصل الكروماتوغرافي أو بالتغيير الكهربائي للتركيز (اليكتروفوريسيز),0
90273000000,أجهزة قياس أطوال أو كثافة ألوان موجة الطيف أو لتسجيل الطيف بواسطة إشعاع بصري (فوق بنفسجي..),0
90275000000,أجهزة وأدوات أخر تستخدم الاشعاعات البصرية فوق البنفسجية أو المرئية أو تحت الحمراء),0
90278100000,أجهزة قياس أطوال موجة الطيف الكتلي ماس سبكتروميتر),0
90278910000,مقاييس فترات التعرض للضوء عدا المعدة للاستعمال الصناعي,5
90278990100,أجهزة قياس السكري المنزلي,0
90278990900,أجهزة وأدوات لقياس درجة اللزوجة أو المسامية أو التمدد أو التوتر السطحي أو ما يماثلها (غ. م.ك),0
90279020000,"أجهزة قطع عرضي للفحص المجهري (ميكروتوم), معدة للاستعمال الصناعي او المخبري",0
90279030000,اجزاء لاجهزة البند 9027 عدا اجهزة تحليل الغاز او الدخان او اجهزة الميكروتوم,0
90279040000,تجميعات دوائر (دارات مطبوعة لاجهزة البنود الفرعية 902720 ولغاية 902780),0
90279050000,أجزاء ولوازم لأصناف البند 9027 (غ. م.ك) للأجهزة المعدة للاستعمال الصناعي,0
90279090000,أجهزة قطع عرضي للفحص المجهري (ميكروتوم) (غ. م.ك) أجزاء ولوازم لأصناف البند 9027 (غ. م.ك),5
90281000000,عدادات للغازات,5
90282000000,عدادات للسوائل,5
90283000100,عدادات للكهرباء تحتوي على خاصية اتصال,5
90283000900,عدادات للكهرباء لا تحتوي على خاصية اتصال,5
90289010000,أجزاء عدادات السوائل المستوردة من قبل المصانع كمدخلات انتاج,0
90289090000,أجزاء و لوازم لعدادات الغازات أو الكهرباء,5
90291010000,عدادات دوران أو سيارات أجرة أو .. مسافات.. أو عدادات انتاج وما ماثلها معدة للاستعمال الصناعي,0
90291090000,عدادات دوران أو عدادات سيارات أجرة أو عدادات مسافات .. أو عدادات انتاج وما ماثلها (غ. م.ك),5
90292020000,مؤشرات سرعة ; وأجهزة الإبطاء الظاهري للسرعة معدة للاستعمال الصناعي,0
90292030000,"تاكومتر, تاكوغراف",0
90292090000,"مؤشرات سرعة, و أجهزة الإبطاء الظاهري للسرعة, (غ.م.ك)",5
90299000000,أجزاء ولوازم للعدادات والمؤشرات الداخلة في البند 9029,5
90301010000,أجهزة وأدوات لقياس وكشف الاشعاع المؤينة معدة للاستعمال الصناعي,0
90301090000,أجهزة وأدوات لقياس وكشف الاشعاع المؤينة (ع.م.ك),5
90302010000,أجهزة قياس أو تسجيل التغييرات السريعة للمقادير الكهربائية تعمل بالأشعة الكاثودية معدة لاستعمال صناعي,0
90302090000,أجهزة قياس أو تسجيل التغييرات السريعة للمقادير الكهربائية تعمل بالأشعة الكاثودية (غ.م.ك),5
90303110000,أجهزة قياس متعددة الأغراض بدون أداة تسجيل (ملتيمتر) معدة للاستعمال الصناعي,0
90303190000,أجهزة قياس متعددة الأغراض بدون أداة تسجيل (ملتيمتر) (غ. م.ك),5
90303210000,"أجهزة قياس متعددة الأغراض ذات أداة تسجيل, معدة للاستعمال الصناعي",0
90303290000,"أجهزة قياس متعددة الأغراض, ذات أداة تسجيل (غ. م.ك)",5
90303310000,أجهزة وأدوات قياس أو مراقبة وفحص الجهد أو الكثافة ... بدون أداة تسجيل (غ. م.ك) معدة لاستعمال صناعي,0
90303390000,أجهزة وأدوات قياس أو مراقبة وفحص الجهد أو الكثافة أو المقاومة ... بدون أداة تسجيل (غ.م.ك),5
90303910000,أجهزة وأدوات قياس أو مراقبة وفحص الجهد أو الكثافة ... ذات أداة تسجيل (غ. م.ك) معدة لاستعمال صناعي,0
90303990000,أجهزة وأدوات قياس أو مراقبة وفحص الجهد أو الكثافة ... ذات أداة تسجيل (غ.م.ك),5
90304000000,"أجهزة وأدوات أخر, مصممة خصيصاً للاتصالات السلكية واللاسلكية (مثل: مقاييس مضاعفة الصوت...)",0
90308200000,"لقياس أو فحص الرقائق "" ويفر"" أو الأدوات أشباه الموصلات بما فيها الدوائر المتكاملة )",0
90308410000,"أجهزة وأدوات فحص و قياس اخر, ذات اداة تسجيل, معدة للاستعمال الصناعي",0
90308490000,"أجهزة وأدوات فحص و قياس اخر, ذات اداة تسجيل, (غ.م.ك)",5
90308910000,أجهزة تحليل الطيف وأجهزة قياس أخر معدة للاستعمال الصناعي,0
90308990000,أجهزة تحليل الطيف وأجهزة قياس أخر (غ. م.ك),5
90309010000,اجزاء اجهزة البند الفرعي 9030.82,0
90309020000,اجزاء وادوات فحص وقياس شبه الموصلة الرقاقات والادوات,0
90309030000,"تجميعات دوائر (دارات) مطبوعة لاجهزة البنود الفرعية 9030.84, 9030.82, 9030.89",0
90309040000,أجزاء ولوازم لاصناف البند 9030 (غ. م.ك) المعدة للاستعمال الصناعي,0
90309090000,أجزاء ولوازم لاصناف البند 9030 (غ.م.ك),5
90311010000,آلات ضبط توازن الأجزاء الميكانيكية معدة للاستعمال الصناعي,0
90311090000,آلات ضبط توازن الأجزاء الميكانيكية (غ. م.ك),5
90312010000,طاولات الإختبار الآلية معدة للاستعمال الصناعي,0
90312090000,طاولات الإختبار الآلية (غ. م.ك),5
90314100000,"أجهزة وأدوات بصرية أخر, لفحص أقراص أو أدوات من أشباه موصلات أو لفحص أقنعة أو شبيكات ضوئية",0
90314910000,أدوات وأجهزة بصرية لقياس درجة تلوث أسطح الرقاقات شبه الموصلة بالجسيمات الدقيقة,0
90314920000,أجهزة قياس حدقة العين,5
90314930000,أجهزة فحص الأجسام بواسطة ظلالها الجانبية,5
90314990000,"أجهزة وأدوات بصرية أخر للقياس أو الفحص, (غ.م.ك)",5
90318010000,"أجهزة وأدوات وآلات أخر للقياس أو الفحص, معدة للاستعمال الصناعي",0
90318090000,"أجهزة وأدوات وآلات أخر للقياس أو الفحص, (غ.م.ك)",5
90319010000,اجزاء ولوازم لأجهزة البند 903141,0
90319020000,أجزاء ولوازم لأجهزة البند 9031491,0
90319090000,"أجزاء ولوازم, أجهزة وأدوات وآلات الداخلة في البند 9031 (غ. م.ك)",5
90321020000,منظمات درجات حرارة (ثرموستات المعدة للاستعمال الصناعي,0
90321030000,منظمات درجات حرارة (ثرموستات المستوردة من قبل المصانع كمدخلات انتاج,0
90321090000,منظمات درجات حرارة (ثرموستات) (غ. م.ك),5
90322020000,منظمات ضغط ( مانوستات معدة للاستعمال الصناعي,0
90322030000,منظمات ضغط ( مانوستات المستوردة من قبل المصانع كمدخلات انتاج,0
90322090000,منظمات ضغط (مانوستات ) (غ. م.ك),5
90328130000,أجهزة وأدوات أخر بالهواء المضغوط.. المعدة لاستعمال صناعي؛ مستورد من قبل مصانع كمدخل انتاج,0
90328190000,أجهزة وأدوات أخر بالهواء المضغوط للتنظيم الذاتي أو المراقبة .. (غ. م.ك),5
90328920000,انظمة التحكم في التدفئة والتبريد,5
90328930000,أجهزة وأدوات أخر للتنظيم الذاتي او .. معدة لاستعمال صناعي؛ المستورد من قبل مصانع كمدخلات انتاج,0
90328990000,أجهزة وأدوات أخر للتنظيم الذاتي او المراقبة والتحكم الذاتي (غ.م.ك).,5
90329030000,أجزاء ولوازم للأجهزة الداخلة في البند 9032 معدة للاستعمال الصناعي المستوردة.. كمدخلات انتاج,0
90329090000,أجزاء ولوازم للأصناف الداخلة في البند 9032 (غ.م.ك),5
90330000000,أجزاء ولوازم للآلات والأجهزة والأدوات الداخلة بالفصل 90 (غ.م.ك) من هذا الفصل,5
91011100000,ساعات يد تعمل كهربائيا بوسيلة إظهار آلية فقط بأغلفة من معادن ثمينة أو مكسوة بمعدن ثمين,5
91011900000,ساعات يد تعمل كهربائيا بأغلفة من معادن ثمينة أو مكسوة بمعدن ثمين (غ. م.ك),5
91012100000,ساعات يد أخر ذاتية التعبئة ( أتوماتيكيا بأغلفة من معادن ثمينة أو مكسوة بمعدن ثمين,5
91012900000,ساعات يد أخر (غ. م.ك) بأغلفة من معادن ثمينة أو مكسوة بمعدن ثمين,5
91019100000,ساعات جيب وساعات مماثلة تعمل كهربائيا باغلفة من معادن ثمينة أو مكسوة بمعدن ثمين,5
91019900000,ساعات جيب أو ساعات مماثلة (غ. م.ك) بأغلفة من معادن ثمينة أو مكسوة بمعدن ثمين,5
91021100000,ساعات يد تعمل كهربائيا بوسيلة إظهار آلية فقط عدا أصناف البند 9101,5
91021200000,ساعات يد تعمل كهربائيا فقط بوسيلة إظهار بصرية الكترونية عدا أصناف البند 9101,5
91021900000,"ساعات يد تعمل كهربائيا, بوسيلة إظهار (غ.م.ك)",5
91022100000,ساعات يد أخر ذاتية التعبئة (أتوماتيكيا) عدا أصناف البند 9101,5
91022900000,ساعات يد أخر (غ.م.ك),5
91029100000,ساعات جيب أو ساعات مماثلة تعمل كهربائيا عدا اصناف البند 9101,5
91029900000,ساعات جيب أو ساعات مماثلة (غ. م.ك),5
91031000000,ساعات ومنبهات تعمل كهربائيا بعدة حركة ساعة عدا أصناف البند 9104,5
91039000000,ساعات ومنبهات تعمل بعدة حركة ساعة (غ. م.ك),5
91040000000,ساعات لوحات القيادة و ساعات مماثلة للسيارات أو المركبات الجوية أو الفضائية أو البواخر,5
91051100000,منبهات تعمل كهربائيا بغير عدة حركة ساعة,5
91051900000,منبهات تعمل بغير عدة حركة ساعة عدا الكهربائية,5
91052100000,ساعات حائط تعمل كهربائيا بغير عدة حركة ساعة,5
91052900000,ساعات حائط تعمل بغير عدة حركة ساعة عدا العاملة كهربائيا,5
91059100000,ساعات بندول و غيرها من أصناف صناعة الساعات تعمل كهربائيا بغير عدة حركة ساعة,5
91059900000,ساعات بندول و غيرها من أصناف صناعة الساعات تعمل بغير عدة حركة ساعة ( عدا الكهربائية),5
91061000000,"ساعات ضبط وقت الدوام وساعات تسجيل الوقت والتاريخ, مزودة بعدة حركة ساعة أو بمحرك تزامني",5
91069010000,عدادات مواقف السيارات مزودة بعدة حركة ساعة أو بمحرك تزامني,5
91069090000,أجهزة تسجيل الوقت وأجهزة لقياس أو تسجيل أو تعيين فترات زمنية مزودة بعدة .. أو بمحرك تزامني (غ. م.ك),5
91070010000,مفاتيح زمنية لتحريك جهاز في وقت معين مستوردة من قبل المصانع كمدخلات انتاج,0
91070090000,مفاتيح توقيت وغيرها من أجهزة مزودة بعدة حركة .. الساعات أو بمحرك تواقت التحريك جهاز .. معين (غ. م.ك),5
91081100000,عدد حركة ساعات بوسيلة إظهار آلية فقط أو بأداة تمسح بضم وسيلة إظهار آلية كاملة ومجمعة تعمل كهربائي,5
91081200000,"عدد حركة ساعات بوسيلة إظهار بصرية الكترونية فقط, كاملة ومجمعة تعمل كهربائيا",5
91081900000,عدد حركة ساعات أخر كاملة ومجمعة تعمل كهربائيا (غ. م.ك),5
91082000000,عدد حركة ساعات ذاتية التعبئة ( أتوماتيكية) كاملة ومجمعة,5
91089000000,"عدد حركة ساعات كاملة ومجمعة, (غ. م.ك)",5
91091000000,"عدد حركة أصناف صناعة الساعات كاملة ومجمعة, عدا عدد حركة ساعات داخلة في 91.08 تعمل كهربائيا",5
91099000000,"عدد حركة أصناف صناعة الساعات كاملة و مجمعة, عدا أصناف البند 9108, والعاملة كهربائيا",5
91101100000,"عدد حركة ساعات اليد والجيب وما يماثلها, كاملة, غير مجمعة أو مجمعة جزئيا ( مجموعات لعدد الحركة)",5
91101200000,عدد حركة ساعات اليد والجيب وما يماثلها غير كاملة و مجمعة,5
91101900000,"عدد حركة ساعات اليد والجيب وما يماثلها, غير تامة الصنع",5
91109000000,"عدد حركة الساعات الكبيرة كاملة وغير مجمعة أو مجمعة جزئيا, أو غير كاملة ومجمعة أو غير تامة الصنع",5
91111000000,أغلفة من معادن ثمينة أو من معادن عادية مكسوة بمعادن ثمينة للساعات الداخلة بالبند 9101 أو 9102,5
91112000000,أغلفة من معادن عادية وإن كانت مطلية بالذهب أو الفضة للساعات الداخلة بالبند 9101 أو 9102,5
91118000000,أغلفة أخر (غ. م.ك) للساعات الداخلة بالبند 9101 أو 9102,5
91119000000,أجزاء أغلفة الساعات الداخلة بالبند 9101 أو 9102,5
91122000000,علب وصناديق لاصناف صناعة الساعات,5
91129000000,أجزاء العلب والصناديق لأصناف صناعة الساعات الداخلة في هذا الفصل,5
91131010000,أساور ساعات وأجزاؤها من ذهب,5
91131090000,أساور ساعات وأجزاؤها من معادن ثمينة عدا الذهب,5
91132000000,أساور ساعات وأجزاؤها من معادن عادية وإن كانت مطلية بالذهب أو الفضة,5
91139000000,أساور ساعات وأجزاؤها (غ.م.ك),5
91143000000,مينا لأصناف صناعة الساعات,5
91144000000,قواعد وجسور لأصناف صناعة الساعات,5
91149000000,أجزاء أخر لأصناف صناعة الساعات (غ. م.ك),5
92011000000,بيانو قائم (عمودي الأوتار),5
92012000000,بيانو بذيل (أفقي الأوتار),5
92019000000,"بيانو وتري (هاربيسكورد), وغيرها من الأدوات الموسيقية الوترية ذات المفاتيح (غ. م.ك)",5
92021000000,أدوات موسيقية وترية أخر تعزف بقوس,5
92029000000,أدوات موسيقية وترية آخر (غ.م.ك),5
92051000000,أدوات موسيقية نحاسية تعمل بالنفخ .. عدا اورغون الاستعراض (اوركستريون) و اورغون الي للشوارع,5
92059000000,أدوات موسيقية تعمل بالنفخ .. عدا اورغون الاستعراض (اوركستريون) و اورغون الي للشوارع (غ. م.ك),5
92060000000,أدوات موسيقية تعمل بالقرع,5
92071000000,أدوات موسيقية ذات مفاتيح ينبعث الصوت منها أو أو يجب تضخيمة بوسائل كهربائية عدا الأكورديون,5
92079000000,أدوات موسيقية ينبعث الصوت منها كهربائيا أو يجب تضخيمة بوسائل كهربائية (غ. م.ك),5
92081000000,علب موسيقية,5
92089000100,زمارات تقليد أصوات الطيور لإجتذابها,5
92089000900,"أرغن وطيور آلية مغردة, ومناشير موسيقية وأدوات موسيقية (غ. م.ك) أدوات نداء أخر تنفخ بالفم",5
92093000000,أوتار للادوات الموسيقية,5
92099100000,أجزاء ولوازم للبيانو,5
92099200000,أجزاء ولوازم الادوات الموسيقية الداخلة في البند 9202,5
92099400000,أجزاء ولوازم للأدوات الموسيقية الداخلة بالبند 9207,5
92099900000,أجزاء ولوازم للأدوات الموسيقية (غ.م.ك),5
93011000000,"اسلحة المدفعية كالمدافع و مدافع القذائف الهاوتزر"" و مدافع الهاون ""المورتر"")",5
93012000000,قاذفات الصواريخ قاذفات الهب قاذفات القنابل اليدوية قاذفات الطربيدات ....,5
93019000000,اسلحة حربية اخر عدا المسدسات النارية والاسلحة الداخلة بالبند 9307 (غ.م.ك),5
93020000000,مسدسات نارية عدا المذكورة في البند 9303 أو 9304,5
93031000000,أسلحة نارية تحشى من الفوهة,5
93032000100,بنادق وكربينات رياضية أخر للصيد متضمنة ماسورة واحدة ملساء على الأقل,5
93032000900,بنادق وكربينات رياضية أخر للرماية متضمنة ماسورة واحدة ملساء على الأقل,5
93033000100,بنادق وكربينات أخر للصيد,5
93033000900,بنادق وكربينات اخر للرماية الرياضية,5
93039000000,أسلحة نارية أخر وأجهزة مماثلة تعمل بإشعال شحنة متفجرة (غ.م.ك),5
93040000000,أسلحة أخر (مثل: البنادق والكربينات والمسدسات التي تعمل بضغط الهواء ... عدا أصناف البند 9307,5
93051000000,أجزاء ولوازم للمسدسات,5
93052000000,أجزاء ولوازم للبنادق أو الكربينات الداخلة في البند 93.03,5
93059100000,أجزاء ولوازم للأسلحة العسكرية الداخلة بالبند 9301 (غ.م.ك),5
93059900000,أجزاء ولوازم للأصناف الداخلة بالبنود من 9302 إلى 9304 (غ. م.ك),5
93062110000,خراطيش فارغة للبنادق والكربينات ذات المواسير الملساء,5
93062190000,"خراطيش للبنادق أو الكربينات ذات المواسير الملساء, عدا الفارغة منها",5
93062900000,أجزاء خراطيش البنادق أو الكربينات ذات المواسير الملساء : خردق (رش) للبنادق,5
93063010000,خراطيش آخر فارغة (غ. م.ك),5
93063030000,كرات رصاص لخراطيش الصيد (غ.م.ك),5
93063040000,"رأس الطلقة, (ع.م.ك)",5
93063090000,"خراطيش أخر (غ.م.ك), وأجزاؤها",5
93069000000,"قنابل و قنابل يدوية وطوربيدات ألغام قذائف وصواريخ وغيرها من الذخائر الحربية, وأجزاؤها",5
93070000000,"سيوف وخناجر وحراب ورماح وأسلحة بيضاء مماثلة, وأجزاؤها وأغمدتها وأغلفتها",5
94011000000,مقاعد من النوع المستعمل في الطائرات,25
94012010000,مقاعد من النوع المستعمل في السيارات المستورد من قبل المصانع المرخصة لتجميع وتصنيع المركبات كمدخلات انتاج,0
94012090000,مقاعد من النوع المستعمل في السيارات (غ.م.ك),25
94013100000,مقاعد دوارة قابلة لتعديل الإرتفاع من خشب,25
94013900000,مقاعد دوارة قابلة لتعديل الإرتفاع (غ.م.ك),25
94014100000,"مقاعد، عدا مقاعد الحدائق أو معدات المخيمات، قابلة للتحول إلى أسرة من خشب",25
94014900000,"مقاعد، عدا مقاعد الحدائق أو معدات المخيمات، قابلة للتحول إلى أسرة (غ. م.ك)",25
94015200000,مقاعد من بوص هندي (بامبو),25
94015300000,مقاعد من أسل هندي (روطان ),25
94015900000,مقاعد من خيزران أو صفصاف أو من مواد مماثلة (غ. م.ك),25
94016100000,مقاعد أخر بهياكل من خشب منجدة,25
94016900000,مقاعد أخر بهياكل من خشب عدا المنجدة,25
94017100000,"مقاعد أخر, بهياكل من معدن منجدة",25
94017900000,"مقاعد أخر, بهياكل من معدن, عدا المنجدة",25
94018010000,مقاعد للأطفال من الأنواع المخصصة لتركب على مقاعد السيارات,0
94018090000,مقاعد أخر (غ.م.ك),25
94019110000,"أجزاء من مقاعد أو أرائك (عدا ما يدخل منها في البند 94.02)، وإن كانت قابلة للتحول إلى أسرة من خشب المستورد من قبل مصانع الاثاث كمدخلات إنتاج",0
94019190000,"أجزاء من مقاعد أو أرائك (عدا ما يدخل منها في البند 94.02) ، وإن كانت قابلة للتحول إلى أسرة (ع.م.ك)",25
94019910000,"أجزاء مقاعد أو أرائك (عدا ما يدخل منها في البند 94.02) ، وإن كانت قابلة للتحول إلى أسرة المستورد من قبل مصانع الاثاث كمدخلات إنتاج (غ. م.ك)",0
94019990000,"أجزاء مقاعد أو أرائك ( عدا ما يدخل منها في البند 94.02)، وإن كانت قابلة للتحول إلى أسرة (غ.م.ك)",25
94021010000,كراسي بجهاز للتوجيه والرفع معا للحلاقة,5
94021090000,كراسي طب الأسنان وكراسي مماثلة (غ. م.ك) بجهاز توجيه ورفع معا,0
94029000000,"أثاث للطب أو الجراحة أو لطب الأسنان أو للطب البيطري, وأجزاؤها",0
94031000000,أثاث من معدن ( عدا المقاعد من النوع المستعمل في المكاتب,25
94032000100,كبائن معدنية فارغة لانظمة الاطفاء,25
94032000900,أثاث آخر من معدن (غ.م.ك),25
94033000000,أثاث (عدا المقاعد من خشب من النوع المستعمل في المكاتب,25
94034000000,أثاث (عدا المقاعد من خشب من النوع المستعمل في المطابخ,25
94035000000,أثاث (عدا المقاعد من خشب من النوع المستعمل في غرف النوم,25
94036000000,أثاث آخر ( عدا المقاعد من خشب,25
94037000000,أثاث (عدا المقاعد) من لدائن,25
94038200000,أثاث من بوص هندي (بامبو),25
94038300000,أثاث من أسل هندي (روطان),25
94038900000,"اثاث من خيزران أو صفصاف أو من مواد مماثلة اخر, (غ.م.ك)",25
94039110000,أجزاء من أثاث آخر من خشب المستورد من قبل مصانع الاثاث كمدخلات إنتاج,0
94039190000,أجزاء من أثاث آخر من خشب (غ. م.ك),25
94039910000,أجزاء من أثاث آخر المستورد من قبل مصانع الاثاث كمدخلات إنتاج,0
94039990000,أجزاء من أثاث آخر (غ.م.ك),25
94041010000,حوامل حشايا (فرش) المستورد من قبل المصانع كمدخلات انتاج,0
94041090000,حوامل حشايا (فرش) (غ.م.ك),25
94042100000,حشايا (فرش) من مطاط خلوي أو من لدائن خلوية,25
94042900000,"حشايا (فرش) من مواد أخر, عدا المصنوعة من المطاط الخلوي أو اللدائن الخلوية",25
94043000000,أكياس نوم,25
94044000000,لحف ولحف محشوة ومفارش أسرة مبطنة,25
94049000000,أصناف للأسرة وأصناف مماثلة ( مثل اللحف والوسائد والمساند والبوف ),25
94051100100,ثريات مصممة للاستعمال حصراً مع مصادر ضوء من الصمامات الثنائية الباعثة للضوء (LED),5
94051100900,مصممة للاستعمال حصراً مع مصادر ضوء من الصمامات الثنائية الباعثة للضوء (LED) (عدا الثريات),5
94051900100,"غيرها، ثريات تعمل بمصادر ضوء غير الصمامات الثنائية (LED)",5
94051900900,غيرها من أجهزة الانارة المثبته على الاسقف والجدران (عدا التي تعمل بالصمامات الثنائية LED),5
94052100000,أجهزة إنارة للطاولات أو المكاتب أو جوانب الأسرة وأجهزة ..... مصممة للاستعمال حصراً مع مصادر ضوء من الصمامات الثنائية الباعثة للضوء (LED),5
94052900000,أجهزة إنارة للطاولات أو المكاتب أو جوانب الأسرة وأجهزة إنارة بأعمدة ترتكز على الأرض للإنارة الداخلية (غ.م.ك),5
94053100000,سلاسل الإنارة من النوع المستعمل لشجرة عيد الميلاد مصممة للاستعمال حصراً مع مصادر ضوء من الصمامات الثنائية الباعثة للضوء (LED),5
94053900000,سلاسل الإنارة من النوع المستعمل لشجرة عيد الميلاد (غ. م.ك),5
94054100100,كشافات LED تحتوي على لطاشات,5
94054100900,غيرها من كشافات LED,5
94054200100,كشافات LED تحتوي على لطاشات,5
94054200900,غيرها من كشافات LED,5
94054910100,كشافات LED تحتوي على لطاشات,5
94054910900,غيرها من كشافات LED,5
94054920000,"وحدات ومستلزمات إنارة كهربائية أخر غيرها، أجهزة إضاءة بدون ظلال لغرف العمليات",5
94054930000,كشافات LED تحتوي على لطاشات,5
94054990000,وحدات ومستلزمات إنارة كهربائية أخر (غ. م.ك),5
94055010000,"مصابيح الكاز، من جميع الأنواع",5
94055090000,غيرها من أجهزة انارة غير كهربائية (غ. م.ك),5
94056100100,"إشارات مضيئة ولوحات إرشادية أو إعلانية مضيئة دالة على مخارج الطوارئ، وما يماثلها مصممة للاستعمال حصراً مع مصادر ضوء من الصمامات الثنائي",5
94056100900,"إشارات ولوحات إرشادية أو إعلانية مضيئة, وما يماثلها تحتوي على مصدر إضاءة مثبت بها بصورة دائمة (غم.ك)",5
94056900100,"إشارات مضيئة ولوحات إرشادية دالة على مخارج الطوارء، وما يماثلها غير التي تعمل بالصمامات الثنائية",5
94056900900,غيرها من الاشارات المضيئة واللوحات الارشادية والاعلانات المضيئة,5
94059110000,أجزاء لأصناف البند 9405 من زجاج المستوردة من قبل المصانع كمدخلات انتاج,0
94059190000,أجزاء لأصناف البند 9405 من زجاج (غ. م.ك),5
94059210000,أجزاء لأصناف البند 9405 من لدائن المستوردة من قبل المصانع كمدخلات انتاج,0
94059290000,أجزاء لأصناف البند 9405 من لدائن (غ. م.ك),25
94059910000,أجزاء لأصناف البند 9405 من مواد اخر المستوردة من قبل المصانع كمدخلات انتاج,0
94059990000,أجزاء لأصناف البند 9405 من من مواد اخر (غ. م.ك),5
94061000000,مباني مسبقة الصنع من مواد أخر (غ. م.ك) (من خشب),5
94062000000,وحدات بناء نمطية من صلب (فولاذ),5
94069010000,حمامات الفايبر جلاس المستورد من قبل المصانع المرخصة لتجميع حافلات الركاب (باصات),0
94069090000,مباني مسبقة الصنع من مواد أخر (غ. م.ك),5
95030010000,اجزاء الدمى المستوردة من قبل المصانع كمدخلات انتاج,0
95030090100,"نماذج الطائرات التي تعمل باللاسلكي, وملحقاتها",5
95030090200,ألعاب بشكل قطارات كهربائية بما فيها خطوطها وإشاراتها ولوازمها الأخر وسيارات تعمل بالريموت,5
95030090300,العاب اطفال بشكل مسدسات ترمى طلقات خرزية,5
95030090400,ألعاب الاطفال التي تحتوي على سكاكر,5
95030090900,"درجات ب 3 عجلات , ب 1 قدم ( سكوتر)... عربات دمی دمی لعب اخر نماذج مصغرة. لعب الغاز, (غم.ك)",5
95042000000,بلياردو ولوازمه من جميع الانواع,5
95043000000,ألعاب مجتمعات أخر تدار بنقود أو بقطعة بديلة لها او ببطاقات مصرفية او اصناف آخر,5
95044000000,ورق اللعب,5
95045000000,"اجهزة والات ألعاب الفيديو, عدا الداخلة في البند الفرعي 9504.30",5
95049000100,أدوات ومكائن لعب القمار,5
95049000900,ألعاب مجتمعات أخر (غ.م.ك),5
95051000000,أصناف احتفالات عيد الميلاد,5
95059000000,"أصناف للإحتفالات أو للمهرجانات أو لأنواع تسلية أخر, بما فيها ألعاب الحواة.. والمباغتة (غ.م.ك)",5
95061100000,زلاجات للثلج,5
95061200000,مثبتات لزلاجات الثلج,5
95061900000,معدات للتزلج على الثلج ( عدا مثبتات الزلاجات),5
95062100000,ألواح شراعية للرياضة المائية,5
95062900000,زلاجات للماء وألواح تزحلق على الأمواج ومعدات أخر للرياضة المائية ( عدا الألواح الشراعية),5
95063100000,عصي كاملة للجولف,5
95063200000,كرات الجولف,5
95063900000,"معدات جولف أخر, عدا العصي والكرات",5
95064000000,أصناف ومعدات لتنس الطاولة,5
95065100000,مضارب لتنس الملاعب بأوتار أو بدونها,5
95065900000,مضارب تنس الريشة و مضارب مماثلة ( عدا مضارب لتنس الملاعب بأوتار أو بدونها,5
95066100000,"كرات التنس, عدا كرات تنس الطاولة",5
95066200000,كرات قابلة للنفخ ( عدا كرات الجولف و كرات تنس الطاولة,5
95066900000,"كرات أخر ( عداكرات الجولف وكرات تنس الطاولة), (غ.م.ك)",5
95067000000,"قباقيب إنزلاق بعجلات أو زلاجات, بما فيها الأحذية المثبتة بها مثل هذه القباقيب",5
95069100000,أصناف ومعدات للرياضة البدنية والجمباز وألعاب القوى,5
95069910000,واقيات الركب كأصناف ومعدات لأنواع الرياضة أو ألعاب القوى (غ. م.ك),5
95069920000,اجزاء أصناف ومعدات أنواع رياضة أخر أو لألعاب بالهواء الطلق أحواض السباحة مستورد.. كمدخلات انتاج,5
95069990100,كرات ملونة تطلق من خلال قاذف (Paint ball),5
95069990900,أصناف ومعدات لأنواع رياضة أخر أو للألعاب في الهواء الطلق. (غ.م.ك) أحواض السباحة,5
95071000000,قصبات صيد الأسماك بالصنارة,5
95072000000,"صنانير صيد الأسماك, وإن كانت مثبتة بخيطها",5
95073000000,بكرات قصبات صيد الأسماك بالصنارة,5
95079000000,شبكات لصيد الأسماك والفراشات وشبكات مماثلة طيور مقلدة (طعم) .. ولوازم مماثلة للصيد أو الرماية,5
95081000000,سيرك متنقل ومجموعة حيوانات للعرض متنقلة,5
95082100000,قطار للملاهي,5
95082200000,دوامات وأراجيح دوارة وأراجيح,5
95082300000,سيارات الملاهي,5
95082400000,ألعاب محاكاة الحركة ومسارح متحركة,5
95082500000,ألعاب ركوب مائية,5
95082600000,ألعاب ملاهي مائية,5
95082900000,تجهيزات ركوب بالملاهي وألعاب ملاهي مائية (غ. م.ك),5
95083000000,ألعاب تسلية للملاهي,5
95084000000,مسارح متنقلة,5
96011000000,عاج مشغول ومصنوعات من عاج,5
96019000000,عظام وعظم ظهر السلحفاة وقرون وقرون مشعبة ومرجان ومواد حيوانية للنحت مشغولة ومصنوعاتها (غ.م.ك),5
96020010000,ألواح أو أقراص معدة لخلايا النحل من شمع,5
96020090000,مواد نباتية أو معدنية مشغولة ... مصنوعات مقولبة أو .. من شمع هلام غير مقسى...,5
96031000000,مكانس وفراجين مؤلفة من أغصان دقيقة أو من مواد نباتية أخر مجمعة حزما,25
96032100000,فراجين الأسنان,5
96032900000,فراجين للحلاقة او للشعر أو للأظافر أو للرموش وفراجين أخر لتجميل أو لزينة الأشخاص,5
96033000000,فراجين الفنانين فراجين للكتابة وفراجين مماثلة مما يستخدم لوضع مواد التطرية (كوزماتيك),5
96034000000,فراجين دهان أو طلاء أو ورنشة وما يماثلها ( عدا الداخلة في البند الفرعي 9603.30) ؛ وسيدات واسطوانات دهان,25
96035000000,فراجين أخر كأجزاء للآلات أو الأجهزة أو السيارات,5
96039020000,حزم وخصل محضرة لصناعة المكانس والفراجين,0
96039090000,مكانس وفراجين (غ.م.ك) مماسح أرضيات بنسج أو خيوط ومنافض من ريش مماسح من مواد مرنة (غ.م.ك),25
96040000000,مناخل يدوية وغرابيل يدوية,5
96050000000,مجموعات (أطقم) سفر للتجميل أو الزينة الشخصية أو للخياطة أو لتنظيف الأحذية أو الملابس,5
96061000000,أزرار كباسة,0
96062100000,أزرار من لدائن غير مغطاة بمواد نسجية,0
96062200000,أزرار من معادن عادية غير مغطاة بمواد نسجية,0
96062900000,أزرار أخر. (غ. م.ك),0
96063000000,قوالب أزرار وأجزاء أزرار أخر أزرار غير تامة الصنع,0
96071100000,حابكات منزلقة مزودة بأسنان من معادن عادية,0
96071900000,حابكات منزلقة (غ.م.ك),0
96072000000,أجزاء حابكات منزلقة ( مسننة أو غير مسننة),0
96081000000,أقلام حبر جاف,5
96082000000,أقلام وأقلام تأشير برؤوس من لباد أو بغيرها من رؤوس مسامية,5
96083000100,أقلام حبر سائل بانواعها,5
96083000900,أقلام حبر سائل بانواعها,5
96084000000,أقلام رصاص بخزان,5
96085000000,مجموعات (أطقم) مؤلفة من أصناف داخلة في بندين فرعيين أو أكثر من البنود الفرعية السابقة,5
96086000000,"عبوات غيار (خراطيش لأقلام الحبر الجاف, مزودة برؤوسها",5
96089100000,ريش كتابة ورؤوس ريش كتابة,5
96089910000,أجزاء أقلام الحبر الجاف المستوردة من قبل المصانع كمدخلات انتاج,0
96089990000,أقلام حبر للنسخ وماسكات ريش كتابة أو أقلام رصاص وأصناف مماثلة أجزاء أصناف البند 9608 (غ.م.ك),5
96091010000,الصفائح الخشبية المحشوة بالرصاص لصناعة أقلام الرصاص المستوردة من قبل المصانع كمدخلات انتاج,0
96091090000,أقلام رصاص وأقلام تلوين برصاص محاط بغلاف صلب (غ. م.ك),25
96092000000,رصاص أقلام أسود أو ملون,5
96099000100,أقلام تلوين,25
96099000900,أقلام فحم طباشير للكتابة أو الرسم وطباشير الخياطين,25
96100000000,ألواح أردواز وألواح أخر للكتابة أو الرسم وإن كانت بأطر,5
96110000000,"أختام باصمة وأختام مؤرخة أو مرقمة و أصناف مماثلة (غ. م.ك), وصفافات حروف ومجموعات طباعة يدوية",5
96121000000,"أشرطة للآلات الكاتبة وأشرطة مماثلة, محبرة أو مهيأة بطريقة أخرى للطبع",0
96122000000,محبرات أختام مشربة أو غير مشربة,0
96131000000,قداحات جيب تشعل بالغاز غير قابلة لإعادة التعبئة,5
96132010000,قداحات جيب تشعل بالغاز قابلة لإعادة التعبئة ذات خزانات غاز بلاستيكية,5
96132090000,قداحات جيب تشعل بالغاز قابلة لإعادة التعبئة (غ.م.ك),5
96138000000,"قداحات أخر, (غ.م.ك)",5
96139000000,"أجزاء القداحات ( عدا أحجار القدح والفتائل), (غ. م.ك)",5
96140000000,"غلايين التدخين بما فيها رؤوسها و مباسم سيجار أو سجائر, وأجزاؤها",25
96151100000,"أمشاط ومثبتات شعر وأصناف مماثلة من مطاط مقسى أو من لدائن, عدا الداخلة في البند 8516",5
96151900000,أمشاط ومثبتات شعر وأصناف مماثلة (غ.م.ك),5
96159000000,دبابيس شعر ملاقط ومشابك ولفافات لتجعيد الشعر وأصناف مماثلة (غ. م.ك) أجزاء أصناف البند 9615,5
96161010000,نافثات عطور ونافثات مماثلة لمواد التجميل ورؤوسها وتركيباتها المستوردة للمصانع كمدخلات انتاج,0
96161090000,نافثات عطور ونافثات مماثلة لمواد التجميل ورؤوسها وتركيباتها (غ.م.ك),5
96162000000,ذاريات مساحيق أو وسيدات لوضع مواد التجميل أو محضرات التطرية,5
96170000000,أوعية عازلة للحرارة كاملة مع اغلفتها. تم عزلها بتفريغ الهواء وأجزاؤها ( عدا الزجاجات الداخلية),5
96180000000,نماذج أجسام للخياطين... أشكال بحركة ذاتية للعرض والاعلان وغيرها من مشاهد متحركة لواجهات العرض,5
96190010000,حفاظات للمسنين والحالات مرضية خاصة من جميع المواد,0
96190090000,مناشف وواقيات صحية وحفاظات وبطانات حفاظات وفوط مبطنة للاطفال واصناف.. من جميع المواد (غ. م.ك),15
96200000000,"مناصب ( حوامل ) أحادية ، ثنائية ، ثلاثية القوائم والأصناف المماثلة من لوازم الكاميرات",5
97012100000,لوحات وصور ورسوم يتجاوز عمرها مائة عام,5
97012200000,فسيفساء يتجاوز عمرها مائة عام,5
97012900000,"لوحات وصور ورسوم مرسومة كلياً باليد، عدا الرسوم الداخلة في البند 49.06 وعدا الأصناف المصنعة.. يتجاوز عمرها مائة عام (غ. م.ك)",5
97019100000,لوحات وصور ورسوم (غ.م.ك),5
97019200000,فسيفساء (غ.م.ك),5
97019900000,"لوحات وصور ورسوم مرسومة كلياً باليد، عدا الرسوم الداخلة في البند 49.06 وعدا الأصناف المصنعة المرسومة أو المزخرفة يدوياً .. (غ. م.ك)",5
97021000000,"صور أصلية، محفورة (جرافير) أو مطبوعة بالضغط أو مطبوعة بالحجر (ليتوغرافيا) يتجاوز عمرها مائة عام",5
97029000000,"صور أصلية، محفورة (جرافير) أو مطبوعة بالضغط أو مطبوعة بالحجر (ليتوغرافيا) (غ.م.ك)",5
97031000000,"تماثيل ومنحوتات أصلية، من جميع المواد يتجاوز عمرها مائة عام",5
97039000000,"تماثيل ومنحوتات أصلية، من جميع المواد (غ.م.ك)",5
97040000000,طوابع بريدية وطوابع مالية وعلامات بريدية وظروف اليوم الأول وأصناف مراسلة .. مبطل أو غير مبطل....,5
97051010000,"مجموعات وقطع لمجموعات علم الآثار أو السلالات أو التاريخ المستورد لغايات علمية أو تشريحية، أو للمتاحف",5
97051090000,مجموعات وقطع لمجموعات علم الآثار أو السلالات أو التاريخ (غ.م.ك),5
97052100000,عينات بشرية وأجزاؤها,0
97052210000,"سلالات منقرضة أو مهددة بالانقراض وأجزاؤها المستورد لغايات علمية أو تشريحية، أو للمتاحف",5
97052290000,سلالات منقرضة أو مهددة بالانقراض وأجزاؤها (ع.م.ك),5
97052910000,"مجموعات وقطع المجموعات الحيوان أو النبات أو المعادن أو التشريح أو ... (المتحجرات) المستورد لغايات علمية أو تشريحية، أو للمتاحف (غ. م.ك)",5
97052990000,مجموعات وقطع لمجموعات الحيوان أو النبات أو المعادن أو التشريح أو الحفريات (المتحجرات) (غ.م.ك),5
97053110000,مجموعات وقطع لمجموعات علم المسكوكات يتجاوز عمرها مائة المستورد لغايات علمية أو للمتاحف,5
97053190000,مجموعات وقطع لمجموعات علم المسكوكات يتجاوز عمرها مائة عام (غ.م.ك),5
97053910000,مجموعات وقطع لمجموعات علم المسكوكات (غ.م.ك),5
97053990000,مجموعات وقطع المجموعات علم المسكوكات (غ.م.ك),5
97061010000,الكتب الأثرية يتجاوز عمرها مئتان وخمسون عاماً,0
97061090100,اسلحة تراثية يتجاوز عمرها مئتان وخمسون عاماً,5
97061090900,قطع أثرية يتجاوز عمرها مائتين وخمسون عام,5
97069010000,الكتب الأثرية يتجاوز عمرها مائة عام (غ.م.ك),0
97069090100,اسلحة تراثية اخر,5
97069090900,قطع أثرية يتجاوز عمرها مائة عام (غ.م.ك),5
98080000100,أجهزة السلامة العامة وأجهزة حفظ البيئة والمركبة على وسائط نقل ذات سعة محرك 1600سم 3 فما دون,0
98080000900,أجهزة السلامة العامة . المذكورة بتعميم دائرة 344/2007 التي ترد مركبة على حافلات سعة راكب 31 فما فوق,0
98130000000,الماس المركب على الحلي,0
98140010000,الديوان الملكي العامر / مستوردات جلالة الملك المعظم,0
98140020000,مستوردات القوات المسلحة الأردنية,0
98140030000,مستوردات دائرة المخابرات العامة,0
98140040000,"مستوردات مديرية الأمن العام ، مديرية الدرك ، مديرية الدفاع المدني",0
98900000000,غيرها للاستخدام خاص,0
